{
    "file_name": "question_309_variants.json",
    "overall_posix": 26.586382914150064,
    "detailed_scores": [
        {
            "Variation 1": 56.41304556528727,
            "Variation 2": 56.41304556528727,
            "Variation 3": 0.0,
            "Variation 4": 5.290689554214477,
            "Variation 5": 56.41304556528727,
            "Variation 6": 0.6296829244364863,
            "Variation 7": 30.696956062316893,
            "Variation 8": 5.649950647354126,
            "Variation 9": 56.41304556528727,
            "Variation 10": 56.41304556528727
        }
    ],
    "trace": {
        "prompts": [
            "Has the radiologist identified any masses or nodules in the lungs? Please choose from the following two options: [yes, no]\n<image>"
        ],
        "responses": [
            [
                "No, the radiologist has not identified any masses or nodules in the lungs.",
                "Yes",
                "Yes",
                "No, the radiologist has not identified any masses or nodules in the lungs.",
                "Based on the image provided, it is not possible for me to identify any masses or nodules in the lungs. The image is a black and white X-ray of a chest, and without additional context or a clearer image, it is not",
                "Yes",
                "Based on the image provided, it appears that there is a mass or nodule visible in the lung.",
                "[no]",
                "Based on the image provided, it is not possible for me to identify any masses or nodules in the lungs. The image appears to be a medical X-ray, but the resolution and quality of the image are not sufficient to make a definitive",
                "Yes",
                "Yes"
            ]
        ],
        "logprob_matrices": [
            [
                [
                    -197.90018796920776,
                    -28.661051273345947,
                    -28.661051273345947,
                    -197.90018796920776,
                    -462.43466567993164,
                    -28.661051273345947,
                    -212.38289523124695,
                    -44.41540765762329,
                    -480.39772033691406,
                    -28.661051273345947,
                    -28.661051273345947
                ],
                [
                    -197.25630497932434,
                    -32.8505334854126,
                    -32.8505334854126,
                    -197.25630497932434,
                    -442.84744691848755,
                    -32.8505334854126,
                    -221.1915431022644,
                    -50.17971420288086,
                    -478.57094049453735,
                    -32.8505334854126,
                    -32.8505334854126
                ],
                [
                    -185.6652569770813,
                    -32.451619148254395,
                    -32.451619148254395,
                    -185.6652569770813,
                    -460.5378313064575,
                    -32.451619148254395,
                    -205.1518679857254,
                    -45.00023365020752,
                    -472.15981245040894,
                    -32.451619148254395,
                    -32.451619148254395
                ],
                [
                    -197.25630497932434,
                    -32.8505334854126,
                    -32.8505334854126,
                    -197.25630497932434,
                    -442.84744691848755,
                    -32.8505334854126,
                    -221.1915431022644,
                    -50.17971420288086,
                    -478.57094049453735,
                    -32.8505334854126,
                    -32.8505334854126
                ],
                [
                    -199.4066526889801,
                    -38.181580543518066,
                    -38.181580543518066,
                    -199.4066526889801,
                    -461.43835854530334,
                    -38.181580543518066,
                    -208.88992846012115,
                    -50.56952977180481,
                    -470.97284030914307,
                    -38.181580543518066,
                    -38.181580543518066
                ],
                [
                    -189.70131134986877,
                    -32.015950441360474,
                    -32.015950441360474,
                    -189.70131134986877,
                    -472.9934961795807,
                    -32.015950441360474,
                    -218.58863294124603,
                    -49.54856538772583,
                    -495.4502012729645,
                    -32.015950441360474,
                    -32.015950441360474
                ],
                [
                    -199.4066526889801,
                    -38.181580543518066,
                    -38.181580543518066,
                    -199.4066526889801,
                    -461.43835854530334,
                    -38.181580543518066,
                    -208.88992846012115,
                    -50.56952977180481,
                    -470.97284030914307,
                    -38.181580543518066,
                    -38.181580543518066
                ],
                [
                    -199.4066526889801,
                    -38.181580543518066,
                    -38.181580543518066,
                    -199.4066526889801,
                    -461.43835854530334,
                    -38.181580543518066,
                    -208.88992846012115,
                    -50.56952977180481,
                    -470.97284030914307,
                    -38.181580543518066,
                    -38.181580543518066
                ],
                [
                    -199.4066526889801,
                    -38.181580543518066,
                    -38.181580543518066,
                    -199.4066526889801,
                    -461.43835854530334,
                    -38.181580543518066,
                    -208.88992846012115,
                    -50.56952977180481,
                    -470.97284030914307,
                    -38.181580543518066,
                    -38.181580543518066
                ],
                [
                    -197.25630497932434,
                    -32.8505334854126,
                    -32.8505334854126,
                    -197.25630497932434,
                    -442.84744691848755,
                    -32.8505334854126,
                    -221.1915431022644,
                    -50.17971420288086,
                    -478.57094049453735,
                    -32.8505334854126,
                    -32.8505334854126
                ],
                [
                    -199.4066526889801,
                    -38.181580543518066,
                    -38.181580543518066,
                    -199.4066526889801,
                    -461.43835854530334,
                    -38.181580543518066,
                    -208.88992846012115,
                    -50.56952977180481,
                    -470.97284030914307,
                    -38.181580543518066,
                    -38.181580543518066
                ]
            ]
        ],
        "prompt_sensitivities": [
            26.586382914150064
        ],
        "posix": 26.586382914150064
    }
}