{
    "file_name": "question_79_variants.json",
    "overall_posix": 30.579295113521276,
    "detailed_scores": [
        {
            "Variation 1": 0.0,
            "Variation 2": 129.02258984247842,
            "Variation 3": 6.763058524865371,
            "Variation 4": 129.02258984247842,
            "Variation 5": 129.41428391138712,
            "Variation 6": 129.02258984247842,
            "Variation 7": 7.309932889938355,
            "Variation 8": 129.02258984247842,
            "Variation 9": 0.7661094324929374,
            "Variation 10": 129.02258984247842
        }
    ],
    "trace": {
        "prompts": [
            "Are there any noteworthy findings in the bones or soft tissues in the chest X-ray? Please choose from the following two options: [yes, no]\n<image>"
        ],
        "responses": [
            [
                "No, there are no noteworthy findings in the bones or soft tissues in the chest X-ray. The image appears to be of normal quality and does not show any abnormalities or pathologies.",
                "No, there are no noteworthy findings in the bones or soft tissues in the chest X-ray. The image appears to be of normal quality and does not show any abnormalities or pathologies.",
                "Yes",
                "No, there are no noteworthy findings in the bones or soft tissues in the chest X-ray.",
                "Yes",
                "No",
                "Yes",
                "Yes, there are noteworthy findings in the bones or soft tissues in the chest X-ray.",
                "Yes",
                "No, there are no noteworthy findings in the bones or soft tissues in the chest X-ray. The image shows a normal chest X-ray with no abnormalities visible.",
                "Yes"
            ]
        ],
        "logprob_matrices": [
            [
                [
                    -418.13027334213257,
                    -418.13027334213257,
                    -31.062503814697266,
                    -242.29075169563293,
                    -31.062503814697266,
                    -29.88742160797119,
                    -31.062503814697266,
                    -235.3819510936737,
                    -31.062503814697266,
                    -385.9536771774292,
                    -31.062503814697266
                ],
                [
                    -425.0180196762085,
                    -425.0180196762085,
                    -31.82877492904663,
                    -229.28853106498718,
                    -31.82877492904663,
                    -30.236002445220947,
                    -31.82877492904663,
                    -222.904061794281,
                    -31.82877492904663,
                    -375.55170953273773,
                    -31.82877492904663
                ],
                [
                    -436.7077260017395,
                    -436.7077260017395,
                    -30.248817682266235,
                    -233.98013305664062,
                    -30.248817682266235,
                    -28.185633897781372,
                    -30.248817682266235,
                    -232.43669629096985,
                    -30.248817682266235,
                    -372.6984987258911,
                    -30.248817682266235
                ],
                [
                    -425.0180196762085,
                    -425.0180196762085,
                    -31.82877492904663,
                    -229.28853106498718,
                    -31.82877492904663,
                    -30.236002445220947,
                    -31.82877492904663,
                    -222.904061794281,
                    -31.82877492904663,
                    -375.55170953273773,
                    -31.82877492904663
                ],
                [
                    -436.7077260017395,
                    -436.7077260017395,
                    -30.248817682266235,
                    -233.98013305664062,
                    -30.248817682266235,
                    -28.185633897781372,
                    -30.248817682266235,
                    -232.43669629096985,
                    -30.248817682266235,
                    -372.6984987258911,
                    -30.248817682266235
                ],
                [
                    -447.46990275382996,
                    -447.46990275382996,
                    -26.767992854118347,
                    -250.55083513259888,
                    -26.767992854118347,
                    -23.54397189617157,
                    -26.767992854118347,
                    -241.58596539497375,
                    -26.767992854118347,
                    -397.6713545322418,
                    -26.767992854118347
                ],
                [
                    -469.63087248802185,
                    -469.63087248802185,
                    -29.62173080444336,
                    -260.9998462200165,
                    -29.62173080444336,
                    -27.786017417907715,
                    -29.62173080444336,
                    -236.03418731689453,
                    -29.62173080444336,
                    -423.97799277305603,
                    -29.62173080444336
                ],
                [
                    -425.0180196762085,
                    -425.0180196762085,
                    -31.82877492904663,
                    -229.28853106498718,
                    -31.82877492904663,
                    -30.236002445220947,
                    -31.82877492904663,
                    -222.904061794281,
                    -31.82877492904663,
                    -375.55170953273773,
                    -31.82877492904663
                ],
                [
                    -425.0180196762085,
                    -425.0180196762085,
                    -31.82877492904663,
                    -229.28853106498718,
                    -31.82877492904663,
                    -30.236002445220947,
                    -31.82877492904663,
                    -222.904061794281,
                    -31.82877492904663,
                    -375.55170953273773,
                    -31.82877492904663
                ],
                [
                    -443.98471117019653,
                    -443.98471117019653,
                    -30.714082717895508,
                    -231.75756740570068,
                    -30.714082717895508,
                    -27.79224681854248,
                    -30.714082717895508,
                    -219.41810035705566,
                    -30.714082717895508,
                    -374.9554274082184,
                    -30.714082717895508
                ],
                [
                    -425.0180196762085,
                    -425.0180196762085,
                    -31.82877492904663,
                    -229.28853106498718,
                    -31.82877492904663,
                    -30.236002445220947,
                    -31.82877492904663,
                    -222.904061794281,
                    -31.82877492904663,
                    -375.55170953273773,
                    -31.82877492904663
                ]
            ]
        ],
        "prompt_sensitivities": [
            30.579295113521276
        ],
        "posix": 30.579295113521276
    }
}