{
    "file_name": "question_230_variants.json",
    "overall_posix": 14.970565924800354,
    "detailed_scores": [
        {
            "Variation 1": 65.1969473361969,
            "Variation 2": 0.4183312809985617,
            "Variation 3": 65.1969473361969,
            "Variation 4": 0.4183312809985617,
            "Variation 5": 0.4183312809985617,
            "Variation 6": 0.4183312809985617,
            "Variation 7": 65.1969473361969,
            "Variation 8": 0.4183312809985617,
            "Variation 9": 0.4183312809985617,
            "Variation 10": 0.4183312809985617
        }
    ],
    "trace": {
        "prompts": [
            "Is there evidence of pneumothorax on the patient's chest X-ray? Please choose from the following two options: [yes, no]\n<image>"
        ],
        "responses": [
            [
                "No, there is no evidence of pneumothorax on the patient's chest X-ray.",
                "Yes",
                "Yes, there is evidence of pneumothorax on the patient's chest X-ray.",
                "Yes",
                "Yes, there is evidence of pneumothorax on the patient's chest X-ray.",
                "Yes, there is evidence of pneumothorax on the patient's chest X-ray.",
                "Yes, there is evidence of pneumothorax on the patient's chest X-ray.",
                "Yes",
                "Yes, there is evidence of pneumothorax on the patient's chest X-ray.",
                "Yes, there is evidence of pneumothorax on the patient's chest X-ray.",
                "Yes, there is evidence of pneumothorax on the patient's chest X-ray."
            ]
        ],
        "logprob_matrices": [
            [
                [
                    -220.87739729881287,
                    -25.286555290222168,
                    -211.25577783584595,
                    -25.286555290222168,
                    -211.25577783584595,
                    -211.25577783584595,
                    -211.25577783584595,
                    -25.286555290222168,
                    -211.25577783584595,
                    -211.25577783584595,
                    -211.25577783584595
                ],
                [
                    -208.98918771743774,
                    -27.17179012298584,
                    -201.40587639808655,
                    -27.17179012298584,
                    -201.40587639808655,
                    -201.40587639808655,
                    -201.40587639808655,
                    -27.17179012298584,
                    -201.40587639808655,
                    -201.40587639808655,
                    -201.40587639808655
                ],
                [
                    -226.37876415252686,
                    -24.03741228580475,
                    -217.97968173027039,
                    -24.03741228580475,
                    -217.97968173027039,
                    -217.97968173027039,
                    -217.97968173027039,
                    -24.03741228580475,
                    -217.97968173027039,
                    -217.97968173027039,
                    -217.97968173027039
                ],
                [
                    -226.37876415252686,
                    -24.03741228580475,
                    -217.97968173027039,
                    -24.03741228580475,
                    -217.97968173027039,
                    -217.97968173027039,
                    -217.97968173027039,
                    -24.03741228580475,
                    -217.97968173027039,
                    -217.97968173027039,
                    -217.97968173027039
                ],
                [
                    -229.02514910697937,
                    -31.391830921173096,
                    -204.88732290267944,
                    -31.391830921173096,
                    -204.88732290267944,
                    -204.88732290267944,
                    -204.88732290267944,
                    -31.391830921173096,
                    -204.88732290267944,
                    -204.88732290267944,
                    -204.88732290267944
                ],
                [
                    -227.62155628204346,
                    -27.165056228637695,
                    -219.51035118103027,
                    -27.165056228637695,
                    -219.51035118103027,
                    -219.51035118103027,
                    -219.51035118103027,
                    -27.165056228637695,
                    -219.51035118103027,
                    -219.51035118103027,
                    -219.51035118103027
                ],
                [
                    -229.02514910697937,
                    -31.391830921173096,
                    -204.88732290267944,
                    -31.391830921173096,
                    -204.88732290267944,
                    -204.88732290267944,
                    -204.88732290267944,
                    -31.391830921173096,
                    -204.88732290267944,
                    -204.88732290267944,
                    -204.88732290267944
                ],
                [
                    -208.98918771743774,
                    -27.17179012298584,
                    -201.40587639808655,
                    -27.17179012298584,
                    -201.40587639808655,
                    -201.40587639808655,
                    -201.40587639808655,
                    -27.17179012298584,
                    -201.40587639808655,
                    -201.40587639808655,
                    -201.40587639808655
                ],
                [
                    -208.98918771743774,
                    -27.17179012298584,
                    -201.40587639808655,
                    -27.17179012298584,
                    -201.40587639808655,
                    -201.40587639808655,
                    -201.40587639808655,
                    -27.17179012298584,
                    -201.40587639808655,
                    -201.40587639808655,
                    -201.40587639808655
                ],
                [
                    -229.02514910697937,
                    -31.391830921173096,
                    -204.88732290267944,
                    -31.391830921173096,
                    -204.88732290267944,
                    -204.88732290267944,
                    -204.88732290267944,
                    -31.391830921173096,
                    -204.88732290267944,
                    -204.88732290267944,
                    -204.88732290267944
                ],
                [
                    -208.98918771743774,
                    -27.17179012298584,
                    -201.40587639808655,
                    -27.17179012298584,
                    -201.40587639808655,
                    -201.40587639808655,
                    -201.40587639808655,
                    -27.17179012298584,
                    -201.40587639808655,
                    -201.40587639808655,
                    -201.40587639808655
                ]
            ]
        ],
        "prompt_sensitivities": [
            14.970565924800354
        ],
        "posix": 14.970565924800354
    }
}