{
    "file_name": "question_352_variants.json",
    "overall_posix": 22.264112454879584,
    "detailed_scores": [
        {
            "Variation 1": 13.619673336253447,
            "Variation 2": 13.619673336253447,
            "Variation 3": 119.92578585942586,
            "Variation 4": 0.05609714984893799,
            "Variation 5": 2.420003717595881,
            "Variation 6": 119.92578585942586,
            "Variation 7": 120.03304719924927,
            "Variation 8": 119.92578585942586,
            "Variation 9": 13.619673336253447,
            "Variation 10": 13.619673336253447
        }
    ],
    "trace": {
        "prompts": [
            "Is there evidence of lung consolidation on the X-ray? Please choose from the following two options: [yes, no]\n<image>"
        ],
        "responses": [
            [
                "No, there is no evidence of lung consolidation on the X-ray. The X-ray appears to show a normal chest with no signs of consolidation or other abnormalities.",
                "Yes, there is evidence of lung consolidation on the X-ray.",
                "Yes, there is evidence of lung consolidation on the X-ray.",
                "Yes",
                "No, there is no evidence of lung consolidation on the X-ray. The image shows a normal chest X-ray with the lungs appearing clear and without any signs of consolidation.",
                "No, there is no evidence of lung consolidation on the X-ray. The image shows a normal chest X-ray with the lungs appearing clear.",
                "Yes",
                "No",
                "Yes",
                "Yes, there is evidence of lung consolidation on the X-ray.",
                "Yes, there is evidence of lung consolidation on the X-ray."
            ]
        ],
        "logprob_matrices": [
            [
                [
                    -392.61677050590515,
                    -161.08232378959656,
                    -161.08232378959656,
                    -32.83941292762756,
                    -394.86065649986267,
                    -312.7566478252411,
                    -32.83941292762756,
                    -32.51762890815735,
                    -32.83941292762756,
                    -161.08232378959656,
                    -161.08232378959656
                ],
                [
                    -387.3296481370926,
                    -161.66874814033508,
                    -161.66874814033508,
                    -32.86733436584473,
                    -377.9499260187149,
                    -309.84715950489044,
                    -32.86733436584473,
                    -31.32754898071289,
                    -32.86733436584473,
                    -161.66874814033508,
                    -161.66874814033508
                ],
                [
                    -390.5598850250244,
                    -156.15113651752472,
                    -156.15113651752472,
                    -30.41392183303833,
                    -376.1426146030426,
                    -308.42958521842957,
                    -30.41392183303833,
                    -29.277676105499268,
                    -30.41392183303833,
                    -156.15113651752472,
                    -156.15113651752472
                ],
                [
                    -390.5598850250244,
                    -156.15113651752472,
                    -156.15113651752472,
                    -30.41392183303833,
                    -376.1426146030426,
                    -308.42958521842957,
                    -30.41392183303833,
                    -29.277676105499268,
                    -30.41392183303833,
                    -156.15113651752472,
                    -156.15113651752472
                ],
                [
                    -387.3296481370926,
                    -161.66874814033508,
                    -161.66874814033508,
                    -32.86733436584473,
                    -377.9499260187149,
                    -309.84715950489044,
                    -32.86733436584473,
                    -31.32754898071289,
                    -32.86733436584473,
                    -161.66874814033508,
                    -161.66874814033508
                ],
                [
                    -378.2664268016815,
                    -160.81285619735718,
                    -160.81285619735718,
                    -29.94987201690674,
                    -376.23638916015625,
                    -315.41277289390564,
                    -29.94987201690674,
                    -28.85142707824707,
                    -29.94987201690674,
                    -160.81285619735718,
                    -160.81285619735718
                ],
                [
                    -410.4905683994293,
                    -167.45273208618164,
                    -167.45273208618164,
                    -30.352112770080566,
                    -401.73793721199036,
                    -327.78794026374817,
                    -30.352112770080566,
                    -28.912610054016113,
                    -30.352112770080566,
                    -167.45273208618164,
                    -167.45273208618164
                ],
                [
                    -410.30917620658875,
                    -149.2856686115265,
                    -149.2856686115265,
                    -29.908576726913452,
                    -393.72923588752747,
                    -320.35386192798615,
                    -29.908576726913452,
                    -28.47448706626892,
                    -29.908576726913452,
                    -149.2856686115265,
                    -149.2856686115265
                ],
                [
                    -387.3296481370926,
                    -161.66874814033508,
                    -161.66874814033508,
                    -32.86733436584473,
                    -377.9499260187149,
                    -309.84715950489044,
                    -32.86733436584473,
                    -31.32754898071289,
                    -32.86733436584473,
                    -161.66874814033508,
                    -161.66874814033508
                ],
                [
                    -387.3296481370926,
                    -161.66874814033508,
                    -161.66874814033508,
                    -32.86733436584473,
                    -377.9499260187149,
                    -309.84715950489044,
                    -32.86733436584473,
                    -31.32754898071289,
                    -32.86733436584473,
                    -161.66874814033508,
                    -161.66874814033508
                ],
                [
                    -387.3296481370926,
                    -161.66874814033508,
                    -161.66874814033508,
                    -32.86733436584473,
                    -377.9499260187149,
                    -309.84715950489044,
                    -32.86733436584473,
                    -31.32754898071289,
                    -32.86733436584473,
                    -161.66874814033508,
                    -161.66874814033508
                ]
            ]
        ],
        "prompt_sensitivities": [
            22.264112454879584
        ],
        "posix": 22.264112454879584
    }
}