{
    "file_name": "question_235_variants.json",
    "overall_posix": 5.638369085752603,
    "detailed_scores": [
        {
            "Variation 1": 52.69457666079203,
            "Variation 2": 53.428520600001015,
            "Variation 3": 52.69457666079203,
            "Variation 4": 52.69457666079203,
            "Variation 5": 52.69457666079203,
            "Variation 6": 52.69457666079203,
            "Variation 7": 53.428520600001015,
            "Variation 8": 52.69457666079203,
            "Variation 9": 52.69457666079203,
            "Variation 10": 52.69457666079203
        }
    ],
    "trace": {
        "prompts": [
            "Is there a device present within the right chest on the X-ray image? Please choose from the following two options: [yes, no]\n<image>"
        ],
        "responses": [
            [
                "No, there is no device present within the right chest on the X-ray image.",
                "Yes",
                "No",
                "Yes",
                "Yes",
                "Yes",
                "Yes",
                "No",
                "Yes",
                "Yes",
                "Yes"
            ]
        ],
        "logprob_matrices": [
            [
                [
                    -187.49403071403503,
                    -29.410300731658936,
                    -27.208468914031982,
                    -29.410300731658936,
                    -29.410300731658936,
                    -29.410300731658936,
                    -29.410300731658936,
                    -27.208468914031982,
                    -29.410300731658936,
                    -29.410300731658936,
                    -29.410300731658936
                ],
                [
                    -160.29560446739197,
                    -32.67423725128174,
                    -30.752371788024902,
                    -32.67423725128174,
                    -32.67423725128174,
                    -32.67423725128174,
                    -32.67423725128174,
                    -30.752371788024902,
                    -32.67423725128174,
                    -32.67423725128174,
                    -32.67423725128174
                ],
                [
                    -175.68868112564087,
                    -24.843035459518433,
                    -22.982033491134644,
                    -24.843035459518433,
                    -24.843035459518433,
                    -24.843035459518433,
                    -24.843035459518433,
                    -22.982033491134644,
                    -24.843035459518433,
                    -24.843035459518433,
                    -24.843035459518433
                ],
                [
                    -160.29560446739197,
                    -32.67423725128174,
                    -30.752371788024902,
                    -32.67423725128174,
                    -32.67423725128174,
                    -32.67423725128174,
                    -32.67423725128174,
                    -30.752371788024902,
                    -32.67423725128174,
                    -32.67423725128174,
                    -32.67423725128174
                ],
                [
                    -175.75879526138306,
                    -28.781697750091553,
                    -27.073642253875732,
                    -28.781697750091553,
                    -28.781697750091553,
                    -28.781697750091553,
                    -28.781697750091553,
                    -27.073642253875732,
                    -28.781697750091553,
                    -28.781697750091553,
                    -28.781697750091553
                ],
                [
                    -189.50470888614655,
                    -29.851096630096436,
                    -27.67876672744751,
                    -29.851096630096436,
                    -29.851096630096436,
                    -29.851096630096436,
                    -29.851096630096436,
                    -27.67876672744751,
                    -29.851096630096436,
                    -29.851096630096436,
                    -29.851096630096436
                ],
                [
                    -175.75879526138306,
                    -28.781697750091553,
                    -27.073642253875732,
                    -28.781697750091553,
                    -28.781697750091553,
                    -28.781697750091553,
                    -28.781697750091553,
                    -27.073642253875732,
                    -28.781697750091553,
                    -28.781697750091553,
                    -28.781697750091553
                ],
                [
                    -160.29560446739197,
                    -32.67423725128174,
                    -30.752371788024902,
                    -32.67423725128174,
                    -32.67423725128174,
                    -32.67423725128174,
                    -32.67423725128174,
                    -30.752371788024902,
                    -32.67423725128174,
                    -32.67423725128174,
                    -32.67423725128174
                ],
                [
                    -189.50470888614655,
                    -29.851096630096436,
                    -27.67876672744751,
                    -29.851096630096436,
                    -29.851096630096436,
                    -29.851096630096436,
                    -29.851096630096436,
                    -27.67876672744751,
                    -29.851096630096436,
                    -29.851096630096436,
                    -29.851096630096436
                ],
                [
                    -175.68868112564087,
                    -24.843035459518433,
                    -22.982033491134644,
                    -24.843035459518433,
                    -24.843035459518433,
                    -24.843035459518433,
                    -24.843035459518433,
                    -22.982033491134644,
                    -24.843035459518433,
                    -24.843035459518433,
                    -24.843035459518433
                ],
                [
                    -160.29560446739197,
                    -32.67423725128174,
                    -30.752371788024902,
                    -32.67423725128174,
                    -32.67423725128174,
                    -32.67423725128174,
                    -32.67423725128174,
                    -30.752371788024902,
                    -32.67423725128174,
                    -32.67423725128174,
                    -32.67423725128174
                ]
            ]
        ],
        "prompt_sensitivities": [
            5.638369085752603
        ],
        "posix": 5.638369085752603
    }
}