{
    "file_name": "question_6_variants.json",
    "overall_posix": 22.186116930990522,
    "detailed_scores": [
        {
            "Variation 1": 7.535294543141904,
            "Variation 2": 7.535294543141904,
            "Variation 3": 125.48301593462627,
            "Variation 4": 7.535294543141904,
            "Variation 5": 125.48301593462627,
            "Variation 6": 7.535294543141904,
            "Variation 7": 9.041229616511952,
            "Variation 8": 125.48301593462627,
            "Variation 9": 7.535294543141904,
            "Variation 10": 125.48301593462627
        }
    ],
    "trace": {
        "prompts": [
            "Are there any suspicious pulmonary opacities visible on the chest X-ray image? Please choose from the following two options: [yes, no]\n<image>"
        ],
        "responses": [
            [
                "No, there are no suspicious pulmonary opacities visible on the chest X-ray image. The image appears to be of normal quality and does not show any abnormalities.",
                "No, there are no suspicious pulmonary opacities visible on the chest X-ray image.",
                "No, there are no suspicious pulmonary opacities visible on the chest X-ray image.",
                "Yes",
                "No, there are no suspicious pulmonary opacities visible on the chest X-ray image.",
                "Yes",
                "No, there are no suspicious pulmonary opacities visible on the chest X-ray image.",
                "Yes, there are suspicious pulmonary opacities visible on the chest X-ray image.",
                "Yes",
                "No, there are no suspicious pulmonary opacities visible on the chest X-ray image.",
                "Yes"
            ]
        ],
        "logprob_matrices": [
            [
                [
                    -407.4379794597626,
                    -234.12620496749878,
                    -234.12620496749878,
                    -30.98893165588379,
                    -234.12620496749878,
                    -30.98893165588379,
                    -234.12620496749878,
                    -208.53092789649963,
                    -30.98893165588379,
                    -234.12620496749878,
                    -30.98893165588379
                ],
                [
                    -405.33523631095886,
                    -236.2756266593933,
                    -236.2756266593933,
                    -28.888356924057007,
                    -236.2756266593933,
                    -28.888356924057007,
                    -236.2756266593933,
                    -220.7574679851532,
                    -28.888356924057007,
                    -236.2756266593933,
                    -28.888356924057007
                ],
                [
                    -405.33523631095886,
                    -236.2756266593933,
                    -236.2756266593933,
                    -28.888356924057007,
                    -236.2756266593933,
                    -28.888356924057007,
                    -236.2756266593933,
                    -220.7574679851532,
                    -28.888356924057007,
                    -236.2756266593933,
                    -28.888356924057007
                ],
                [
                    -405.33523631095886,
                    -236.2756266593933,
                    -236.2756266593933,
                    -28.888356924057007,
                    -236.2756266593933,
                    -28.888356924057007,
                    -236.2756266593933,
                    -220.7574679851532,
                    -28.888356924057007,
                    -236.2756266593933,
                    -28.888356924057007
                ],
                [
                    -401.6297082901001,
                    -227.08230328559875,
                    -227.08230328559875,
                    -30.057512760162354,
                    -227.08230328559875,
                    -30.057512760162354,
                    -227.08230328559875,
                    -228.4210729598999,
                    -30.057512760162354,
                    -227.08230328559875,
                    -30.057512760162354
                ],
                [
                    -404.8153457045555,
                    -238.77772760391235,
                    -238.77772760391235,
                    -27.6209397315979,
                    -238.77772760391235,
                    -27.6209397315979,
                    -238.77772760391235,
                    -225.94404458999634,
                    -27.6209397315979,
                    -238.77772760391235,
                    -27.6209397315979
                ],
                [
                    -401.6297082901001,
                    -227.08230328559875,
                    -227.08230328559875,
                    -30.057512760162354,
                    -227.08230328559875,
                    -30.057512760162354,
                    -227.08230328559875,
                    -228.4210729598999,
                    -30.057512760162354,
                    -227.08230328559875,
                    -30.057512760162354
                ],
                [
                    -405.33523631095886,
                    -236.2756266593933,
                    -236.2756266593933,
                    -28.888356924057007,
                    -236.2756266593933,
                    -28.888356924057007,
                    -236.2756266593933,
                    -220.7574679851532,
                    -28.888356924057007,
                    -236.2756266593933,
                    -28.888356924057007
                ],
                [
                    -405.33523631095886,
                    -236.2756266593933,
                    -236.2756266593933,
                    -28.888356924057007,
                    -236.2756266593933,
                    -28.888356924057007,
                    -236.2756266593933,
                    -220.7574679851532,
                    -28.888356924057007,
                    -236.2756266593933,
                    -28.888356924057007
                ],
                [
                    -405.33523631095886,
                    -236.2756266593933,
                    -236.2756266593933,
                    -28.888356924057007,
                    -236.2756266593933,
                    -28.888356924057007,
                    -236.2756266593933,
                    -220.7574679851532,
                    -28.888356924057007,
                    -236.2756266593933,
                    -28.888356924057007
                ],
                [
                    -391.9443153142929,
                    -222.98161602020264,
                    -222.98161602020264,
                    -33.053741455078125,
                    -222.98161602020264,
                    -33.053741455078125,
                    -222.98161602020264,
                    -217.28130555152893,
                    -33.053741455078125,
                    -222.98161602020264,
                    -33.053741455078125
                ]
            ]
        ],
        "prompt_sensitivities": [
            22.186116930990522
        ],
        "posix": 22.186116930990522
    }
}