{
    "file_name": "question_112_variants.json",
    "overall_posix": 15.965182240872542,
    "detailed_scores": [
        {
            "Variation 1": 50.48390487829844,
            "Variation 2": 50.48390487829844,
            "Variation 3": 50.48390487829844,
            "Variation 4": 50.48390487829844,
            "Variation 5": 0.3848500221967697,
            "Variation 6": 0.3848500221967697,
            "Variation 7": 0.3848500221967697,
            "Variation 8": 0.3848500221967697,
            "Variation 9": 0.20691998980262064,
            "Variation 10": 50.48390487829844
        }
    ],
    "trace": {
        "prompts": [
            "Is there any visible damage to the XXXX on the chest X-ray? Please choose from the following two options: [yes, no]\n<image>"
        ],
        "responses": [
            [
                "No, there is no visible damage to the \"XXXX\" on the chest X-ray.",
                "No",
                "No",
                "No",
                "No",
                "No, there is no visible damage to the XXXX on the chest X-ray.",
                "No, there is no visible damage to the XXXX on the chest X-ray.",
                "No, there is no visible damage to the XXXX on the chest X-ray.",
                "No, there is no visible damage to the XXXX on the chest X-ray.",
                "No, there is no visible damage to the \"XXX\" on the chest X-ray.",
                "No"
            ]
        ],
        "logprob_matrices": [
            [
                [
                    -182.11385929584503,
                    -30.662144660949707,
                    -30.662144660949707,
                    -30.662144660949707,
                    -30.662144660949707,
                    -174.41685885190964,
                    -174.41685885190964,
                    -174.41685885190964,
                    -174.41685885190964,
                    -186.66609907150269,
                    -30.662144660949707
                ],
                [
                    -187.52868604660034,
                    -28.516544818878174,
                    -28.516544818878174,
                    -28.516544818878174,
                    -28.516544818878174,
                    -187.32440376281738,
                    -187.32440376281738,
                    -187.32440376281738,
                    -187.32440376281738,
                    -203.62812161445618,
                    -28.516544818878174
                ],
                [
                    -187.52868604660034,
                    -28.516544818878174,
                    -28.516544818878174,
                    -28.516544818878174,
                    -28.516544818878174,
                    -187.32440376281738,
                    -187.32440376281738,
                    -187.32440376281738,
                    -187.32440376281738,
                    -203.62812161445618,
                    -28.516544818878174
                ],
                [
                    -198.33066415786743,
                    -31.96751117706299,
                    -31.96751117706299,
                    -31.96751117706299,
                    -31.96751117706299,
                    -172.76573872566223,
                    -172.76573872566223,
                    -172.76573872566223,
                    -172.76573872566223,
                    -210.97734546661377,
                    -31.96751117706299
                ],
                [
                    -191.33560180664062,
                    -29.978634357452393,
                    -29.978634357452393,
                    -29.978634357452393,
                    -29.978634357452393,
                    -179.7637915611267,
                    -179.7637915611267,
                    -179.7637915611267,
                    -179.7637915611267,
                    -191.17797327041626,
                    -29.978634357452393
                ],
                [
                    -173.68342900276184,
                    -26.930890798568726,
                    -26.930890798568726,
                    -26.930890798568726,
                    -26.930890798568726,
                    -171.87720656394958,
                    -171.87720656394958,
                    -171.87720656394958,
                    -171.87720656394958,
                    -199.77316427230835,
                    -26.930890798568726
                ],
                [
                    -173.68342900276184,
                    -26.930890798568726,
                    -26.930890798568726,
                    -26.930890798568726,
                    -26.930890798568726,
                    -171.87720656394958,
                    -171.87720656394958,
                    -171.87720656394958,
                    -171.87720656394958,
                    -199.77316427230835,
                    -26.930890798568726
                ],
                [
                    -173.68342900276184,
                    -26.930890798568726,
                    -26.930890798568726,
                    -26.930890798568726,
                    -26.930890798568726,
                    -171.87720656394958,
                    -171.87720656394958,
                    -171.87720656394958,
                    -171.87720656394958,
                    -199.77316427230835,
                    -26.930890798568726
                ],
                [
                    -191.33560180664062,
                    -29.978634357452393,
                    -29.978634357452393,
                    -29.978634357452393,
                    -29.978634357452393,
                    -179.7637915611267,
                    -179.7637915611267,
                    -179.7637915611267,
                    -179.7637915611267,
                    -191.17797327041626,
                    -29.978634357452393
                ],
                [
                    -173.68342900276184,
                    -26.930890798568726,
                    -26.930890798568726,
                    -26.930890798568726,
                    -26.930890798568726,
                    -171.87720656394958,
                    -171.87720656394958,
                    -171.87720656394958,
                    -171.87720656394958,
                    -199.77316427230835,
                    -26.930890798568726
                ],
                [
                    -173.68342900276184,
                    -26.930890798568726,
                    -26.930890798568726,
                    -26.930890798568726,
                    -26.930890798568726,
                    -171.87720656394958,
                    -171.87720656394958,
                    -171.87720656394958,
                    -171.87720656394958,
                    -199.77316427230835,
                    -26.930890798568726
                ]
            ]
        ],
        "prompt_sensitivities": [
            15.965182240872542
        ],
        "posix": 15.965182240872542
    }
}