{
    "file_name": "question_136_variants.json",
    "overall_posix": 14.484380443324227,
    "detailed_scores": [
        {
            "Variation 1": 0.0,
            "Variation 2": 43.4881903330485,
            "Variation 3": 0.0,
            "Variation 4": 43.4881903330485,
            "Variation 5": 43.4881903330485,
            "Variation 6": 0.0,
            "Variation 7": 43.4881903330485,
            "Variation 8": 0.0,
            "Variation 9": 43.4881903330485,
            "Variation 10": 0.40731104682473573
        }
    ],
    "trace": {
        "prompts": [
            "Is the heart enlarged on the X-ray? Please choose from the following two options: [yes, no]\n<image>"
        ],
        "responses": [
            [
                "No, the heart does not appear enlarged on the X-ray.",
                "No, the heart does not appear enlarged on the X-ray.",
                "No",
                "No, the heart does not appear enlarged on the X-ray.",
                "No",
                "No",
                "No, the heart does not appear enlarged on the X-ray.",
                "No",
                "No, the heart does not appear enlarged on the X-ray.",
                "No",
                "No, the heart is not enlarged on the X-ray."
            ]
        ],
        "logprob_matrices": [
            [
                [
                    -160.11793160438538,
                    -160.11793160438538,
                    -29.653360605239868,
                    -160.11793160438538,
                    -29.653360605239868,
                    -29.653360605239868,
                    -160.11793160438538,
                    -29.653360605239868,
                    -160.11793160438538,
                    -29.653360605239868,
                    -153.19364380836487
                ],
                [
                    -168.96230006217957,
                    -168.96230006217957,
                    -28.368621826171875,
                    -168.96230006217957,
                    -28.368621826171875,
                    -28.368621826171875,
                    -168.96230006217957,
                    -28.368621826171875,
                    -168.96230006217957,
                    -28.368621826171875,
                    -145.27655839920044
                ],
                [
                    -168.96230006217957,
                    -168.96230006217957,
                    -28.368621826171875,
                    -168.96230006217957,
                    -28.368621826171875,
                    -28.368621826171875,
                    -168.96230006217957,
                    -28.368621826171875,
                    -168.96230006217957,
                    -28.368621826171875,
                    -145.27655839920044
                ],
                [
                    -167.66532063484192,
                    -167.66532063484192,
                    -25.54459434747696,
                    -167.66532063484192,
                    -25.54459434747696,
                    -25.54459434747696,
                    -167.66532063484192,
                    -25.54459434747696,
                    -167.66532063484192,
                    -25.54459434747696,
                    -155.97012853622437
                ],
                [
                    -168.96230006217957,
                    -168.96230006217957,
                    -28.368621826171875,
                    -168.96230006217957,
                    -28.368621826171875,
                    -28.368621826171875,
                    -168.96230006217957,
                    -28.368621826171875,
                    -168.96230006217957,
                    -28.368621826171875,
                    -145.27655839920044
                ],
                [
                    -165.6766014099121,
                    -165.6766014099121,
                    -25.761049032211304,
                    -165.6766014099121,
                    -25.761049032211304,
                    -25.761049032211304,
                    -165.6766014099121,
                    -25.761049032211304,
                    -165.6766014099121,
                    -25.761049032211304,
                    -150.50000882148743
                ],
                [
                    -167.66532063484192,
                    -167.66532063484192,
                    -25.54459434747696,
                    -167.66532063484192,
                    -25.54459434747696,
                    -25.54459434747696,
                    -167.66532063484192,
                    -25.54459434747696,
                    -167.66532063484192,
                    -25.54459434747696,
                    -155.97012853622437
                ],
                [
                    -170.325053691864,
                    -170.325053691864,
                    -30.227641582489014,
                    -170.325053691864,
                    -30.227641582489014,
                    -30.227641582489014,
                    -170.325053691864,
                    -30.227641582489014,
                    -170.325053691864,
                    -30.227641582489014,
                    -154.7974774837494
                ],
                [
                    -168.96230006217957,
                    -168.96230006217957,
                    -28.368621826171875,
                    -168.96230006217957,
                    -28.368621826171875,
                    -28.368621826171875,
                    -168.96230006217957,
                    -28.368621826171875,
                    -168.96230006217957,
                    -28.368621826171875,
                    -145.27655839920044
                ],
                [
                    -157.2049262523651,
                    -157.2049262523651,
                    -27.1879940032959,
                    -157.2049262523651,
                    -27.1879940032959,
                    -27.1879940032959,
                    -157.2049262523651,
                    -27.1879940032959,
                    -157.2049262523651,
                    -27.1879940032959,
                    -146.8671522140503
                ],
                [
                    -168.96230006217957,
                    -168.96230006217957,
                    -28.368621826171875,
                    -168.96230006217957,
                    -28.368621826171875,
                    -28.368621826171875,
                    -168.96230006217957,
                    -28.368621826171875,
                    -168.96230006217957,
                    -28.368621826171875,
                    -145.27655839920044
                ]
            ]
        ],
        "prompt_sensitivities": [
            14.484380443324227
        ],
        "posix": 14.484380443324227
    }
}