{
    "file_name": "question_219_variants.json",
    "overall_posix": 24.232097516518248,
    "detailed_scores": [
        {
            "Variation 1": 135.26293659210205,
            "Variation 2": 135.3591572443644,
            "Variation 3": 135.26293659210205,
            "Variation 4": 17.091453229679782,
            "Variation 5": 1.1470425826747244,
            "Variation 6": 12.460299713271004,
            "Variation 7": 135.26293659210205,
            "Variation 8": 17.091453229679782,
            "Variation 9": 18.650276228785515,
            "Variation 10": 0.5503307151794433
        }
    ],
    "trace": {
        "prompts": [
            "Is the patient's heart size abnormal? Please choose from the following two options: [yes, no]\n<image>"
        ],
        "responses": [
            [
                "No, the patient's heart size appears to be normal in the image provided. The heart is visible in the chest X-ray, and it appears to be of average size relative to the ribcage and other organs.",
                "Yes",
                "No",
                "Yes",
                "Yes, the patient's heart size appears abnormal in the image.",
                "Yes, the patient's heart size appears abnormal in the image. The heart is significantly enlarged, which could indicate a condition such as heart failure or another cardiovascular issue.",
                "No, the patient's heart size appears to be normal in this X-ray image.",
                "Yes",
                "Yes, the patient's heart size appears abnormal in the image.",
                "Yes, the patient's heart size appears to be abnormal.",
                "Based on the image provided, it is not possible to accurately determine the size of the patient's heart. The image appears to be an X-ray or a similar medical imaging scan, but the resolution and angle do not provide enough information to"
            ]
        ],
        "logprob_matrices": [
            [
                [
                    -435.3904252052307,
                    -29.60161542892456,
                    -29.31295347213745,
                    -29.60161542892456,
                    -144.83572030067444,
                    -388.361679315567,
                    -173.7241312265396,
                    -29.60161542892456,
                    -144.83572030067444,
                    -136.98600554466248,
                    -462.9069609642029
                ],
                [
                    -419.34418964385986,
                    -33.765100955963135,
                    -31.988365650177002,
                    -33.765100955963135,
                    -138.05286264419556,
                    -381.7656627893448,
                    -158.3512077331543,
                    -33.765100955963135,
                    -138.05286264419556,
                    -128.7837780714035,
                    -420.0560281276703
                ],
                [
                    -420.690620303154,
                    -30.74952983856201,
                    -30.059280395507812,
                    -30.74952983856201,
                    -141.84355032444,
                    -385.62119579315186,
                    -180.98038697242737,
                    -30.74952983856201,
                    -141.84355032444,
                    -136.93940138816833,
                    -447.0270240306854
                ],
                [
                    -420.690620303154,
                    -30.74952983856201,
                    -30.059280395507812,
                    -30.74952983856201,
                    -141.84355032444,
                    -385.62119579315186,
                    -180.98038697242737,
                    -30.74952983856201,
                    -141.84355032444,
                    -136.93940138816833,
                    -447.0270240306854
                ],
                [
                    -433.92381501197815,
                    -29.148115634918213,
                    -28.853294849395752,
                    -29.148115634918213,
                    -151.97524631023407,
                    -394.08245849609375,
                    -177.31232380867004,
                    -29.148115634918213,
                    -151.97524631023407,
                    -137.76858627796173,
                    -451.974506855011
                ],
                [
                    -409.03993678092957,
                    -32.431591510772705,
                    -31.18248414993286,
                    -32.431591510772705,
                    -138.05685019493103,
                    -374.549099445343,
                    -166.05982899665833,
                    -32.431591510772705,
                    -138.05685019493103,
                    -128.70262897014618,
                    -443.4959727525711
                ],
                [
                    -433.92381501197815,
                    -29.148115634918213,
                    -28.853294849395752,
                    -29.148115634918213,
                    -151.97524631023407,
                    -394.08245849609375,
                    -177.31232380867004,
                    -29.148115634918213,
                    -151.97524631023407,
                    -137.76858627796173,
                    -451.974506855011
                ],
                [
                    -409.03993678092957,
                    -32.431591510772705,
                    -31.18248414993286,
                    -32.431591510772705,
                    -138.05685019493103,
                    -374.549099445343,
                    -166.05982899665833,
                    -32.431591510772705,
                    -138.05685019493103,
                    -128.70262897014618,
                    -443.4959727525711
                ],
                [
                    -409.03993678092957,
                    -32.431591510772705,
                    -31.18248414993286,
                    -32.431591510772705,
                    -138.05685019493103,
                    -374.549099445343,
                    -166.05982899665833,
                    -32.431591510772705,
                    -138.05685019493103,
                    -128.70262897014618,
                    -443.4959727525711
                ],
                [
                    -418.1258981227875,
                    -28.121946811676025,
                    -27.162750720977783,
                    -28.121946811676025,
                    -143.9555103778839,
                    -381.846745967865,
                    -173.82855606079102,
                    -28.121946811676025,
                    -143.9555103778839,
                    -131.28779554367065,
                    -442.77477169036865
                ],
                [
                    -409.03993678092957,
                    -32.431591510772705,
                    -31.18248414993286,
                    -32.431591510772705,
                    -138.05685019493103,
                    -374.549099445343,
                    -166.05982899665833,
                    -32.431591510772705,
                    -138.05685019493103,
                    -128.70262897014618,
                    -443.4959727525711
                ]
            ]
        ],
        "prompt_sensitivities": [
            24.232097516518248
        ],
        "posix": 24.232097516518248
    }
}