{
    "file_name": "question_220_variants.json",
    "overall_posix": 16.2578334920857,
    "detailed_scores": [
        {
            "Variation 1": 0.19444237257304944,
            "Variation 2": 57.8938213189443,
            "Variation 3": 0.19444237257304944,
            "Variation 4": 57.8938213189443,
            "Variation 5": 0.19444237257304944,
            "Variation 6": 0.19444237257304944,
            "Variation 7": 57.8938213189443,
            "Variation 8": 57.8938213189443,
            "Variation 9": 0.19444237257304944,
            "Variation 10": 0.19444237257304944
        }
    ],
    "trace": {
        "prompts": [
            "Is there evidence of pleural effusion on the chest X-ray? Please choose from the following two options: [yes, no]\n<image>"
        ],
        "responses": [
            [
                "No, there is no evidence of pleural effusion on the chest X-ray.",
                "Yes, there is evidence of pleural effusion on the chest X-ray.",
                "Yes",
                "Yes, there is evidence of pleural effusion on the chest X-ray.",
                "Yes",
                "Yes, there is evidence of pleural effusion on the chest X-ray.",
                "Yes, there is evidence of pleural effusion on the chest X-ray.",
                "Yes",
                "Yes",
                "Yes, there is evidence of pleural effusion on the chest X-ray.",
                "Yes, there is evidence of pleural effusion on the chest X-ray."
            ]
        ],
        "logprob_matrices": [
            [
                [
                    -204.40081787109375,
                    -200.7064127922058,
                    -30.719353914260864,
                    -200.7064127922058,
                    -30.719353914260864,
                    -200.7064127922058,
                    -200.7064127922058,
                    -30.719353914260864,
                    -30.719353914260864,
                    -200.7064127922058,
                    -200.7064127922058
                ],
                [
                    -210.60281658172607,
                    -196.0475662946701,
                    -33.7721471786499,
                    -196.0475662946701,
                    -33.7721471786499,
                    -196.0475662946701,
                    -196.0475662946701,
                    -33.7721471786499,
                    -33.7721471786499,
                    -196.0475662946701,
                    -196.0475662946701
                ],
                [
                    -207.9014711380005,
                    -193.70120429992676,
                    -29.95016098022461,
                    -193.70120429992676,
                    -29.95016098022461,
                    -193.70120429992676,
                    -193.70120429992676,
                    -29.95016098022461,
                    -29.95016098022461,
                    -193.70120429992676,
                    -193.70120429992676
                ],
                [
                    -210.60281658172607,
                    -196.0475662946701,
                    -33.7721471786499,
                    -196.0475662946701,
                    -33.7721471786499,
                    -196.0475662946701,
                    -196.0475662946701,
                    -33.7721471786499,
                    -33.7721471786499,
                    -196.0475662946701,
                    -196.0475662946701
                ],
                [
                    -210.60281658172607,
                    -196.0475662946701,
                    -33.7721471786499,
                    -196.0475662946701,
                    -33.7721471786499,
                    -196.0475662946701,
                    -196.0475662946701,
                    -33.7721471786499,
                    -33.7721471786499,
                    -196.0475662946701,
                    -196.0475662946701
                ],
                [
                    -210.60281658172607,
                    -196.0475662946701,
                    -33.7721471786499,
                    -196.0475662946701,
                    -33.7721471786499,
                    -196.0475662946701,
                    -196.0475662946701,
                    -33.7721471786499,
                    -33.7721471786499,
                    -196.0475662946701,
                    -196.0475662946701
                ],
                [
                    -206.31008958816528,
                    -196.94157791137695,
                    -29.477469444274902,
                    -196.94157791137695,
                    -29.477469444274902,
                    -196.94157791137695,
                    -196.94157791137695,
                    -29.477469444274902,
                    -29.477469444274902,
                    -196.94157791137695,
                    -196.94157791137695
                ],
                [
                    -210.60281658172607,
                    -196.0475662946701,
                    -33.7721471786499,
                    -196.0475662946701,
                    -33.7721471786499,
                    -196.0475662946701,
                    -196.0475662946701,
                    -33.7721471786499,
                    -33.7721471786499,
                    -196.0475662946701,
                    -196.0475662946701
                ],
                [
                    -210.60281658172607,
                    -196.0475662946701,
                    -33.7721471786499,
                    -196.0475662946701,
                    -33.7721471786499,
                    -196.0475662946701,
                    -196.0475662946701,
                    -33.7721471786499,
                    -33.7721471786499,
                    -196.0475662946701,
                    -196.0475662946701
                ],
                [
                    -193.8265745639801,
                    -195.89163398742676,
                    -31.076605796813965,
                    -195.89163398742676,
                    -31.076605796813965,
                    -195.89163398742676,
                    -195.89163398742676,
                    -31.076605796813965,
                    -31.076605796813965,
                    -195.89163398742676,
                    -195.89163398742676
                ],
                [
                    -193.8265745639801,
                    -195.89163398742676,
                    -31.076605796813965,
                    -195.89163398742676,
                    -31.076605796813965,
                    -195.89163398742676,
                    -195.89163398742676,
                    -31.076605796813965,
                    -31.076605796813965,
                    -195.89163398742676,
                    -195.89163398742676
                ]
            ]
        ],
        "prompt_sensitivities": [
            16.2578334920857
        ],
        "posix": 16.2578334920857
    }
}