{
    "file_name": "question_51_variants.json",
    "overall_posix": 14.2265265285427,
    "detailed_scores": [
        {
            "Variation 1": 41.978607296943665,
            "Variation 2": 57.602241357167564,
            "Variation 3": 57.602241357167564,
            "Variation 4": 0.0,
            "Variation 5": 57.602241357167564,
            "Variation 6": 57.602241357167564,
            "Variation 7": 57.602241357167564,
            "Variation 8": 0.0,
            "Variation 9": 57.602241357167564,
            "Variation 10": 57.602241357167564
        }
    ],
    "trace": {
        "prompts": [
            "Are any pulmonary nodules or masses visible? Please choose from the following two options: [yes, no]\n<image>"
        ],
        "responses": [
            [
                "No, there are no pulmonary nodules or masses visible in the image provided.",
                "No.",
                "No",
                "No",
                "No, there are no pulmonary nodules or masses visible in the image provided.",
                "No",
                "No",
                "No",
                "No, there are no pulmonary nodules or masses visible in the image provided.",
                "No",
                "No"
            ]
        ],
        "logprob_matrices": [
            [
                [
                    -197.61358642578125,
                    -29.699157238006592,
                    -24.806862354278564,
                    -24.806862354278564,
                    -197.61358642578125,
                    -24.806862354278564,
                    -24.806862354278564,
                    -24.806862354278564,
                    -197.61358642578125,
                    -24.806862354278564,
                    -24.806862354278564
                ],
                [
                    -196.5509090423584,
                    -32.93499410152435,
                    -25.969935178756714,
                    -25.969935178756714,
                    -196.5509090423584,
                    -25.969935178756714,
                    -25.969935178756714,
                    -25.969935178756714,
                    -196.5509090423584,
                    -25.969935178756714,
                    -25.969935178756714
                ],
                [
                    -206.63489294052124,
                    -40.51803278923035,
                    -25.417025923728943,
                    -25.417025923728943,
                    -206.63489294052124,
                    -25.417025923728943,
                    -25.417025923728943,
                    -25.417025923728943,
                    -206.63489294052124,
                    -25.417025923728943,
                    -25.417025923728943
                ],
                [
                    -196.5509090423584,
                    -32.93499410152435,
                    -25.969935178756714,
                    -25.969935178756714,
                    -196.5509090423584,
                    -25.969935178756714,
                    -25.969935178756714,
                    -25.969935178756714,
                    -196.5509090423584,
                    -25.969935178756714,
                    -25.969935178756714
                ],
                [
                    -196.5509090423584,
                    -32.93499410152435,
                    -25.969935178756714,
                    -25.969935178756714,
                    -196.5509090423584,
                    -25.969935178756714,
                    -25.969935178756714,
                    -25.969935178756714,
                    -196.5509090423584,
                    -25.969935178756714,
                    -25.969935178756714
                ],
                [
                    -199.6625096797943,
                    -36.45992660522461,
                    -26.4359130859375,
                    -26.4359130859375,
                    -199.6625096797943,
                    -26.4359130859375,
                    -26.4359130859375,
                    -26.4359130859375,
                    -199.6625096797943,
                    -26.4359130859375,
                    -26.4359130859375
                ],
                [
                    -205.23435354232788,
                    -33.56235313415527,
                    -30.08774471282959,
                    -30.08774471282959,
                    -205.23435354232788,
                    -30.08774471282959,
                    -30.08774471282959,
                    -30.08774471282959,
                    -205.23435354232788,
                    -30.08774471282959,
                    -30.08774471282959
                ],
                [
                    -189.22983872890472,
                    -27.709847450256348,
                    -25.169630765914917,
                    -25.169630765914917,
                    -189.22983872890472,
                    -25.169630765914917,
                    -25.169630765914917,
                    -25.169630765914917,
                    -189.22983872890472,
                    -25.169630765914917,
                    -25.169630765914917
                ],
                [
                    -196.5509090423584,
                    -32.93499410152435,
                    -25.969935178756714,
                    -25.969935178756714,
                    -196.5509090423584,
                    -25.969935178756714,
                    -25.969935178756714,
                    -25.969935178756714,
                    -196.5509090423584,
                    -25.969935178756714,
                    -25.969935178756714
                ],
                [
                    -206.63489294052124,
                    -40.51803278923035,
                    -25.417025923728943,
                    -25.417025923728943,
                    -206.63489294052124,
                    -25.417025923728943,
                    -25.417025923728943,
                    -25.417025923728943,
                    -206.63489294052124,
                    -25.417025923728943,
                    -25.417025923728943
                ],
                [
                    -206.63489294052124,
                    -40.51803278923035,
                    -25.417025923728943,
                    -25.417025923728943,
                    -206.63489294052124,
                    -25.417025923728943,
                    -25.417025923728943,
                    -25.417025923728943,
                    -206.63489294052124,
                    -25.417025923728943,
                    -25.417025923728943
                ]
            ]
        ],
        "prompt_sensitivities": [
            14.2265265285427
        ],
        "posix": 14.2265265285427
    }
}