{
    "file_name": "question_183_variants.json",
    "overall_posix": 10.407866777150668,
    "detailed_scores": [
        {
            "Variation 1": 53.327357629934944,
            "Variation 2": 53.327357629934944,
            "Variation 3": 53.327357629934944,
            "Variation 4": 53.327357629934944,
            "Variation 5": 53.327357629934944,
            "Variation 6": 0.0,
            "Variation 7": 53.327357629934944,
            "Variation 8": 53.327357629934944,
            "Variation 9": 53.327357629934944,
            "Variation 10": 53.327357629934944
        }
    ],
    "trace": {
        "prompts": [
            "Did the radiologist report any abnormal masses on the chest X-ray? Please choose from the following two options: [yes, no]\n<image>"
        ],
        "responses": [
            [
                "No, the radiologist did not report any abnormal masses on the chest X-ray.",
                "No",
                "No",
                "No",
                "No",
                "No",
                "No, the radiologist did not report any abnormal masses on the chest X-ray.",
                "No",
                "No",
                "No",
                "No"
            ]
        ],
        "logprob_matrices": [
            [
                [
                    -189.97912937402725,
                    -29.997056484222412,
                    -29.997056484222412,
                    -29.997056484222412,
                    -29.997056484222412,
                    -29.997056484222412,
                    -189.97912937402725,
                    -29.997056484222412,
                    -29.997056484222412,
                    -29.997056484222412,
                    -29.997056484222412
                ],
                [
                    -208.45305597782135,
                    -27.337052702903748,
                    -27.337052702903748,
                    -27.337052702903748,
                    -27.337052702903748,
                    -27.337052702903748,
                    -208.45305597782135,
                    -27.337052702903748,
                    -27.337052702903748,
                    -27.337052702903748,
                    -27.337052702903748
                ],
                [
                    -195.58796882629395,
                    -27.5766544342041,
                    -27.5766544342041,
                    -27.5766544342041,
                    -27.5766544342041,
                    -27.5766544342041,
                    -195.58796882629395,
                    -27.5766544342041,
                    -27.5766544342041,
                    -27.5766544342041,
                    -27.5766544342041
                ],
                [
                    -208.45305597782135,
                    -27.337052702903748,
                    -27.337052702903748,
                    -27.337052702903748,
                    -27.337052702903748,
                    -27.337052702903748,
                    -208.45305597782135,
                    -27.337052702903748,
                    -27.337052702903748,
                    -27.337052702903748,
                    -27.337052702903748
                ],
                [
                    -206.30419254302979,
                    -26.142348647117615,
                    -26.142348647117615,
                    -26.142348647117615,
                    -26.142348647117615,
                    -26.142348647117615,
                    -206.30419254302979,
                    -26.142348647117615,
                    -26.142348647117615,
                    -26.142348647117615,
                    -26.142348647117615
                ],
                [
                    -208.45305597782135,
                    -27.337052702903748,
                    -27.337052702903748,
                    -27.337052702903748,
                    -27.337052702903748,
                    -27.337052702903748,
                    -208.45305597782135,
                    -27.337052702903748,
                    -27.337052702903748,
                    -27.337052702903748,
                    -27.337052702903748
                ],
                [
                    -198.2256898880005,
                    -26.949931621551514,
                    -26.949931621551514,
                    -26.949931621551514,
                    -26.949931621551514,
                    -26.949931621551514,
                    -198.2256898880005,
                    -26.949931621551514,
                    -26.949931621551514,
                    -26.949931621551514,
                    -26.949931621551514
                ],
                [
                    -198.2256898880005,
                    -26.949931621551514,
                    -26.949931621551514,
                    -26.949931621551514,
                    -26.949931621551514,
                    -26.949931621551514,
                    -198.2256898880005,
                    -26.949931621551514,
                    -26.949931621551514,
                    -26.949931621551514,
                    -26.949931621551514
                ],
                [
                    -198.2256898880005,
                    -26.949931621551514,
                    -26.949931621551514,
                    -26.949931621551514,
                    -26.949931621551514,
                    -26.949931621551514,
                    -198.2256898880005,
                    -26.949931621551514,
                    -26.949931621551514,
                    -26.949931621551514,
                    -26.949931621551514
                ],
                [
                    -198.2256898880005,
                    -26.949931621551514,
                    -26.949931621551514,
                    -26.949931621551514,
                    -26.949931621551514,
                    -26.949931621551514,
                    -198.2256898880005,
                    -26.949931621551514,
                    -26.949931621551514,
                    -26.949931621551514,
                    -26.949931621551514
                ],
                [
                    -208.45305597782135,
                    -27.337052702903748,
                    -27.337052702903748,
                    -27.337052702903748,
                    -27.337052702903748,
                    -27.337052702903748,
                    -208.45305597782135,
                    -27.337052702903748,
                    -27.337052702903748,
                    -27.337052702903748,
                    -27.337052702903748
                ]
            ]
        ],
        "prompt_sensitivities": [
            10.407866777150668
        ],
        "posix": 10.407866777150668
    }
}