{
    "file_name": "question_378_variants.json",
    "overall_posix": 2.076899841308594,
    "detailed_scores": [
        {
            "Variation 1": 16.66918921470642,
            "Variation 2": 16.66918921470642,
            "Variation 3": 16.66918921470642,
            "Variation 4": 16.66918921470642,
            "Variation 5": 16.66918921470642,
            "Variation 6": 16.66918921470642,
            "Variation 7": 16.66918921470642,
            "Variation 8": 16.66918921470642,
            "Variation 9": 16.66918921470642,
            "Variation 10": 16.66918921470642
        }
    ],
    "trace": {
        "prompts": [
            "Can pneumothorax be observed in the X-ray image? Please choose from the following two options: [yes, no]\n<image>"
        ],
        "responses": [
            [
                "Yes, pneumothorax can be observed in the X-ray image. The presence of air in the pleural space, which is the space between the lungs and the chest wall, is indicative of a pneumothorax.",
                "Yes, pneumothorax can be observed in the X-ray image.",
                "Yes, pneumothorax can be observed in the X-ray image.",
                "Yes, pneumothorax can be observed in the X-ray image.",
                "Yes, pneumothorax can be observed in the X-ray image.",
                "Yes, pneumothorax can be observed in the X-ray image.",
                "Yes, pneumothorax can be observed in the X-ray image.",
                "Yes, pneumothorax can be observed in the X-ray image.",
                "Yes, pneumothorax can be observed in the X-ray image.",
                "Yes, pneumothorax can be observed in the X-ray image.",
                "Yes, pneumothorax can be observed in the X-ray image."
            ]
        ],
        "logprob_matrices": [
            [
                [
                    -487.5745937824249,
                    -170.85999870300293,
                    -170.85999870300293,
                    -170.85999870300293,
                    -170.85999870300293,
                    -170.85999870300293,
                    -170.85999870300293,
                    -170.85999870300293,
                    -170.85999870300293,
                    -170.85999870300293,
                    -170.85999870300293
                ],
                [
                    -491.01890301704407,
                    -168.99498558044434,
                    -168.99498558044434,
                    -168.99498558044434,
                    -168.99498558044434,
                    -168.99498558044434,
                    -168.99498558044434,
                    -168.99498558044434,
                    -168.99498558044434,
                    -168.99498558044434,
                    -168.99498558044434
                ],
                [
                    -498.00686144828796,
                    -190.59348320960999,
                    -190.59348320960999,
                    -190.59348320960999,
                    -190.59348320960999,
                    -190.59348320960999,
                    -190.59348320960999,
                    -190.59348320960999,
                    -190.59348320960999,
                    -190.59348320960999,
                    -190.59348320960999
                ],
                [
                    -491.0626595020294,
                    -186.29207706451416,
                    -186.29207706451416,
                    -186.29207706451416,
                    -186.29207706451416,
                    -186.29207706451416,
                    -186.29207706451416,
                    -186.29207706451416,
                    -186.29207706451416,
                    -186.29207706451416,
                    -186.29207706451416
                ],
                [
                    -498.00686144828796,
                    -190.59348320960999,
                    -190.59348320960999,
                    -190.59348320960999,
                    -190.59348320960999,
                    -190.59348320960999,
                    -190.59348320960999,
                    -190.59348320960999,
                    -190.59348320960999,
                    -190.59348320960999,
                    -190.59348320960999
                ],
                [
                    -498.00686144828796,
                    -190.59348320960999,
                    -190.59348320960999,
                    -190.59348320960999,
                    -190.59348320960999,
                    -190.59348320960999,
                    -190.59348320960999,
                    -190.59348320960999,
                    -190.59348320960999,
                    -190.59348320960999,
                    -190.59348320960999
                ],
                [
                    -498.00686144828796,
                    -190.59348320960999,
                    -190.59348320960999,
                    -190.59348320960999,
                    -190.59348320960999,
                    -190.59348320960999,
                    -190.59348320960999,
                    -190.59348320960999,
                    -190.59348320960999,
                    -190.59348320960999,
                    -190.59348320960999
                ],
                [
                    -498.00686144828796,
                    -190.59348320960999,
                    -190.59348320960999,
                    -190.59348320960999,
                    -190.59348320960999,
                    -190.59348320960999,
                    -190.59348320960999,
                    -190.59348320960999,
                    -190.59348320960999,
                    -190.59348320960999,
                    -190.59348320960999
                ],
                [
                    -494.38607954978943,
                    -178.85593628883362,
                    -178.85593628883362,
                    -178.85593628883362,
                    -178.85593628883362,
                    -178.85593628883362,
                    -178.85593628883362,
                    -178.85593628883362,
                    -178.85593628883362,
                    -178.85593628883362,
                    -178.85593628883362
                ],
                [
                    -498.00686144828796,
                    -190.59348320960999,
                    -190.59348320960999,
                    -190.59348320960999,
                    -190.59348320960999,
                    -190.59348320960999,
                    -190.59348320960999,
                    -190.59348320960999,
                    -190.59348320960999,
                    -190.59348320960999,
                    -190.59348320960999
                ],
                [
                    -471.5326623916626,
                    -169.9830551147461,
                    -169.9830551147461,
                    -169.9830551147461,
                    -169.9830551147461,
                    -169.9830551147461,
                    -169.9830551147461,
                    -169.9830551147461,
                    -169.9830551147461,
                    -169.9830551147461,
                    -169.9830551147461
                ]
            ]
        ],
        "prompt_sensitivities": [
            2.076899841308594
        ],
        "posix": 2.076899841308594
    }
}