{
    "file_name": "question_155_variants.json",
    "overall_posix": 12.85857931410183,
    "detailed_scores": [
        {
            "Variation 1": 66.43102701505025,
            "Variation 2": 66.43102701505025,
            "Variation 3": 66.43102701505025,
            "Variation 4": 66.1937890847524,
            "Variation 5": 66.43102701505025,
            "Variation 6": 66.43102701505025,
            "Variation 7": 66.1937890847524,
            "Variation 8": 66.43102701505025,
            "Variation 9": 0.0,
            "Variation 10": 66.43102701505025
        }
    ],
    "trace": {
        "prompts": [
            "Does the report indicate the presence of a pneumothorax on the chest X-ray? Please choose from the following two options: [yes, no]\n<image>"
        ],
        "responses": [
            [
                "No, the report does not indicate the presence of a pneumothorax on the chest X-ray.",
                "No",
                "No",
                "No",
                "Yes",
                "No",
                "No",
                "Yes",
                "No",
                "No, the report does not indicate the presence of a pneumothorax on the chest X-ray.",
                "No"
            ]
        ],
        "logprob_matrices": [
            [
                [
                    -224.4502090215683,
                    -25.15712797641754,
                    -25.15712797641754,
                    -25.15712797641754,
                    -25.868841767311096,
                    -25.15712797641754,
                    -25.15712797641754,
                    -25.868841767311096,
                    -25.15712797641754,
                    -224.4502090215683,
                    -25.15712797641754
                ],
                [
                    -232.15991687774658,
                    -26.543383598327637,
                    -26.543383598327637,
                    -26.543383598327637,
                    -28.784310340881348,
                    -26.543383598327637,
                    -26.543383598327637,
                    -28.784310340881348,
                    -26.543383598327637,
                    -232.15991687774658,
                    -26.543383598327637
                ],
                [
                    -233.4358491897583,
                    -20.925545692443848,
                    -20.925545692443848,
                    -20.925545692443848,
                    -24.567225456237793,
                    -20.925545692443848,
                    -20.925545692443848,
                    -24.567225456237793,
                    -20.925545692443848,
                    -233.4358491897583,
                    -20.925545692443848
                ],
                [
                    -236.05272579193115,
                    -21.88354003429413,
                    -21.88354003429413,
                    -21.88354003429413,
                    -24.048537135124207,
                    -21.88354003429413,
                    -21.88354003429413,
                    -24.048537135124207,
                    -21.88354003429413,
                    -236.05272579193115,
                    -21.88354003429413
                ],
                [
                    -227.26652801036835,
                    -23.469452500343323,
                    -23.469452500343323,
                    -23.469452500343323,
                    -26.93906557559967,
                    -23.469452500343323,
                    -23.469452500343323,
                    -26.93906557559967,
                    -23.469452500343323,
                    -227.26652801036835,
                    -23.469452500343323
                ],
                [
                    -233.4358491897583,
                    -20.925545692443848,
                    -20.925545692443848,
                    -20.925545692443848,
                    -24.567225456237793,
                    -20.925545692443848,
                    -20.925545692443848,
                    -24.567225456237793,
                    -20.925545692443848,
                    -233.4358491897583,
                    -20.925545692443848
                ],
                [
                    -232.15991687774658,
                    -26.543383598327637,
                    -26.543383598327637,
                    -26.543383598327637,
                    -28.784310340881348,
                    -26.543383598327637,
                    -26.543383598327637,
                    -28.784310340881348,
                    -26.543383598327637,
                    -232.15991687774658,
                    -26.543383598327637
                ],
                [
                    -236.05272579193115,
                    -21.88354003429413,
                    -21.88354003429413,
                    -21.88354003429413,
                    -24.048537135124207,
                    -21.88354003429413,
                    -21.88354003429413,
                    -24.048537135124207,
                    -21.88354003429413,
                    -236.05272579193115,
                    -21.88354003429413
                ],
                [
                    -236.05272579193115,
                    -21.88354003429413,
                    -21.88354003429413,
                    -21.88354003429413,
                    -24.048537135124207,
                    -21.88354003429413,
                    -21.88354003429413,
                    -24.048537135124207,
                    -21.88354003429413,
                    -236.05272579193115,
                    -21.88354003429413
                ],
                [
                    -236.05272579193115,
                    -21.88354003429413,
                    -21.88354003429413,
                    -21.88354003429413,
                    -24.048537135124207,
                    -21.88354003429413,
                    -21.88354003429413,
                    -24.048537135124207,
                    -21.88354003429413,
                    -236.05272579193115,
                    -21.88354003429413
                ],
                [
                    -232.15991687774658,
                    -26.543383598327637,
                    -26.543383598327637,
                    -26.543383598327637,
                    -28.784310340881348,
                    -26.543383598327637,
                    -26.543383598327637,
                    -28.784310340881348,
                    -26.543383598327637,
                    -232.15991687774658,
                    -26.543383598327637
                ]
            ]
        ],
        "prompt_sensitivities": [
            12.85857931410183
        ],
        "posix": 12.85857931410183
    }
}