{
    "file_name": "question_367_variants.json",
    "overall_posix": 20.041078590016724,
    "detailed_scores": [
        {
            "Variation 1": 0.14046620238911023,
            "Variation 2": 56.34840456644694,
            "Variation 3": 0.4144143643586532,
            "Variation 4": 56.34840456644694,
            "Variation 5": 56.34840456644694,
            "Variation 6": 56.34840456644694,
            "Variation 7": 56.34840456644694,
            "Variation 8": 56.34840456644694,
            "Variation 9": 0.14046620238911023,
            "Variation 10": 0.14046620238911023
        }
    ],
    "trace": {
        "prompts": [
            "Are there signs of pleural effusion on the patient's chest X-ray? Please choose from the following two options: [yes, no]\n<image>"
        ],
        "responses": [
            [
                "Yes, there is a sign of pleural effusion on the patient's chest X-ray.",
                "Yes, there are signs of pleural effusion on the patient's chest X-ray.",
                "Yes",
                "No, there are no signs of pleural effusion on the patient's chest X-ray.",
                "Yes",
                "Yes",
                "Yes",
                "Yes",
                "Yes",
                "Yes, there are signs of pleural effusion on the patient's chest X-ray.",
                "Yes, there are signs of pleural effusion on the patient's chest X-ray."
            ]
        ],
        "logprob_matrices": [
            [
                [
                    -200.4814419746399,
                    -203.57169842720032,
                    -31.436228275299072,
                    -210.01297235488892,
                    -31.436228275299072,
                    -31.436228275299072,
                    -31.436228275299072,
                    -31.436228275299072,
                    -31.436228275299072,
                    -203.57169842720032,
                    -203.57169842720032
                ],
                [
                    -220.35275602340698,
                    -227.78637075424194,
                    -32.48602223396301,
                    -224.3744969367981,
                    -32.48602223396301,
                    -32.48602223396301,
                    -32.48602223396301,
                    -32.48602223396301,
                    -32.48602223396301,
                    -227.78637075424194,
                    -227.78637075424194
                ],
                [
                    -220.35275602340698,
                    -227.78637075424194,
                    -32.48602223396301,
                    -224.3744969367981,
                    -32.48602223396301,
                    -32.48602223396301,
                    -32.48602223396301,
                    -32.48602223396301,
                    -32.48602223396301,
                    -227.78637075424194,
                    -227.78637075424194
                ],
                [
                    -239.74982380867004,
                    -216.462167263031,
                    -28.45547592639923,
                    -241.98330521583557,
                    -28.45547592639923,
                    -28.45547592639923,
                    -28.45547592639923,
                    -28.45547592639923,
                    -28.45547592639923,
                    -216.462167263031,
                    -216.462167263031
                ],
                [
                    -239.74982380867004,
                    -216.462167263031,
                    -28.45547592639923,
                    -241.98330521583557,
                    -28.45547592639923,
                    -28.45547592639923,
                    -28.45547592639923,
                    -28.45547592639923,
                    -28.45547592639923,
                    -216.462167263031,
                    -216.462167263031
                ],
                [
                    -216.5083577632904,
                    -231.99558472633362,
                    -27.838335514068604,
                    -221.42730283737183,
                    -27.838335514068604,
                    -27.838335514068604,
                    -27.838335514068604,
                    -27.838335514068604,
                    -27.838335514068604,
                    -231.99558472633362,
                    -231.99558472633362
                ],
                [
                    -220.35275602340698,
                    -227.78637075424194,
                    -32.48602223396301,
                    -224.3744969367981,
                    -32.48602223396301,
                    -32.48602223396301,
                    -32.48602223396301,
                    -32.48602223396301,
                    -32.48602223396301,
                    -227.78637075424194,
                    -227.78637075424194
                ],
                [
                    -216.5083577632904,
                    -231.99558472633362,
                    -27.838335514068604,
                    -221.42730283737183,
                    -27.838335514068604,
                    -27.838335514068604,
                    -27.838335514068604,
                    -27.838335514068604,
                    -27.838335514068604,
                    -231.99558472633362,
                    -231.99558472633362
                ],
                [
                    -223.76172590255737,
                    -210.98490810394287,
                    -27.00786828994751,
                    -229.12216711044312,
                    -27.00786828994751,
                    -27.00786828994751,
                    -27.00786828994751,
                    -27.00786828994751,
                    -27.00786828994751,
                    -210.98490810394287,
                    -210.98490810394287
                ],
                [
                    -220.35275602340698,
                    -227.78637075424194,
                    -32.48602223396301,
                    -224.3744969367981,
                    -32.48602223396301,
                    -32.48602223396301,
                    -32.48602223396301,
                    -32.48602223396301,
                    -32.48602223396301,
                    -227.78637075424194,
                    -227.78637075424194
                ],
                [
                    -220.35275602340698,
                    -227.78637075424194,
                    -32.48602223396301,
                    -224.3744969367981,
                    -32.48602223396301,
                    -32.48602223396301,
                    -32.48602223396301,
                    -32.48602223396301,
                    -32.48602223396301,
                    -227.78637075424194,
                    -227.78637075424194
                ]
            ]
        ],
        "prompt_sensitivities": [
            20.041078590016724
        ],
        "posix": 20.041078590016724
    }
}