{
    "file_name": "question_270_variants.json",
    "overall_posix": 15.879499564423243,
    "detailed_scores": [
        {
            "Variation 1": 0.0,
            "Variation 2": 44.92217687765757,
            "Variation 3": 0.0,
            "Variation 4": 0.0,
            "Variation 5": 0.0,
            "Variation 6": 44.92217687765757,
            "Variation 7": 0.1743579308191935,
            "Variation 8": 0.0,
            "Variation 9": 5.070120667869395,
            "Variation 10": 44.92217687765757
        }
    ],
    "trace": {
        "prompts": [
            "Are there signs of pneumonia in the lungs on the X-ray? Please choose from the following two options: [yes, no]\n<image>"
        ],
        "responses": [
            [
                "Yes, there are signs of pneumonia in the lungs on the X-ray.",
                "Yes, there are signs of pneumonia in the lungs on the X-ray.",
                "Yes",
                "Yes, there are signs of pneumonia in the lungs on the X-ray.",
                "Yes, there are signs of pneumonia in the lungs on the X-ray.",
                "Yes, there are signs of pneumonia in the lungs on the X-ray.",
                "Yes",
                "No, there are no signs of pneumonia in the lungs on the X-ray.",
                "Yes, there are signs of pneumonia in the lungs on the X-ray.",
                "No, there are no signs of pneumonia in the lungs on the X-ray. The image shows a normal chest X-ray with no evidence of pneumonia or any other abnormalities.",
                "Yes"
            ]
        ],
        "logprob_matrices": [
            [
                [
                    -162.74335157871246,
                    -162.74335157871246,
                    -27.976820945739746,
                    -162.74335157871246,
                    -162.74335157871246,
                    -162.74335157871246,
                    -27.976820945739746,
                    -166.40486812591553,
                    -162.74335157871246,
                    -385.8286609649658,
                    -27.976820945739746
                ],
                [
                    -178.27791213989258,
                    -178.27791213989258,
                    -29.275155305862427,
                    -178.27791213989258,
                    -178.27791213989258,
                    -178.27791213989258,
                    -29.275155305862427,
                    -192.4627718925476,
                    -178.27791213989258,
                    -414.5429630279541,
                    -29.275155305862427
                ],
                [
                    -178.27791213989258,
                    -178.27791213989258,
                    -29.275155305862427,
                    -178.27791213989258,
                    -178.27791213989258,
                    -178.27791213989258,
                    -29.275155305862427,
                    -192.4627718925476,
                    -178.27791213989258,
                    -414.5429630279541,
                    -29.275155305862427
                ],
                [
                    -182.08519458770752,
                    -182.08519458770752,
                    -25.28054904937744,
                    -182.08519458770752,
                    -182.08519458770752,
                    -182.08519458770752,
                    -25.28054904937744,
                    -187.97345972061157,
                    -182.08519458770752,
                    -404.96515333652496,
                    -25.28054904937744
                ],
                [
                    -182.08519458770752,
                    -182.08519458770752,
                    -25.28054904937744,
                    -182.08519458770752,
                    -182.08519458770752,
                    -182.08519458770752,
                    -25.28054904937744,
                    -187.97345972061157,
                    -182.08519458770752,
                    -404.96515333652496,
                    -25.28054904937744
                ],
                [
                    -182.08519458770752,
                    -182.08519458770752,
                    -25.28054904937744,
                    -182.08519458770752,
                    -182.08519458770752,
                    -182.08519458770752,
                    -25.28054904937744,
                    -187.97345972061157,
                    -182.08519458770752,
                    -404.96515333652496,
                    -25.28054904937744
                ],
                [
                    -178.27791213989258,
                    -178.27791213989258,
                    -29.275155305862427,
                    -178.27791213989258,
                    -178.27791213989258,
                    -178.27791213989258,
                    -29.275155305862427,
                    -192.4627718925476,
                    -178.27791213989258,
                    -414.5429630279541,
                    -29.275155305862427
                ],
                [
                    -180.6267032623291,
                    -180.6267032623291,
                    -25.92762517929077,
                    -180.6267032623291,
                    -180.6267032623291,
                    -180.6267032623291,
                    -25.92762517929077,
                    -183.34975004196167,
                    -180.6267032623291,
                    -426.14970660209656,
                    -25.92762517929077
                ],
                [
                    -181.56413078308105,
                    -181.56413078308105,
                    -28.609501838684082,
                    -181.56413078308105,
                    -181.56413078308105,
                    -181.56413078308105,
                    -28.609501838684082,
                    -196.210307598114,
                    -181.56413078308105,
                    -422.9607276916504,
                    -28.609501838684082
                ],
                [
                    -182.08519458770752,
                    -182.08519458770752,
                    -25.28054904937744,
                    -182.08519458770752,
                    -182.08519458770752,
                    -182.08519458770752,
                    -25.28054904937744,
                    -187.97345972061157,
                    -182.08519458770752,
                    -404.96515333652496,
                    -25.28054904937744
                ],
                [
                    -180.6267032623291,
                    -180.6267032623291,
                    -25.92762517929077,
                    -180.6267032623291,
                    -180.6267032623291,
                    -180.6267032623291,
                    -25.92762517929077,
                    -183.34975004196167,
                    -180.6267032623291,
                    -426.14970660209656,
                    -25.92762517929077
                ]
            ]
        ],
        "prompt_sensitivities": [
            15.879499564423243
        ],
        "posix": 15.879499564423243
    }
}