{
    "file_name": "question_4_variants.json",
    "overall_posix": 16.333422068339402,
    "detailed_scores": [
        {
            "Variation 1": 114.01009098688762,
            "Variation 2": 114.01009098688762,
            "Variation 3": 113.87999614079793,
            "Variation 4": 113.87999614079793,
            "Variation 5": 114.01009098688762,
            "Variation 6": 114.01009098688762,
            "Variation 7": 113.87999614079793,
            "Variation 8": 114.01009098688762,
            "Variation 9": 6.016076534986496,
            "Variation 10": 113.87999614079793
        }
    ],
    "trace": {
        "prompts": [
            "Is there degenerative disease visible in the thoracic spine on the X-ray? Please choose from the following two options: [yes, no]\n<image>"
        ],
        "responses": [
            [
                "No, there is no visible degenerative disease in the thoracic spine on the X-ray. The image shows a normal chest X-ray with no signs of pathology.",
                "No",
                "No",
                "Yes",
                "Yes",
                "No",
                "No",
                "Yes",
                "No",
                "No, there is no visible degenerative disease in the thoracic spine on the X-ray.",
                "Yes"
            ]
        ],
        "logprob_matrices": [
            [
                [
                    -372.791063785553,
                    -30.760790824890137,
                    -30.760790824890137,
                    -31.15107536315918,
                    -31.15107536315918,
                    -30.760790824890137,
                    -30.760790824890137,
                    -31.15107536315918,
                    -30.760790824890137,
                    -228.40522694587708,
                    -31.15107536315918
                ],
                [
                    -366.41199588775635,
                    -22.485080003738403,
                    -22.485080003738403,
                    -25.944008111953735,
                    -25.944008111953735,
                    -22.485080003738403,
                    -22.485080003738403,
                    -25.944008111953735,
                    -22.485080003738403,
                    -214.09994649887085,
                    -25.944008111953735
                ],
                [
                    -360.4740493297577,
                    -20.409494638442993,
                    -20.409494638442993,
                    -22.883721590042114,
                    -22.883721590042114,
                    -20.409494638442993,
                    -20.409494638442993,
                    -22.883721590042114,
                    -20.409494638442993,
                    -211.9925000667572,
                    -22.883721590042114
                ],
                [
                    -360.4740493297577,
                    -20.409494638442993,
                    -20.409494638442993,
                    -22.883721590042114,
                    -22.883721590042114,
                    -20.409494638442993,
                    -20.409494638442993,
                    -22.883721590042114,
                    -20.409494638442993,
                    -211.9925000667572,
                    -22.883721590042114
                ],
                [
                    -366.41199588775635,
                    -22.485080003738403,
                    -22.485080003738403,
                    -25.944008111953735,
                    -25.944008111953735,
                    -22.485080003738403,
                    -22.485080003738403,
                    -25.944008111953735,
                    -22.485080003738403,
                    -214.09994649887085,
                    -25.944008111953735
                ],
                [
                    -365.9704051017761,
                    -28.3797607421875,
                    -28.3797607421875,
                    -31.44727897644043,
                    -31.44727897644043,
                    -28.3797607421875,
                    -28.3797607421875,
                    -31.44727897644043,
                    -28.3797607421875,
                    -227.05094623565674,
                    -31.44727897644043
                ],
                [
                    -359.43752908706665,
                    -21.537718653678894,
                    -21.537718653678894,
                    -25.40025794506073,
                    -25.40025794506073,
                    -21.537718653678894,
                    -21.537718653678894,
                    -25.40025794506073,
                    -21.537718653678894,
                    -203.54484939575195,
                    -25.40025794506073
                ],
                [
                    -365.44195890426636,
                    -21.80242347717285,
                    -21.80242347717285,
                    -25.376964569091797,
                    -25.376964569091797,
                    -21.80242347717285,
                    -21.80242347717285,
                    -25.376964569091797,
                    -21.80242347717285,
                    -210.46813869476318,
                    -25.376964569091797
                ],
                [
                    -359.43752908706665,
                    -21.537718653678894,
                    -21.537718653678894,
                    -25.40025794506073,
                    -25.40025794506073,
                    -21.537718653678894,
                    -21.537718653678894,
                    -25.40025794506073,
                    -21.537718653678894,
                    -203.54484939575195,
                    -25.40025794506073
                ],
                [
                    -366.41199588775635,
                    -22.485080003738403,
                    -22.485080003738403,
                    -25.944008111953735,
                    -25.944008111953735,
                    -22.485080003738403,
                    -22.485080003738403,
                    -25.944008111953735,
                    -22.485080003738403,
                    -214.09994649887085,
                    -25.944008111953735
                ],
                [
                    -365.44195890426636,
                    -21.80242347717285,
                    -21.80242347717285,
                    -25.376964569091797,
                    -25.376964569091797,
                    -21.80242347717285,
                    -21.80242347717285,
                    -25.376964569091797,
                    -21.80242347717285,
                    -210.46813869476318,
                    -25.376964569091797
                ]
            ]
        ],
        "prompt_sensitivities": [
            16.333422068339402
        ],
        "posix": 16.333422068339402
    }
}