{
    "file_name": "question_67_variants.json",
    "overall_posix": 25.194780077690318,
    "detailed_scores": [
        {
            "Variation 1": 153.74888563156128,
            "Variation 2": 0.047517557144165036,
            "Variation 3": 153.74888563156128,
            "Variation 4": 153.74888563156128,
            "Variation 5": 16.682111878144113,
            "Variation 6": 153.74888563156128,
            "Variation 7": 89.51858148574829,
            "Variation 8": 14.890548920631408,
            "Variation 9": 14.890548920631408,
            "Variation 10": 14.890548920631408
        }
    ],
    "trace": {
        "prompts": [
            "Are the lung volumes within normal limits on the chest X-ray? Please choose from the following two options: [yes, no]\n<image>"
        ],
        "responses": [
            [
                "Based on the image provided, it appears that the lung volumes are within normal limits. The chest X-ray shows the lungs and heart clearly, and there are no obvious signs of overinflation or underinflation. However, it is important to",
                "No",
                "Based on the image provided, it appears that the lung volumes are within normal limits. The chest X-ray shows the lungs with a clear outline and no obvious signs of overinflation or underinflation. The heart and other organs are also",
                "No",
                "No",
                "No, the lung volumes on the chest X-ray are not within normal limits.",
                "No",
                "[no]",
                "Yes, the lung volumes appear to be within normal limits on the chest X-ray.",
                "Yes, the lung volumes appear to be within normal limits on the chest X-ray.",
                "Yes, the lung volumes appear to be within normal limits on the chest X-ray."
            ]
        ],
        "logprob_matrices": [
            [
                [
                    -488.5368776321411,
                    -27.290220737457275,
                    -486.16099977493286,
                    -27.290220737457275,
                    -27.290220737457275,
                    -171.57675194740295,
                    -27.290220737457275,
                    -40.94397020339966,
                    -190.72589921951294,
                    -190.72589921951294,
                    -190.72589921951294
                ],
                [
                    -480.51219391822815,
                    -29.381118774414062,
                    -495.75437331199646,
                    -29.381118774414062,
                    -29.381118774414062,
                    -179.52354836463928,
                    -29.381118774414062,
                    -44.11277914047241,
                    -184.08393096923828,
                    -184.08393096923828,
                    -184.08393096923828
                ],
                [
                    -452.47143721580505,
                    -30.527206897735596,
                    -480.11442255973816,
                    -30.527206897735596,
                    -30.527206897735596,
                    -168.6313292980194,
                    -30.527206897735596,
                    -44.833725333213806,
                    -186.7080476284027,
                    -186.7080476284027,
                    -186.7080476284027
                ],
                [
                    -452.47143721580505,
                    -30.527206897735596,
                    -480.11442255973816,
                    -30.527206897735596,
                    -30.527206897735596,
                    -168.6313292980194,
                    -30.527206897735596,
                    -44.833725333213806,
                    -186.7080476284027,
                    -186.7080476284027,
                    -186.7080476284027
                ],
                [
                    -465.28762316703796,
                    -28.98789644241333,
                    -467.2144718170166,
                    -28.98789644241333,
                    -28.98789644241333,
                    -179.42276334762573,
                    -28.98789644241333,
                    -46.47693991661072,
                    -184.88869166374207,
                    -184.88869166374207,
                    -184.88869166374207
                ],
                [
                    -470.93977081775665,
                    -26.2216237783432,
                    -479.8926990032196,
                    -26.2216237783432,
                    -26.2216237783432,
                    -179.13683366775513,
                    -26.2216237783432,
                    -41.89389896392822,
                    -186.28177690505981,
                    -186.28177690505981,
                    -186.28177690505981
                ],
                [
                    -465.28762316703796,
                    -28.98789644241333,
                    -467.2144718170166,
                    -28.98789644241333,
                    -28.98789644241333,
                    -179.42276334762573,
                    -28.98789644241333,
                    -46.47693991661072,
                    -184.88869166374207,
                    -184.88869166374207,
                    -184.88869166374207
                ],
                [
                    -452.47143721580505,
                    -30.527206897735596,
                    -480.11442255973816,
                    -30.527206897735596,
                    -30.527206897735596,
                    -168.6313292980194,
                    -30.527206897735596,
                    -44.833725333213806,
                    -186.7080476284027,
                    -186.7080476284027,
                    -186.7080476284027
                ],
                [
                    -480.51219391822815,
                    -29.381118774414062,
                    -495.75437331199646,
                    -29.381118774414062,
                    -29.381118774414062,
                    -179.52354836463928,
                    -29.381118774414062,
                    -44.11277914047241,
                    -184.08393096923828,
                    -184.08393096923828,
                    -184.08393096923828
                ],
                [
                    -452.47143721580505,
                    -30.527206897735596,
                    -480.11442255973816,
                    -30.527206897735596,
                    -30.527206897735596,
                    -168.6313292980194,
                    -30.527206897735596,
                    -44.833725333213806,
                    -186.7080476284027,
                    -186.7080476284027,
                    -186.7080476284027
                ],
                [
                    -480.51219391822815,
                    -29.381118774414062,
                    -495.75437331199646,
                    -29.381118774414062,
                    -29.381118774414062,
                    -179.52354836463928,
                    -29.381118774414062,
                    -44.11277914047241,
                    -184.08393096923828,
                    -184.08393096923828,
                    -184.08393096923828
                ]
            ]
        ],
        "prompt_sensitivities": [
            25.194780077690318
        ],
        "posix": 25.194780077690318
    }
}