{
    "file_name": "question_100_variants.json",
    "overall_posix": 15.225344522326104,
    "detailed_scores": [
        {
            "Variation 1": 5.619618591509368,
            "Variation 2": 38.89635602633158,
            "Variation 3": 1.9279710493589703,
            "Variation 4": 2.1508562735148837,
            "Variation 5": 1.9279710493589703,
            "Variation 6": 1.9279710493589703,
            "Variation 7": 2.1508562735148837,
            "Variation 8": 0.0,
            "Variation 9": 38.89635602633158,
            "Variation 10": 38.89635602633158
        }
    ],
    "trace": {
        "prompts": [
            "Does the patient have a pleural effusion according to the X-ray? Please choose from the following two options: [yes, no]\n<image>"
        ],
        "responses": [
            [
                "Yes, the X-ray shows a pleural effusion.",
                "No, the patient does not have a pleural effusion according to the X-ray. The X-ray shows a normal chest with no signs of pleural effusion.",
                "Yes",
                "Yes, the patient has a pleural effusion according to the X-ray.",
                "Yes, the patient appears to have a pleural effusion according to the X-ray.",
                "Yes, the patient has a pleural effusion according to the X-ray.",
                "Yes, the patient has a pleural effusion according to the X-ray.",
                "Yes, the patient appears to have a pleural effusion according to the X-ray.",
                "Yes, the X-ray shows a pleural effusion.",
                "Yes",
                "Yes"
            ]
        ],
        "logprob_matrices": [
            [
                [
                    -149.66796326637268,
                    -363.21346974372864,
                    -32.97889518737793,
                    -186.29941320419312,
                    -194.83594501018524,
                    -186.29941320419312,
                    -186.29941320419312,
                    -194.83594501018524,
                    -149.66796326637268,
                    -32.97889518737793,
                    -32.97889518737793
                ],
                [
                    -139.435040473938,
                    -356.54939913749695,
                    -27.744568824768066,
                    -186.03215074539185,
                    -193.1293830871582,
                    -186.03215074539185,
                    -186.03215074539185,
                    -193.1293830871582,
                    -139.435040473938,
                    -27.744568824768066,
                    -27.744568824768066
                ],
                [
                    -130.69905412197113,
                    -357.6822588443756,
                    -30.507522106170654,
                    -170.26059520244598,
                    -183.7442455291748,
                    -170.26059520244598,
                    -170.26059520244598,
                    -183.7442455291748,
                    -130.69905412197113,
                    -30.507522106170654,
                    -30.507522106170654
                ],
                [
                    -146.36018359661102,
                    -380.88090658187866,
                    -31.723236083984375,
                    -187.47953629493713,
                    -217.48084151744843,
                    -187.47953629493713,
                    -187.47953629493713,
                    -217.48084151744843,
                    -146.36018359661102,
                    -31.723236083984375,
                    -31.723236083984375
                ],
                [
                    -139.435040473938,
                    -356.54939913749695,
                    -27.744568824768066,
                    -186.03215074539185,
                    -193.1293830871582,
                    -186.03215074539185,
                    -186.03215074539185,
                    -193.1293830871582,
                    -139.435040473938,
                    -27.744568824768066,
                    -27.744568824768066
                ],
                [
                    -151.68765091896057,
                    -360.7729375362396,
                    -30.66587734222412,
                    -166.64747095108032,
                    -198.83792090415955,
                    -166.64747095108032,
                    -166.64747095108032,
                    -198.83792090415955,
                    -151.68765091896057,
                    -30.66587734222412,
                    -30.66587734222412
                ],
                [
                    -151.68765091896057,
                    -360.7729375362396,
                    -30.66587734222412,
                    -166.64747095108032,
                    -198.83792090415955,
                    -166.64747095108032,
                    -166.64747095108032,
                    -198.83792090415955,
                    -151.68765091896057,
                    -30.66587734222412,
                    -30.66587734222412
                ],
                [
                    -153.38873612880707,
                    -358.43446111679077,
                    -25.59525728225708,
                    -178.30593872070312,
                    -200.61237823963165,
                    -178.30593872070312,
                    -178.30593872070312,
                    -200.61237823963165,
                    -153.38873612880707,
                    -25.59525728225708,
                    -25.59525728225708
                ],
                [
                    -139.435040473938,
                    -356.54939913749695,
                    -27.744568824768066,
                    -186.03215074539185,
                    -193.1293830871582,
                    -186.03215074539185,
                    -186.03215074539185,
                    -193.1293830871582,
                    -139.435040473938,
                    -27.744568824768066,
                    -27.744568824768066
                ],
                [
                    -130.69905412197113,
                    -357.6822588443756,
                    -30.507522106170654,
                    -170.26059520244598,
                    -183.7442455291748,
                    -170.26059520244598,
                    -170.26059520244598,
                    -183.7442455291748,
                    -130.69905412197113,
                    -30.507522106170654,
                    -30.507522106170654
                ],
                [
                    -153.38873612880707,
                    -358.43446111679077,
                    -25.59525728225708,
                    -178.30593872070312,
                    -200.61237823963165,
                    -178.30593872070312,
                    -178.30593872070312,
                    -200.61237823963165,
                    -153.38873612880707,
                    -25.59525728225708,
                    -25.59525728225708
                ]
            ]
        ],
        "prompt_sensitivities": [
            15.225344522326104
        ],
        "posix": 15.225344522326104
    }
}