{
    "file_name": "question_319_variants.json",
    "overall_posix": 13.596327003978727,
    "detailed_scores": [
        {
            "Variation 1": 81.81266227960586,
            "Variation 2": 12.527484464645386,
            "Variation 3": 12.527484464645386,
            "Variation 4": 12.527484464645386,
            "Variation 5": 12.527484464645386,
            "Variation 6": 12.527484464645386,
            "Variation 7": 140.0559803644816,
            "Variation 8": 0.6558854675292969,
            "Variation 9": 12.527484464645386,
            "Variation 10": 12.527484464645386
        }
    ],
    "trace": {
        "prompts": [
            "Does the X-ray image suggest the presence of a pneumothorax? Please choose from the following two options: [yes, no]\n<image>"
        ],
        "responses": [
            [
                "Yes, the X-ray image suggests the presence of a pneumothorax. The pneumothorax is indicated by the air collection visible in the chest cavity, which is not normally present.",
                "[no]",
                "Yes, the X-ray image suggests the presence of a pneumothorax.",
                "Yes, the X-ray image suggests the presence of a pneumothorax.",
                "Yes, the X-ray image suggests the presence of a pneumothorax.",
                "Yes, the X-ray image suggests the presence of a pneumothorax.",
                "Yes, the X-ray image suggests the presence of a pneumothorax.",
                "Yes",
                "Based on the X-ray image provided, it is not possible to definitively determine the presence of a pneumothorax. The image appears to be of low quality and is not clear enough to make a confident diagnosis. A pneumoth",
                "Yes, the X-ray image suggests the presence of a pneumothorax.",
                "Yes, the X-ray image suggests the presence of a pneumothorax."
            ]
        ],
        "logprob_matrices": [
            [
                [
                    -453.5560655593872,
                    -44.49275416135788,
                    -203.0063762664795,
                    -203.0063762664795,
                    -203.0063762664795,
                    -203.0063762664795,
                    -203.0063762664795,
                    -33.38812446594238,
                    -486.35033893585205,
                    -203.0063762664795,
                    -203.0063762664795
                ],
                [
                    -452.8216769695282,
                    -46.391374349594116,
                    -215.9275847673416,
                    -215.9275847673416,
                    -215.9275847673416,
                    -215.9275847673416,
                    -215.9275847673416,
                    -30.12882709503174,
                    -468.4182171821594,
                    -215.9275847673416,
                    -215.9275847673416
                ],
                [
                    -443.7545790672302,
                    -47.243796825408936,
                    -202.86278772354126,
                    -202.86278772354126,
                    -202.86278772354126,
                    -202.86278772354126,
                    -202.86278772354126,
                    -28.99099349975586,
                    -463.52571511268616,
                    -202.86278772354126,
                    -202.86278772354126
                ],
                [
                    -444.362886428833,
                    -48.75925254821777,
                    -200.67482995986938,
                    -200.67482995986938,
                    -200.67482995986938,
                    -200.67482995986938,
                    -200.67482995986938,
                    -26.87037491798401,
                    -496.00992012023926,
                    -200.67482995986938,
                    -200.67482995986938
                ],
                [
                    -444.362886428833,
                    -48.75925254821777,
                    -200.67482995986938,
                    -200.67482995986938,
                    -200.67482995986938,
                    -200.67482995986938,
                    -200.67482995986938,
                    -26.87037491798401,
                    -496.00992012023926,
                    -200.67482995986938,
                    -200.67482995986938
                ],
                [
                    -444.362886428833,
                    -48.75925254821777,
                    -200.67482995986938,
                    -200.67482995986938,
                    -200.67482995986938,
                    -200.67482995986938,
                    -200.67482995986938,
                    -26.87037491798401,
                    -496.00992012023926,
                    -200.67482995986938,
                    -200.67482995986938
                ],
                [
                    -444.362886428833,
                    -48.75925254821777,
                    -200.67482995986938,
                    -200.67482995986938,
                    -200.67482995986938,
                    -200.67482995986938,
                    -200.67482995986938,
                    -26.87037491798401,
                    -496.00992012023926,
                    -200.67482995986938,
                    -200.67482995986938
                ],
                [
                    -452.8216769695282,
                    -46.391374349594116,
                    -215.9275847673416,
                    -215.9275847673416,
                    -215.9275847673416,
                    -215.9275847673416,
                    -215.9275847673416,
                    -30.12882709503174,
                    -468.4182171821594,
                    -215.9275847673416,
                    -215.9275847673416
                ],
                [
                    -452.8216769695282,
                    -46.391374349594116,
                    -215.9275847673416,
                    -215.9275847673416,
                    -215.9275847673416,
                    -215.9275847673416,
                    -215.9275847673416,
                    -30.12882709503174,
                    -468.4182171821594,
                    -215.9275847673416,
                    -215.9275847673416
                ],
                [
                    -444.362886428833,
                    -48.75925254821777,
                    -200.67482995986938,
                    -200.67482995986938,
                    -200.67482995986938,
                    -200.67482995986938,
                    -200.67482995986938,
                    -26.87037491798401,
                    -496.00992012023926,
                    -200.67482995986938,
                    -200.67482995986938
                ],
                [
                    -444.362886428833,
                    -48.75925254821777,
                    -200.67482995986938,
                    -200.67482995986938,
                    -200.67482995986938,
                    -200.67482995986938,
                    -200.67482995986938,
                    -26.87037491798401,
                    -496.00992012023926,
                    -200.67482995986938,
                    -200.67482995986938
                ]
            ]
        ],
        "prompt_sensitivities": [
            13.596327003978727
        ],
        "posix": 13.596327003978727
    }
}