{
    "file_name": "question_289_variants.json",
    "overall_posix": 12.577552115499758,
    "detailed_scores": [
        {
            "Variation 1": 94.6941270828247,
            "Variation 2": 94.6941270828247,
            "Variation 3": 94.6941270828247,
            "Variation 4": 94.6941270828247,
            "Variation 5": 94.6941270828247,
            "Variation 6": 94.6941270828247,
            "Variation 7": 94.6941270828247,
            "Variation 8": 94.6941270828247,
            "Variation 9": 8.50350302808425,
            "Variation 10": 94.6941270828247
        }
    ],
    "trace": {
        "prompts": [
            "Does the patient show reduced lung volumes on the chest X-ray? Please choose from the following two options: [yes, no]\n<image>"
        ],
        "responses": [
            [
                "Yes, the patient in the chest X-ray appears to have reduced lung volumes, which could be indicative of a lung condition or disease.",
                "Yes",
                "Yes",
                "Yes",
                "Yes",
                "Yes",
                "Yes",
                "Yes",
                "Yes",
                "Yes, the patient shows reduced lung volumes on the chest X-ray.",
                "Yes"
            ]
        ],
        "logprob_matrices": [
            [
                [
                    -310.9109454154968,
                    -26.828564167022705,
                    -26.828564167022705,
                    -26.828564167022705,
                    -26.828564167022705,
                    -26.828564167022705,
                    -26.828564167022705,
                    -26.828564167022705,
                    -26.828564167022705,
                    -166.35139393806458,
                    -26.828564167022705
                ],
                [
                    -299.0734705924988,
                    -28.423130989074707,
                    -28.423130989074707,
                    -28.423130989074707,
                    -28.423130989074707,
                    -28.423130989074707,
                    -28.423130989074707,
                    -28.423130989074707,
                    -28.423130989074707,
                    -161.9710249900818,
                    -28.423130989074707
                ],
                [
                    -301.4036648273468,
                    -28.960806846618652,
                    -28.960806846618652,
                    -28.960806846618652,
                    -28.960806846618652,
                    -28.960806846618652,
                    -28.960806846618652,
                    -28.960806846618652,
                    -28.960806846618652,
                    -152.39998352527618,
                    -28.960806846618652
                ],
                [
                    -299.0734705924988,
                    -28.423130989074707,
                    -28.423130989074707,
                    -28.423130989074707,
                    -28.423130989074707,
                    -28.423130989074707,
                    -28.423130989074707,
                    -28.423130989074707,
                    -28.423130989074707,
                    -161.9710249900818,
                    -28.423130989074707
                ],
                [
                    -301.4036648273468,
                    -28.960806846618652,
                    -28.960806846618652,
                    -28.960806846618652,
                    -28.960806846618652,
                    -28.960806846618652,
                    -28.960806846618652,
                    -28.960806846618652,
                    -28.960806846618652,
                    -152.39998352527618,
                    -28.960806846618652
                ],
                [
                    -287.81064462661743,
                    -26.847096920013428,
                    -26.847096920013428,
                    -26.847096920013428,
                    -26.847096920013428,
                    -26.847096920013428,
                    -26.847096920013428,
                    -26.847096920013428,
                    -26.847096920013428,
                    -164.91348123550415,
                    -26.847096920013428
                ],
                [
                    -304.6675515174866,
                    -27.076425075531006,
                    -27.076425075531006,
                    -27.076425075531006,
                    -27.076425075531006,
                    -27.076425075531006,
                    -27.076425075531006,
                    -27.076425075531006,
                    -27.076425075531006,
                    -167.33853960037231,
                    -27.076425075531006
                ],
                [
                    -287.81064462661743,
                    -26.847096920013428,
                    -26.847096920013428,
                    -26.847096920013428,
                    -26.847096920013428,
                    -26.847096920013428,
                    -26.847096920013428,
                    -26.847096920013428,
                    -26.847096920013428,
                    -164.91348123550415,
                    -26.847096920013428
                ],
                [
                    -301.4036648273468,
                    -28.960806846618652,
                    -28.960806846618652,
                    -28.960806846618652,
                    -28.960806846618652,
                    -28.960806846618652,
                    -28.960806846618652,
                    -28.960806846618652,
                    -28.960806846618652,
                    -152.39998352527618,
                    -28.960806846618652
                ],
                [
                    -301.4036648273468,
                    -28.960806846618652,
                    -28.960806846618652,
                    -28.960806846618652,
                    -28.960806846618652,
                    -28.960806846618652,
                    -28.960806846618652,
                    -28.960806846618652,
                    -28.960806846618652,
                    -152.39998352527618,
                    -28.960806846618652
                ],
                [
                    -301.4036648273468,
                    -28.960806846618652,
                    -28.960806846618652,
                    -28.960806846618652,
                    -28.960806846618652,
                    -28.960806846618652,
                    -28.960806846618652,
                    -28.960806846618652,
                    -28.960806846618652,
                    -152.39998352527618,
                    -28.960806846618652
                ]
            ]
        ],
        "prompt_sensitivities": [
            12.577552115499758
        ],
        "posix": 12.577552115499758
    }
}