{
    "file_name": "question_165_variants.json",
    "overall_posix": 16.761345094044994,
    "detailed_scores": [
        {
            "Variation 1": 47.04915261268616,
            "Variation 2": 47.04915261268616,
            "Variation 3": 0.0,
            "Variation 4": 46.66523130734762,
            "Variation 5": 0.0,
            "Variation 6": 0.0,
            "Variation 7": 47.04915261268616,
            "Variation 8": 46.66523130734762,
            "Variation 9": 47.04915261268616,
            "Variation 10": 0.06044549942016601
        }
    ],
    "trace": {
        "prompts": [
            "Are the patient's lungs appearing clear on the chest X-ray? Please choose from the following two options: [yes, no]\n<image>"
        ],
        "responses": [
            [
                "No, the patient's lungs are not appearing clear on the chest X-ray.",
                "No",
                "No",
                "No, the patient's lungs are not appearing clear on the chest X-ray.",
                "Yes",
                "No, the patient's lungs are not appearing clear on the chest X-ray.",
                "No, the patient's lungs are not appearing clear on the chest X-ray.",
                "No",
                "Yes",
                "No",
                "No, the patient's lungs do not appear clear on the chest X-ray."
            ]
        ],
        "logprob_matrices": [
            [
                [
                    -166.41519904136658,
                    -25.267741203308105,
                    -25.267741203308105,
                    -166.41519904136658,
                    -26.41950511932373,
                    -166.41519904136658,
                    -166.41519904136658,
                    -25.267741203308105,
                    -26.41950511932373,
                    -25.267741203308105,
                    -165.20628905296326
                ],
                [
                    -193.84581303596497,
                    -29.93046760559082,
                    -29.93046760559082,
                    -193.84581303596497,
                    -29.258092880249023,
                    -193.84581303596497,
                    -193.84581303596497,
                    -29.93046760559082,
                    -29.258092880249023,
                    -29.93046760559082,
                    -196.27520775794983
                ],
                [
                    -194.60785245895386,
                    -22.529788613319397,
                    -22.529788613319397,
                    -194.60785245895386,
                    -23.311452507972717,
                    -194.60785245895386,
                    -194.60785245895386,
                    -22.529788613319397,
                    -23.311452507972717,
                    -22.529788613319397,
                    -196.05244970321655
                ],
                [
                    -184.62541365623474,
                    -23.898698806762695,
                    -23.898698806762695,
                    -184.62541365623474,
                    -24.400577545166016,
                    -184.62541365623474,
                    -184.62541365623474,
                    -23.898698806762695,
                    -24.400577545166016,
                    -23.898698806762695,
                    -185.19726729393005
                ],
                [
                    -193.84581303596497,
                    -29.93046760559082,
                    -29.93046760559082,
                    -193.84581303596497,
                    -29.258092880249023,
                    -193.84581303596497,
                    -193.84581303596497,
                    -29.93046760559082,
                    -29.258092880249023,
                    -29.93046760559082,
                    -196.27520775794983
                ],
                [
                    -184.62541365623474,
                    -23.898698806762695,
                    -23.898698806762695,
                    -184.62541365623474,
                    -24.400577545166016,
                    -184.62541365623474,
                    -184.62541365623474,
                    -23.898698806762695,
                    -24.400577545166016,
                    -23.898698806762695,
                    -185.19726729393005
                ],
                [
                    -184.62541365623474,
                    -23.898698806762695,
                    -23.898698806762695,
                    -184.62541365623474,
                    -24.400577545166016,
                    -184.62541365623474,
                    -184.62541365623474,
                    -23.898698806762695,
                    -24.400577545166016,
                    -23.898698806762695,
                    -185.19726729393005
                ],
                [
                    -193.84581303596497,
                    -29.93046760559082,
                    -29.93046760559082,
                    -193.84581303596497,
                    -29.258092880249023,
                    -193.84581303596497,
                    -193.84581303596497,
                    -29.93046760559082,
                    -29.258092880249023,
                    -29.93046760559082,
                    -196.27520775794983
                ],
                [
                    -186.40445744991302,
                    -28.485729455947876,
                    -28.485729455947876,
                    -186.40445744991302,
                    -31.071542978286743,
                    -186.40445744991302,
                    -186.40445744991302,
                    -28.485729455947876,
                    -31.071542978286743,
                    -28.485729455947876,
                    -190.49038207530975
                ],
                [
                    -184.62541365623474,
                    -23.898698806762695,
                    -23.898698806762695,
                    -184.62541365623474,
                    -24.400577545166016,
                    -184.62541365623474,
                    -184.62541365623474,
                    -23.898698806762695,
                    -24.400577545166016,
                    -23.898698806762695,
                    -185.19726729393005
                ],
                [
                    -194.60785245895386,
                    -22.529788613319397,
                    -22.529788613319397,
                    -194.60785245895386,
                    -23.311452507972717,
                    -194.60785245895386,
                    -194.60785245895386,
                    -22.529788613319397,
                    -23.311452507972717,
                    -22.529788613319397,
                    -196.05244970321655
                ]
            ]
        ],
        "prompt_sensitivities": [
            16.761345094044994
        ],
        "posix": 16.761345094044994
    }
}