{
    "file_name": "question_216_variants.json",
    "overall_posix": 9.823780533685637,
    "detailed_scores": [
        {
            "Variation 1": 56.41282320022583,
            "Variation 2": 56.41282320022583,
            "Variation 3": 56.41282320022583,
            "Variation 4": 56.41282320022583,
            "Variation 5": 56.41282320022583,
            "Variation 6": 56.41282320022583,
            "Variation 7": 56.41282320022583,
            "Variation 8": 56.41282320022583,
            "Variation 9": 56.41282320022583,
            "Variation 10": 0.0
        }
    ],
    "trace": {
        "prompts": [
            "Does the chest X-ray show any lung masses or nodules? Please choose from the following two options: [yes, no]\n<image>"
        ],
        "responses": [
            [
                "No, the chest X-ray does not show any lung masses or nodules.",
                "Yes",
                "Yes",
                "Yes",
                "Yes",
                "Yes",
                "Yes",
                "Yes",
                "Yes",
                "Yes",
                "No, the chest X-ray does not show any lung masses or nodules."
            ]
        ],
        "logprob_matrices": [
            [
                [
                    -201.050678730011,
                    -31.812209129333496,
                    -31.812209129333496,
                    -31.812209129333496,
                    -31.812209129333496,
                    -31.812209129333496,
                    -31.812209129333496,
                    -31.812209129333496,
                    -31.812209129333496,
                    -31.812209129333496,
                    -201.050678730011
                ],
                [
                    -173.99173307418823,
                    -29.364480018615723,
                    -29.364480018615723,
                    -29.364480018615723,
                    -29.364480018615723,
                    -29.364480018615723,
                    -29.364480018615723,
                    -29.364480018615723,
                    -29.364480018615723,
                    -29.364480018615723,
                    -173.99173307418823
                ],
                [
                    -173.99173307418823,
                    -29.364480018615723,
                    -29.364480018615723,
                    -29.364480018615723,
                    -29.364480018615723,
                    -29.364480018615723,
                    -29.364480018615723,
                    -29.364480018615723,
                    -29.364480018615723,
                    -29.364480018615723,
                    -173.99173307418823
                ],
                [
                    -173.99173307418823,
                    -29.364480018615723,
                    -29.364480018615723,
                    -29.364480018615723,
                    -29.364480018615723,
                    -29.364480018615723,
                    -29.364480018615723,
                    -29.364480018615723,
                    -29.364480018615723,
                    -29.364480018615723,
                    -173.99173307418823
                ],
                [
                    -173.99173307418823,
                    -29.364480018615723,
                    -29.364480018615723,
                    -29.364480018615723,
                    -29.364480018615723,
                    -29.364480018615723,
                    -29.364480018615723,
                    -29.364480018615723,
                    -29.364480018615723,
                    -29.364480018615723,
                    -173.99173307418823
                ],
                [
                    -173.99173307418823,
                    -29.364480018615723,
                    -29.364480018615723,
                    -29.364480018615723,
                    -29.364480018615723,
                    -29.364480018615723,
                    -29.364480018615723,
                    -29.364480018615723,
                    -29.364480018615723,
                    -29.364480018615723,
                    -173.99173307418823
                ],
                [
                    -193.9321575164795,
                    -28.53023338317871,
                    -28.53023338317871,
                    -28.53023338317871,
                    -28.53023338317871,
                    -28.53023338317871,
                    -28.53023338317871,
                    -28.53023338317871,
                    -28.53023338317871,
                    -28.53023338317871,
                    -193.9321575164795
                ],
                [
                    -173.32946801185608,
                    -29.283010482788086,
                    -29.283010482788086,
                    -29.283010482788086,
                    -29.283010482788086,
                    -29.283010482788086,
                    -29.283010482788086,
                    -29.283010482788086,
                    -29.283010482788086,
                    -29.283010482788086,
                    -173.32946801185608
                ],
                [
                    -173.32946801185608,
                    -29.283010482788086,
                    -29.283010482788086,
                    -29.283010482788086,
                    -29.283010482788086,
                    -29.283010482788086,
                    -29.283010482788086,
                    -29.283010482788086,
                    -29.283010482788086,
                    -29.283010482788086,
                    -173.32946801185608
                ],
                [
                    -173.32946801185608,
                    -29.283010482788086,
                    -29.283010482788086,
                    -29.283010482788086,
                    -29.283010482788086,
                    -29.283010482788086,
                    -29.283010482788086,
                    -29.283010482788086,
                    -29.283010482788086,
                    -29.283010482788086,
                    -173.32946801185608
                ],
                [
                    -173.99173307418823,
                    -29.364480018615723,
                    -29.364480018615723,
                    -29.364480018615723,
                    -29.364480018615723,
                    -29.364480018615723,
                    -29.364480018615723,
                    -29.364480018615723,
                    -29.364480018615723,
                    -29.364480018615723,
                    -173.99173307418823
                ]
            ]
        ],
        "prompt_sensitivities": [
            9.823780533685637
        ],
        "posix": 9.823780533685637
    }
}