{
    "file_name": "question_328_variants.json",
    "overall_posix": 17.603916863540203,
    "detailed_scores": [
        {
            "Variation 1": 100.99398285150528,
            "Variation 2": 100.99398285150528,
            "Variation 3": 7.903636795282364,
            "Variation 4": 0.0,
            "Variation 5": 7.903636795282364,
            "Variation 6": 7.903636795282364,
            "Variation 7": 7.903636795282364,
            "Variation 8": 7.903636795282364,
            "Variation 9": 7.903636795282364,
            "Variation 10": 101.89243465662003
        }
    ],
    "trace": {
        "prompts": [
            "Are there any signs of infection or consolidation in the lungs on the image? Please choose from the following two options: [yes, no]\n<image>"
        ],
        "responses": [
            [
                "No, there are no signs of infection or consolidation in the lungs on the image. The image shows a normal chest X-ray with no abnormalities visible.",
                "Yes",
                "Yes",
                "No, there are no signs of infection or consolidation in the lungs on the image.",
                "No, there are no signs of infection or consolidation in the lungs on the image. The image shows a normal chest X-ray with no abnormalities visible.",
                "No, there are no signs of infection or consolidation in the lungs on the image.",
                "No, there are no signs of infection or consolidation in the lungs on the image.",
                "No, there are no signs of infection or consolidation in the lungs on the image.",
                "No, there are no signs of infection or consolidation in the lungs on the image.",
                "No, there are no signs of infection or consolidation in the lungs on the image.",
                "No"
            ]
        ],
        "logprob_matrices": [
            [
                [
                    -328.8438296318054,
                    -25.86188107728958,
                    -25.86188107728958,
                    -170.77109372615814,
                    -328.8438296318054,
                    -170.77109372615814,
                    -170.77109372615814,
                    -170.77109372615814,
                    -170.77109372615814,
                    -170.77109372615814,
                    -23.166525661945343
                ],
                [
                    -332.8303793668747,
                    -25.526309967041016,
                    -25.526309967041016,
                    -180.43067979812622,
                    -332.8303793668747,
                    -180.43067979812622,
                    -180.43067979812622,
                    -180.43067979812622,
                    -180.43067979812622,
                    -180.43067979812622,
                    -23.67510986328125
                ],
                [
                    -343.3137140274048,
                    -31.1080904006958,
                    -31.1080904006958,
                    -189.3251621723175,
                    -343.3137140274048,
                    -189.3251621723175,
                    -189.3251621723175,
                    -189.3251621723175,
                    -189.3251621723175,
                    -189.3251621723175,
                    -28.21933364868164
                ],
                [
                    -342.383975148201,
                    -28.073697686195374,
                    -28.073697686195374,
                    -190.12333178520203,
                    -342.383975148201,
                    -190.12333178520203,
                    -190.12333178520203,
                    -190.12333178520203,
                    -190.12333178520203,
                    -190.12333178520203,
                    -26.38997232913971
                ],
                [
                    -342.383975148201,
                    -28.073697686195374,
                    -28.073697686195374,
                    -190.12333178520203,
                    -342.383975148201,
                    -190.12333178520203,
                    -190.12333178520203,
                    -190.12333178520203,
                    -190.12333178520203,
                    -190.12333178520203,
                    -26.38997232913971
                ],
                [
                    -342.383975148201,
                    -28.073697686195374,
                    -28.073697686195374,
                    -190.12333178520203,
                    -342.383975148201,
                    -190.12333178520203,
                    -190.12333178520203,
                    -190.12333178520203,
                    -190.12333178520203,
                    -190.12333178520203,
                    -26.38997232913971
                ],
                [
                    -342.383975148201,
                    -28.073697686195374,
                    -28.073697686195374,
                    -190.12333178520203,
                    -342.383975148201,
                    -190.12333178520203,
                    -190.12333178520203,
                    -190.12333178520203,
                    -190.12333178520203,
                    -190.12333178520203,
                    -26.38997232913971
                ],
                [
                    -341.16974544525146,
                    -27.909229516983032,
                    -27.909229516983032,
                    -198.40666151046753,
                    -341.16974544525146,
                    -198.40666151046753,
                    -198.40666151046753,
                    -198.40666151046753,
                    -198.40666151046753,
                    -198.40666151046753,
                    -27.349832773208618
                ],
                [
                    -332.8303793668747,
                    -25.526309967041016,
                    -25.526309967041016,
                    -180.43067979812622,
                    -332.8303793668747,
                    -180.43067979812622,
                    -180.43067979812622,
                    -180.43067979812622,
                    -180.43067979812622,
                    -180.43067979812622,
                    -23.67510986328125
                ],
                [
                    -342.383975148201,
                    -28.073697686195374,
                    -28.073697686195374,
                    -190.12333178520203,
                    -342.383975148201,
                    -190.12333178520203,
                    -190.12333178520203,
                    -190.12333178520203,
                    -190.12333178520203,
                    -190.12333178520203,
                    -26.38997232913971
                ],
                [
                    -343.3137140274048,
                    -31.1080904006958,
                    -31.1080904006958,
                    -189.3251621723175,
                    -343.3137140274048,
                    -189.3251621723175,
                    -189.3251621723175,
                    -189.3251621723175,
                    -189.3251621723175,
                    -189.3251621723175,
                    -28.21933364868164
                ]
            ]
        ],
        "prompt_sensitivities": [
            17.603916863540203
        ],
        "posix": 17.603916863540203
    }
}