{
    "file_name": "question_390_variants.json",
    "overall_posix": 15.504884392424254,
    "detailed_scores": [
        {
            "Variation 1": 0.0,
            "Variation 2": 0.0,
            "Variation 3": 49.81666970252991,
            "Variation 4": 50.4930104414622,
            "Variation 5": 0.652825677394867,
            "Variation 6": 49.81666970252991,
            "Variation 7": 0.04504565188759252,
            "Variation 8": 49.81666970252991,
            "Variation 9": 0.0,
            "Variation 10": 50.4930104414622
        }
    ],
    "trace": {
        "prompts": [
            "Can any mass or tumor be seen in the lungs? Please choose from the following two options: [yes, no]\n<image>"
        ],
        "responses": [
            [
                "No, there is no mass or tumor visible in the lungs in this image.",
                "No, there is no mass or tumor visible in the lungs in this image.",
                "No, there is no mass or tumor visible in the lungs in this image.",
                "Yes",
                "No",
                "No, there is no mass or tumor visible in the lungs in the image provided.",
                "Yes",
                "No, there is no mass or tumor visible in the lungs on this image.",
                "Yes",
                "No, there is no mass or tumor visible in the lungs in this image.",
                "No"
            ]
        ],
        "logprob_matrices": [
            [
                [
                    -179.3008382320404,
                    -179.3008382320404,
                    -179.3008382320404,
                    -29.850829124450684,
                    -27.82180690765381,
                    -192.35735177993774,
                    -29.850829124450684,
                    -180.15670561790466,
                    -29.850829124450684,
                    -179.3008382320404,
                    -27.82180690765381
                ],
                [
                    -168.5659339427948,
                    -168.5659339427948,
                    -168.5659339427948,
                    -27.91065287590027,
                    -26.286728620529175,
                    -186.11952114105225,
                    -27.91065287590027,
                    -167.81123328208923,
                    -27.91065287590027,
                    -168.5659339427948,
                    -26.286728620529175
                ],
                [
                    -173.27085256576538,
                    -173.27085256576538,
                    -173.27085256576538,
                    -26.38819646835327,
                    -24.21546506881714,
                    -187.05955338478088,
                    -26.38819646835327,
                    -174.04662561416626,
                    -26.38819646835327,
                    -173.27085256576538,
                    -24.21546506881714
                ],
                [
                    -168.5659339427948,
                    -168.5659339427948,
                    -168.5659339427948,
                    -27.91065287590027,
                    -26.286728620529175,
                    -186.11952114105225,
                    -27.91065287590027,
                    -167.81123328208923,
                    -27.91065287590027,
                    -168.5659339427948,
                    -26.286728620529175
                ],
                [
                    -173.27085256576538,
                    -173.27085256576538,
                    -173.27085256576538,
                    -26.38819646835327,
                    -24.21546506881714,
                    -187.05955338478088,
                    -26.38819646835327,
                    -174.04662561416626,
                    -26.38819646835327,
                    -173.27085256576538,
                    -24.21546506881714
                ],
                [
                    -181.00228762626648,
                    -181.00228762626648,
                    -181.00228762626648,
                    -28.478322982788086,
                    -28.048014640808105,
                    -185.20924258232117,
                    -28.478322982788086,
                    -183.21938681602478,
                    -28.478322982788086,
                    -181.00228762626648,
                    -28.048014640808105
                ],
                [
                    -168.5659339427948,
                    -168.5659339427948,
                    -168.5659339427948,
                    -27.91065287590027,
                    -26.286728620529175,
                    -186.11952114105225,
                    -27.91065287590027,
                    -167.81123328208923,
                    -27.91065287590027,
                    -168.5659339427948,
                    -26.286728620529175
                ],
                [
                    -167.71848249435425,
                    -167.71848249435425,
                    -167.71848249435425,
                    -26.59850239753723,
                    -25.739413499832153,
                    -172.22096490859985,
                    -26.59850239753723,
                    -168.25807237625122,
                    -26.59850239753723,
                    -167.71848249435425,
                    -25.739413499832153
                ],
                [
                    -173.27085256576538,
                    -173.27085256576538,
                    -173.27085256576538,
                    -26.38819646835327,
                    -24.21546506881714,
                    -187.05955338478088,
                    -26.38819646835327,
                    -174.04662561416626,
                    -26.38819646835327,
                    -173.27085256576538,
                    -24.21546506881714
                ],
                [
                    -168.5659339427948,
                    -168.5659339427948,
                    -168.5659339427948,
                    -27.91065287590027,
                    -26.286728620529175,
                    -186.11952114105225,
                    -27.91065287590027,
                    -167.81123328208923,
                    -27.91065287590027,
                    -168.5659339427948,
                    -26.286728620529175
                ],
                [
                    -169.92161297798157,
                    -169.92161297798157,
                    -169.92161297798157,
                    -29.041197299957275,
                    -28.671465396881104,
                    -184.6285982131958,
                    -29.041197299957275,
                    -171.0325129032135,
                    -29.041197299957275,
                    -169.92161297798157,
                    -28.671465396881104
                ]
            ]
        ],
        "prompt_sensitivities": [
            15.504884392424254
        ],
        "posix": 15.504884392424254
    }
}