{
    "file_name": "question_150_variants.json",
    "overall_posix": 18.627453425016096,
    "detailed_scores": [
        {
            "Variation 1": 0.0,
            "Variation 2": 48.15662558873495,
            "Variation 3": 1.4689152457497336,
            "Variation 4": 1.4689152457497336,
            "Variation 5": 1.4689152457497336,
            "Variation 6": 6.584871125221253,
            "Variation 7": 48.97240177790324,
            "Variation 8": 1.4689152457497336,
            "Variation 9": 1.4689152457497336,
            "Variation 10": 48.15662558873495
        }
    ],
    "trace": {
        "prompts": [
            "Does the patient show any evidence of pneumonia on their chest X-ray? Please choose from the following two options: [yes, no]\n<image>"
        ],
        "responses": [
            [
                "No, there is no evidence of pneumonia on the chest X-ray.",
                "No, there is no evidence of pneumonia on the chest X-ray.",
                "Yes",
                "No, the patient does not show any evidence of pneumonia on their chest X-ray.",
                "No, the patient does not show any evidence of pneumonia on their chest X-ray.",
                "No, the patient does not show any evidence of pneumonia on their chest X-ray.",
                "Based on the image provided, it is not possible to definitively determine if the patient has pneumonia. The image shows a chest X-ray with the lungs visible, but there are no clear signs of pneumonia, such as consolidation",
                "No",
                "No, the patient does not show any evidence of pneumonia on their chest X-ray.",
                "No, the patient does not show any evidence of pneumonia on their chest X-ray.",
                "Yes"
            ]
        ],
        "logprob_matrices": [
            [
                [
                    -175.24338674545288,
                    -175.24338674545288,
                    -30.773509979248047,
                    -207.55952215194702,
                    -207.55952215194702,
                    -207.55952215194702,
                    -504.4869430065155,
                    -28.326181411743164,
                    -207.55952215194702,
                    -207.55952215194702,
                    -30.773509979248047
                ],
                [
                    -176.53054523468018,
                    -176.53054523468018,
                    -30.082088708877563,
                    -206.81923925876617,
                    -206.81923925876617,
                    -206.81923925876617,
                    -480.91275703907013,
                    -28.571534395217896,
                    -206.81923925876617,
                    -206.81923925876617,
                    -30.082088708877563
                ],
                [
                    -166.74634456634521,
                    -166.74634456634521,
                    -24.549563884735107,
                    -222.96062898635864,
                    -222.96062898635864,
                    -222.96062898635864,
                    -465.2335969209671,
                    -22.913756847381592,
                    -222.96062898635864,
                    -222.96062898635864,
                    -24.549563884735107
                ],
                [
                    -166.74634456634521,
                    -166.74634456634521,
                    -24.549563884735107,
                    -222.96062898635864,
                    -222.96062898635864,
                    -222.96062898635864,
                    -465.2335969209671,
                    -22.913756847381592,
                    -222.96062898635864,
                    -222.96062898635864,
                    -24.549563884735107
                ],
                [
                    -182.62374877929688,
                    -182.62374877929688,
                    -32.52763557434082,
                    -214.76577997207642,
                    -214.76577997207642,
                    -214.76577997207642,
                    -470.85187244415283,
                    -31.266721725463867,
                    -214.76577997207642,
                    -214.76577997207642,
                    -32.52763557434082
                ],
                [
                    -175.16482019424438,
                    -175.16482019424438,
                    -28.95553207397461,
                    -199.67223930358887,
                    -199.67223930358887,
                    -199.67223930358887,
                    -491.50597870349884,
                    -26.698126792907715,
                    -199.67223930358887,
                    -199.67223930358887,
                    -28.95553207397461
                ],
                [
                    -166.74634456634521,
                    -166.74634456634521,
                    -24.549563884735107,
                    -222.96062898635864,
                    -222.96062898635864,
                    -222.96062898635864,
                    -465.2335969209671,
                    -22.913756847381592,
                    -222.96062898635864,
                    -222.96062898635864,
                    -24.549563884735107
                ],
                [
                    -176.53054523468018,
                    -176.53054523468018,
                    -30.082088708877563,
                    -206.81923925876617,
                    -206.81923925876617,
                    -206.81923925876617,
                    -480.91275703907013,
                    -28.571534395217896,
                    -206.81923925876617,
                    -206.81923925876617,
                    -30.082088708877563
                ],
                [
                    -166.74634456634521,
                    -166.74634456634521,
                    -24.549563884735107,
                    -222.96062898635864,
                    -222.96062898635864,
                    -222.96062898635864,
                    -465.2335969209671,
                    -22.913756847381592,
                    -222.96062898635864,
                    -222.96062898635864,
                    -24.549563884735107
                ],
                [
                    -166.74634456634521,
                    -166.74634456634521,
                    -24.549563884735107,
                    -222.96062898635864,
                    -222.96062898635864,
                    -222.96062898635864,
                    -465.2335969209671,
                    -22.913756847381592,
                    -222.96062898635864,
                    -222.96062898635864,
                    -24.549563884735107
                ],
                [
                    -182.62374877929688,
                    -182.62374877929688,
                    -32.52763557434082,
                    -214.76577997207642,
                    -214.76577997207642,
                    -214.76577997207642,
                    -470.85187244415283,
                    -31.266721725463867,
                    -214.76577997207642,
                    -214.76577997207642,
                    -32.52763557434082
                ]
            ]
        ],
        "prompt_sensitivities": [
            18.627453425016096
        ],
        "posix": 18.627453425016096
    }
}