{
    "file_name": "question_161_variants.json",
    "overall_posix": 14.629571252906484,
    "detailed_scores": [
        {
            "Variation 1": 79.72059148550034,
            "Variation 2": 79.72059148550034,
            "Variation 3": 79.72059148550034,
            "Variation 4": 79.72059148550034,
            "Variation 5": 79.72059148550034,
            "Variation 6": 0.0,
            "Variation 7": 79.72059148550034,
            "Variation 8": 79.72059148550034,
            "Variation 9": 79.72059148550034,
            "Variation 10": 79.72059148550034
        }
    ],
    "trace": {
        "prompts": [
            "Is the scarring mentioned as being widespread throughout both lungs? Please choose from the following two options: [yes, no]\n<image>"
        ],
        "responses": [
            [
                "No, the scarring is not widespread throughout both lungs. The image shows a single lung with scarring, not both lungs.",
                "No",
                "No",
                "No",
                "No",
                "No",
                "No, the scarring is not widespread throughout both lungs. The image shows a single lung with scarring, not both lungs.",
                "No",
                "No",
                "No",
                "No"
            ]
        ],
        "logprob_matrices": [
            [
                [
                    -267.8988578915596,
                    -28.737083435058594,
                    -28.737083435058594,
                    -28.737083435058594,
                    -28.737083435058594,
                    -28.737083435058594,
                    -267.8988578915596,
                    -28.737083435058594,
                    -28.737083435058594,
                    -28.737083435058594,
                    -28.737083435058594
                ],
                [
                    -271.904394030571,
                    -33.86035490036011,
                    -33.86035490036011,
                    -33.86035490036011,
                    -33.86035490036011,
                    -33.86035490036011,
                    -271.904394030571,
                    -33.86035490036011,
                    -33.86035490036011,
                    -33.86035490036011,
                    -33.86035490036011
                ],
                [
                    -279.8219983577728,
                    -33.87535238265991,
                    -33.87535238265991,
                    -33.87535238265991,
                    -33.87535238265991,
                    -33.87535238265991,
                    -279.8219983577728,
                    -33.87535238265991,
                    -33.87535238265991,
                    -33.87535238265991,
                    -33.87535238265991
                ],
                [
                    -266.079927444458,
                    -35.325767517089844,
                    -35.325767517089844,
                    -35.325767517089844,
                    -35.325767517089844,
                    -35.325767517089844,
                    -266.079927444458,
                    -35.325767517089844,
                    -35.325767517089844,
                    -35.325767517089844,
                    -35.325767517089844
                ],
                [
                    -279.8219983577728,
                    -33.87535238265991,
                    -33.87535238265991,
                    -33.87535238265991,
                    -33.87535238265991,
                    -33.87535238265991,
                    -279.8219983577728,
                    -33.87535238265991,
                    -33.87535238265991,
                    -33.87535238265991,
                    -33.87535238265991
                ],
                [
                    -271.2910215854645,
                    -34.523056507110596,
                    -34.523056507110596,
                    -34.523056507110596,
                    -34.523056507110596,
                    -34.523056507110596,
                    -271.2910215854645,
                    -34.523056507110596,
                    -34.523056507110596,
                    -34.523056507110596,
                    -34.523056507110596
                ],
                [
                    -279.8219983577728,
                    -33.87535238265991,
                    -33.87535238265991,
                    -33.87535238265991,
                    -33.87535238265991,
                    -33.87535238265991,
                    -279.8219983577728,
                    -33.87535238265991,
                    -33.87535238265991,
                    -33.87535238265991,
                    -33.87535238265991
                ],
                [
                    -279.8219983577728,
                    -33.87535238265991,
                    -33.87535238265991,
                    -33.87535238265991,
                    -33.87535238265991,
                    -33.87535238265991,
                    -279.8219983577728,
                    -33.87535238265991,
                    -33.87535238265991,
                    -33.87535238265991,
                    -33.87535238265991
                ],
                [
                    -271.904394030571,
                    -33.86035490036011,
                    -33.86035490036011,
                    -33.86035490036011,
                    -33.86035490036011,
                    -33.86035490036011,
                    -271.904394030571,
                    -33.86035490036011,
                    -33.86035490036011,
                    -33.86035490036011,
                    -33.86035490036011
                ],
                [
                    -271.2910215854645,
                    -34.523056507110596,
                    -34.523056507110596,
                    -34.523056507110596,
                    -34.523056507110596,
                    -34.523056507110596,
                    -271.2910215854645,
                    -34.523056507110596,
                    -34.523056507110596,
                    -34.523056507110596,
                    -34.523056507110596
                ],
                [
                    -271.2910215854645,
                    -34.523056507110596,
                    -34.523056507110596,
                    -34.523056507110596,
                    -34.523056507110596,
                    -34.523056507110596,
                    -271.2910215854645,
                    -34.523056507110596,
                    -34.523056507110596,
                    -34.523056507110596,
                    -34.523056507110596
                ]
            ]
        ],
        "prompt_sensitivities": [
            14.629571252906484
        ],
        "posix": 14.629571252906484
    }
}