{
    "file_name": "question_45_variants.json",
    "overall_posix": 5.15738429154404,
    "detailed_scores": [
        {
            "Variation 1": 9.375149297714234,
            "Variation 2": 9.375149297714234,
            "Variation 3": 8.540583531061808,
            "Variation 4": 9.375149297714234,
            "Variation 5": 65.84941692352295,
            "Variation 6": 9.375149297714234,
            "Variation 7": 9.375149297714234,
            "Variation 8": 9.375149297714234,
            "Variation 9": 8.540583531061808,
            "Variation 10": 9.375149297714234
        }
    ],
    "trace": {
        "prompts": [
            "Is there evidence of pneumothorax on the chest X-ray? Please choose from the following two options: [yes, no]\n<image>"
        ],
        "responses": [
            [
                "No, there is no evidence of pneumothorax on the chest X-ray. The image shows a normal chest X-ray with the lungs, heart, and ribs visible.",
                "Yes, there is evidence of pneumothorax on the chest X-ray.",
                "Yes, there is evidence of pneumothorax on the chest X-ray.",
                "No, there is no evidence of pneumothorax on the chest X-ray.",
                "Yes, there is evidence of pneumothorax on the chest X-ray.",
                "[no]",
                "Yes, there is evidence of pneumothorax on the chest X-ray.",
                "Yes, there is evidence of pneumothorax on the chest X-ray.",
                "Yes, there is evidence of pneumothorax on the chest X-ray.",
                "No, there is no evidence of pneumothorax on the chest X-ray.",
                "Yes, there is evidence of pneumothorax on the chest X-ray."
            ]
        ],
        "logprob_matrices": [
            [
                [
                    -373.8781199455261,
                    -186.37513399124146,
                    -186.37513399124146,
                    -194.52586579322815,
                    -186.37513399124146,
                    -44.63103532791138,
                    -186.37513399124146,
                    -186.37513399124146,
                    -186.37513399124146,
                    -194.52586579322815,
                    -186.37513399124146
                ],
                [
                    -376.619477391243,
                    -194.2654480934143,
                    -194.2654480934143,
                    -208.01988458633423,
                    -194.2654480934143,
                    -43.70514249801636,
                    -194.2654480934143,
                    -194.2654480934143,
                    -194.2654480934143,
                    -208.01988458633423,
                    -194.2654480934143
                ],
                [
                    -370.23752999305725,
                    -195.3853440284729,
                    -195.3853440284729,
                    -203.5912103652954,
                    -195.3853440284729,
                    -41.40410804748535,
                    -195.3853440284729,
                    -195.3853440284729,
                    -195.3853440284729,
                    -203.5912103652954,
                    -195.3853440284729
                ],
                [
                    -376.619477391243,
                    -194.2654480934143,
                    -194.2654480934143,
                    -208.01988458633423,
                    -194.2654480934143,
                    -43.70514249801636,
                    -194.2654480934143,
                    -194.2654480934143,
                    -194.2654480934143,
                    -208.01988458633423,
                    -194.2654480934143
                ],
                [
                    -378.7271775007248,
                    -203.29372119903564,
                    -203.29372119903564,
                    -215.7166986465454,
                    -203.29372119903564,
                    -40.94032061100006,
                    -203.29372119903564,
                    -203.29372119903564,
                    -203.29372119903564,
                    -215.7166986465454,
                    -203.29372119903564
                ],
                [
                    -376.619477391243,
                    -194.2654480934143,
                    -194.2654480934143,
                    -208.01988458633423,
                    -194.2654480934143,
                    -43.70514249801636,
                    -194.2654480934143,
                    -194.2654480934143,
                    -194.2654480934143,
                    -208.01988458633423,
                    -194.2654480934143
                ],
                [
                    -370.23752999305725,
                    -195.3853440284729,
                    -195.3853440284729,
                    -203.5912103652954,
                    -195.3853440284729,
                    -41.40410804748535,
                    -195.3853440284729,
                    -195.3853440284729,
                    -195.3853440284729,
                    -203.5912103652954,
                    -195.3853440284729
                ],
                [
                    -378.7271775007248,
                    -203.29372119903564,
                    -203.29372119903564,
                    -215.7166986465454,
                    -203.29372119903564,
                    -40.94032061100006,
                    -203.29372119903564,
                    -203.29372119903564,
                    -203.29372119903564,
                    -215.7166986465454,
                    -203.29372119903564
                ],
                [
                    -378.7271775007248,
                    -203.29372119903564,
                    -203.29372119903564,
                    -215.7166986465454,
                    -203.29372119903564,
                    -40.94032061100006,
                    -203.29372119903564,
                    -203.29372119903564,
                    -203.29372119903564,
                    -215.7166986465454,
                    -203.29372119903564
                ],
                [
                    -378.7271775007248,
                    -203.29372119903564,
                    -203.29372119903564,
                    -215.7166986465454,
                    -203.29372119903564,
                    -40.94032061100006,
                    -203.29372119903564,
                    -203.29372119903564,
                    -203.29372119903564,
                    -215.7166986465454,
                    -203.29372119903564
                ],
                [
                    -376.619477391243,
                    -194.2654480934143,
                    -194.2654480934143,
                    -208.01988458633423,
                    -194.2654480934143,
                    -43.70514249801636,
                    -194.2654480934143,
                    -194.2654480934143,
                    -194.2654480934143,
                    -208.01988458633423,
                    -194.2654480934143
                ]
            ]
        ],
        "prompt_sensitivities": [
            5.15738429154404
        ],
        "posix": 5.15738429154404
    }
}