{
    "file_name": "question_148_variants.json",
    "overall_posix": 25.784503286001566,
    "detailed_scores": [
        {
            "Variation 1": 91.74183938503265,
            "Variation 2": 156.38887119293213,
            "Variation 3": 156.38887119293213,
            "Variation 4": 0.054432191848754884,
            "Variation 5": 24.090591684977213,
            "Variation 6": 0.038000020980834964,
            "Variation 7": 24.090591684977213,
            "Variation 8": 156.38887119293213,
            "Variation 9": 24.090591684977213,
            "Variation 10": 29.006423711776733
        }
    ],
    "trace": {
        "prompts": [
            "Is the chest X-ray normal in appearance? Please choose from the following two options: [yes, no]\n<image>"
        ],
        "responses": [
            [
                "No, the chest X-ray in the image is not normal in appearance. It shows a significant amount of lung opacification, which could indicate a lung condition such as pneumonia, bronchitis, or emphysema. The",
                "[no]",
                "No",
                "No",
                "Based on the image provided, the chest X-ray appears to be normal in appearance. There are no obvious signs of abnormalities or pathology. However, it is important to note that a definitive assessment of a chest X-ray requires",
                "No, the chest X-ray is not normal in appearance.",
                "No, the chest X-ray is not normal in appearance. It shows a significant amount of fluid in the lungs, which is not typical for a normal X-ray. This could indicate a medical condition such as pneumonia or heart failure.",
                "No, the chest X-ray is not normal in appearance.",
                "No",
                "No, the chest X-ray is not normal in appearance.",
                "No, the chest X-ray appears abnormal."
            ]
        ],
        "logprob_matrices": [
            [
                [
                    -496.4134922027588,
                    -37.70429527759552,
                    -27.246878623962402,
                    -27.246878623962402,
                    -493.69188261032104,
                    -135.0546169281006,
                    -494.51349115371704,
                    -135.0546169281006,
                    -27.246878623962402,
                    -135.0546169281006,
                    -119.32998394966125
                ],
                [
                    -505.87557578086853,
                    -49.36612606048584,
                    -27.921871185302734,
                    -27.921871185302734,
                    -485.59008491039276,
                    -151.3597023487091,
                    -494.42805457115173,
                    -151.3597023487091,
                    -27.921871185302734,
                    -151.3597023487091,
                    -125.79423308372498
                ],
                [
                    -502.40207290649414,
                    -47.93721675872803,
                    -31.30279302597046,
                    -31.30279302597046,
                    -465.6515588760376,
                    -148.79109585285187,
                    -494.80331540107727,
                    -148.79109585285187,
                    -31.30279302597046,
                    -148.79109585285187,
                    -125.52293086051941
                ],
                [
                    -505.87557578086853,
                    -49.36612606048584,
                    -27.921871185302734,
                    -27.921871185302734,
                    -485.59008491039276,
                    -151.3597023487091,
                    -494.42805457115173,
                    -151.3597023487091,
                    -27.921871185302734,
                    -151.3597023487091,
                    -125.79423308372498
                ],
                [
                    -493.2354881763458,
                    -49.83355188369751,
                    -31.62902021408081,
                    -31.62902021408081,
                    -492.6457471847534,
                    -131.3714977502823,
                    -487.1045114994049,
                    -131.3714977502823,
                    -31.62902021408081,
                    -131.3714977502823,
                    -127.07334208488464
                ],
                [
                    -505.87557578086853,
                    -49.36612606048584,
                    -27.921871185302734,
                    -27.921871185302734,
                    -485.59008491039276,
                    -151.3597023487091,
                    -494.42805457115173,
                    -151.3597023487091,
                    -27.921871185302734,
                    -151.3597023487091,
                    -125.79423308372498
                ],
                [
                    -505.87557578086853,
                    -49.36612606048584,
                    -27.921871185302734,
                    -27.921871185302734,
                    -485.59008491039276,
                    -151.3597023487091,
                    -494.42805457115173,
                    -151.3597023487091,
                    -27.921871185302734,
                    -151.3597023487091,
                    -125.79423308372498
                ],
                [
                    -486.195720911026,
                    -42.81817603111267,
                    -32.66743469238281,
                    -32.66743469238281,
                    -485.22524642944336,
                    -129.257404088974,
                    -473.44145464897156,
                    -129.257404088974,
                    -32.66743469238281,
                    -129.257404088974,
                    -119.16259157657623
                ],
                [
                    -502.40207290649414,
                    -47.93721675872803,
                    -31.30279302597046,
                    -31.30279302597046,
                    -465.6515588760376,
                    -148.79109585285187,
                    -494.80331540107727,
                    -148.79109585285187,
                    -31.30279302597046,
                    -148.79109585285187,
                    -125.52293086051941
                ],
                [
                    -505.87557578086853,
                    -49.36612606048584,
                    -27.921871185302734,
                    -27.921871185302734,
                    -485.59008491039276,
                    -151.3597023487091,
                    -494.42805457115173,
                    -151.3597023487091,
                    -27.921871185302734,
                    -151.3597023487091,
                    -125.79423308372498
                ],
                [
                    -505.87557578086853,
                    -49.36612606048584,
                    -27.921871185302734,
                    -27.921871185302734,
                    -485.59008491039276,
                    -151.3597023487091,
                    -494.42805457115173,
                    -151.3597023487091,
                    -27.921871185302734,
                    -151.3597023487091,
                    -125.79423308372498
                ]
            ]
        ],
        "prompt_sensitivities": [
            25.784503286001566
        ],
        "posix": 25.784503286001566
    }
}