{
    "file_name": "question_260_variants.json",
    "overall_posix": 21.225995888518337,
    "detailed_scores": [
        {
            "Variation 1": 61.580320040384926,
            "Variation 2": 61.580320040384926,
            "Variation 3": 61.580320040384926,
            "Variation 4": 1.983671552994672,
            "Variation 5": 61.580320040384926,
            "Variation 6": 61.580320040384926,
            "Variation 7": 1.983671552994672,
            "Variation 8": 61.580320040384926,
            "Variation 9": 5.132224795430205,
            "Variation 10": 61.580320040384926
        }
    ],
    "trace": {
        "prompts": [
            "Are there any signs of focal airspace disease within the lungs? Please choose from the following two options: [yes, no]\n<image>"
        ],
        "responses": [
            [
                "Yes, there is a focal airspace disease visible in the lungs on the X-ray image.",
                "Yes",
                "Yes",
                "Yes",
                "Yes, there are signs of focal airspace disease within the lungs.",
                "Yes",
                "Yes",
                "Yes, there are signs of focal airspace disease within the lungs.",
                "Yes",
                "Based on the image provided, there is no clear evidence of focal airspace disease within the lungs. The lungs appear to be relatively clear with no distinct areas of consolidation or infiltration.",
                "Yes"
            ]
        ],
        "logprob_matrices": [
            [
                [
                    -211.41103744506836,
                    -26.670077323913574,
                    -26.670077323913574,
                    -26.670077323913574,
                    -177.68862104415894,
                    -26.670077323913574,
                    -26.670077323913574,
                    -177.68862104415894,
                    -26.670077323913574,
                    -432.0967036485672,
                    -26.670077323913574
                ],
                [
                    -216.4067051410675,
                    -27.88945245742798,
                    -27.88945245742798,
                    -27.88945245742798,
                    -168.40471363067627,
                    -27.88945245742798,
                    -27.88945245742798,
                    -168.40471363067627,
                    -27.88945245742798,
                    -427.1513944864273,
                    -27.88945245742798
                ],
                [
                    -210.6971673965454,
                    -29.218881845474243,
                    -29.218881845474243,
                    -29.218881845474243,
                    -172.36781477928162,
                    -29.218881845474243,
                    -29.218881845474243,
                    -172.36781477928162,
                    -29.218881845474243,
                    -432.395969748497,
                    -29.218881845474243
                ],
                [
                    -210.6971673965454,
                    -29.218881845474243,
                    -29.218881845474243,
                    -29.218881845474243,
                    -172.36781477928162,
                    -29.218881845474243,
                    -29.218881845474243,
                    -172.36781477928162,
                    -29.218881845474243,
                    -432.395969748497,
                    -29.218881845474243
                ],
                [
                    -203.99717235565186,
                    -23.5142183303833,
                    -23.5142183303833,
                    -23.5142183303833,
                    -161.3851547241211,
                    -23.5142183303833,
                    -23.5142183303833,
                    -161.3851547241211,
                    -23.5142183303833,
                    -413.365585565567,
                    -23.5142183303833
                ],
                [
                    -216.4067051410675,
                    -27.88945245742798,
                    -27.88945245742798,
                    -27.88945245742798,
                    -168.40471363067627,
                    -27.88945245742798,
                    -27.88945245742798,
                    -168.40471363067627,
                    -27.88945245742798,
                    -427.1513944864273,
                    -27.88945245742798
                ],
                [
                    -216.4067051410675,
                    -27.88945245742798,
                    -27.88945245742798,
                    -27.88945245742798,
                    -168.40471363067627,
                    -27.88945245742798,
                    -27.88945245742798,
                    -168.40471363067627,
                    -27.88945245742798,
                    -427.1513944864273,
                    -27.88945245742798
                ],
                [
                    -210.6971673965454,
                    -29.218881845474243,
                    -29.218881845474243,
                    -29.218881845474243,
                    -172.36781477928162,
                    -29.218881845474243,
                    -29.218881845474243,
                    -172.36781477928162,
                    -29.218881845474243,
                    -432.395969748497,
                    -29.218881845474243
                ],
                [
                    -219.38227152824402,
                    -28.840397119522095,
                    -28.840397119522095,
                    -28.840397119522095,
                    -183.49614143371582,
                    -28.840397119522095,
                    -28.840397119522095,
                    -183.49614143371582,
                    -28.840397119522095,
                    -445.2776999473572,
                    -28.840397119522095
                ],
                [
                    -210.6971673965454,
                    -29.218881845474243,
                    -29.218881845474243,
                    -29.218881845474243,
                    -172.36781477928162,
                    -29.218881845474243,
                    -29.218881845474243,
                    -172.36781477928162,
                    -29.218881845474243,
                    -432.395969748497,
                    -29.218881845474243
                ],
                [
                    -219.38227152824402,
                    -28.840397119522095,
                    -28.840397119522095,
                    -28.840397119522095,
                    -183.49614143371582,
                    -28.840397119522095,
                    -28.840397119522095,
                    -183.49614143371582,
                    -28.840397119522095,
                    -445.2776999473572,
                    -28.840397119522095
                ]
            ]
        ],
        "prompt_sensitivities": [
            21.225995888518337
        ],
        "posix": 21.225995888518337
    }
}