{
    "file_name": "question_201_variants.json",
    "overall_posix": 18.095105991616762,
    "detailed_scores": [
        {
            "Variation 1": 20.60545812547207,
            "Variation 2": 20.60545812547207,
            "Variation 3": 0.5745846324496799,
            "Variation 4": 20.60545812547207,
            "Variation 5": 20.60545812547207,
            "Variation 6": 24.45362172807966,
            "Variation 7": 20.60545812547207,
            "Variation 8": 0.5583373362367804,
            "Variation 9": 152.676828622818,
            "Variation 10": 152.676828622818
        }
    ],
    "trace": {
        "prompts": [
            "Does the X-ray show any signs of lung congestion? Please choose from the following two options: [yes, no]\n<image>"
        ],
        "responses": [
            [
                "Yes, the X-ray shows signs of lung congestion. The presence of white areas in the lungs indicates that there is fluid or air trapped in the air sacs, which is a common sign of lung congestion.",
                "Yes, the X-ray shows signs of lung congestion.",
                "Yes, the X-ray shows signs of lung congestion.",
                "Based on the X-ray image provided, there are no visible signs of lung congestion. The lungs appear to be clear, with no evidence of fluid accumulation or other indicators of congestion.",
                "Yes, the X-ray shows signs of lung congestion.",
                "Yes, the X-ray shows signs of lung congestion.",
                "The X-ray shows signs of lung congestion.",
                "Yes, the X-ray shows signs of lung congestion.",
                "Based on the X-ray image provided, there are no visible signs of lung congestion. The lungs appear clear and there are no indications of fluid accumulation or other signs of congestion.",
                "Yes",
                "Yes"
            ]
        ],
        "logprob_matrices": [
            [
                [
                    -488.85632586479187,
                    -159.16899585723877,
                    -159.16899585723877,
                    -463.0000174045563,
                    -159.16899585723877,
                    -159.16899585723877,
                    -146.50562167167664,
                    -159.16899585723877,
                    -464.28948307037354,
                    -30.82583999633789,
                    -30.82583999633789
                ],
                [
                    -486.95152139663696,
                    -154.00665473937988,
                    -154.00665473937988,
                    -452.27731066942215,
                    -154.00665473937988,
                    -154.00665473937988,
                    -132.83844637870789,
                    -154.00665473937988,
                    -443.97610235214233,
                    -27.13207697868347,
                    -27.13207697868347
                ],
                [
                    -467.9473328590393,
                    -157.5338613986969,
                    -157.5338613986969,
                    -449.83961033821106,
                    -157.5338613986969,
                    -157.5338613986969,
                    -139.85386657714844,
                    -157.5338613986969,
                    -442.85087633132935,
                    -32.01677942276001,
                    -32.01677942276001
                ],
                [
                    -483.34053134918213,
                    -160.49692678451538,
                    -160.49692678451538,
                    -448.8455488681793,
                    -160.49692678451538,
                    -160.49692678451538,
                    -135.58489608764648,
                    -160.49692678451538,
                    -440.7201313972473,
                    -32.56556272506714,
                    -32.56556272506714
                ],
                [
                    -486.95152139663696,
                    -154.00665473937988,
                    -154.00665473937988,
                    -452.27731066942215,
                    -154.00665473937988,
                    -154.00665473937988,
                    -132.83844637870789,
                    -154.00665473937988,
                    -443.97610235214233,
                    -27.13207697868347,
                    -27.13207697868347
                ],
                [
                    -486.95152139663696,
                    -154.00665473937988,
                    -154.00665473937988,
                    -452.27731066942215,
                    -154.00665473937988,
                    -154.00665473937988,
                    -132.83844637870789,
                    -154.00665473937988,
                    -443.97610235214233,
                    -27.13207697868347,
                    -27.13207697868347
                ],
                [
                    -483.34053134918213,
                    -160.49692678451538,
                    -160.49692678451538,
                    -448.8455488681793,
                    -160.49692678451538,
                    -160.49692678451538,
                    -135.58489608764648,
                    -160.49692678451538,
                    -440.7201313972473,
                    -32.56556272506714,
                    -32.56556272506714
                ],
                [
                    -467.9473328590393,
                    -157.5338613986969,
                    -157.5338613986969,
                    -449.83961033821106,
                    -157.5338613986969,
                    -157.5338613986969,
                    -139.85386657714844,
                    -157.5338613986969,
                    -442.85087633132935,
                    -32.01677942276001,
                    -32.01677942276001
                ],
                [
                    -486.95152139663696,
                    -154.00665473937988,
                    -154.00665473937988,
                    -452.27731066942215,
                    -154.00665473937988,
                    -154.00665473937988,
                    -132.83844637870789,
                    -154.00665473937988,
                    -443.97610235214233,
                    -27.13207697868347,
                    -27.13207697868347
                ],
                [
                    -483.34053134918213,
                    -160.49692678451538,
                    -160.49692678451538,
                    -448.8455488681793,
                    -160.49692678451538,
                    -160.49692678451538,
                    -135.58489608764648,
                    -160.49692678451538,
                    -440.7201313972473,
                    -32.56556272506714,
                    -32.56556272506714
                ],
                [
                    -467.9473328590393,
                    -157.5338613986969,
                    -157.5338613986969,
                    -449.83961033821106,
                    -157.5338613986969,
                    -157.5338613986969,
                    -139.85386657714844,
                    -157.5338613986969,
                    -442.85087633132935,
                    -32.01677942276001,
                    -32.01677942276001
                ]
            ]
        ],
        "prompt_sensitivities": [
            18.095105991616762
        ],
        "posix": 18.095105991616762
    }
}