{
    "file_name": "question_336_variants.json",
    "overall_posix": 12.648192058645957,
    "detailed_scores": [
        {
            "Variation 1": 2.4090778050215347,
            "Variation 2": 80.69549127419789,
            "Variation 3": 46.002967429161075,
            "Variation 4": 46.002967429161075,
            "Variation 5": 29.85703786781856,
            "Variation 6": 29.85703786781856,
            "Variation 7": 1.9906888753175735,
            "Variation 8": 46.002967429161075,
            "Variation 9": 1.9906888753175735,
            "Variation 10": 46.002967429161075
        }
    ],
    "trace": {
        "prompts": [
            "According to the chest X-ray, are the lungs well-inflated and without collapse? Please choose from the following two options: [yes, no]\n<image>"
        ],
        "responses": [
            [
                "No, the lungs in the chest X-ray appear to be poorly inflated and there is evidence of collapse, particularly in the right lung.",
                "Yes, the lungs appear to be well-inflated and without collapse in the chest X-ray.",
                "No",
                "[no]",
                "[no]",
                "[no, no]",
                "[no, no]",
                "No, the lungs in the chest X-ray are not well-inflated and appear to be collapsed.",
                "[no]",
                "No, the lungs in the chest X-ray are not well-inflated and appear to be collapsed.",
                "[no]"
            ]
        ],
        "logprob_matrices": [
            [
                [
                    -273.84621369838715,
                    -218.43742418289185,
                    -31.759739875793457,
                    -43.83137655258179,
                    -43.83137655258179,
                    -64.84694862365723,
                    -64.84694862365723,
                    -226.06968069076538,
                    -43.83137655258179,
                    -226.06968069076538,
                    -43.83137655258179
                ],
                [
                    -265.37828755378723,
                    -209.98788118362427,
                    -23.411353290081024,
                    -52.96737480163574,
                    -52.96737480163574,
                    -66.62323188781738,
                    -66.62323188781738,
                    -209.413179397583,
                    -52.96737480163574,
                    -209.413179397583,
                    -52.96737480163574
                ],
                [
                    -265.37828755378723,
                    -209.98788118362427,
                    -23.411353290081024,
                    -52.96737480163574,
                    -52.96737480163574,
                    -66.62323188781738,
                    -66.62323188781738,
                    -209.413179397583,
                    -52.96737480163574,
                    -209.413179397583,
                    -52.96737480163574
                ],
                [
                    -265.37828755378723,
                    -209.98788118362427,
                    -23.411353290081024,
                    -52.96737480163574,
                    -52.96737480163574,
                    -66.62323188781738,
                    -66.62323188781738,
                    -209.413179397583,
                    -52.96737480163574,
                    -209.413179397583,
                    -52.96737480163574
                ],
                [
                    -265.37828755378723,
                    -209.98788118362427,
                    -23.411353290081024,
                    -52.96737480163574,
                    -52.96737480163574,
                    -66.62323188781738,
                    -66.62323188781738,
                    -209.413179397583,
                    -52.96737480163574,
                    -209.413179397583,
                    -52.96737480163574
                ],
                [
                    -265.37828755378723,
                    -209.98788118362427,
                    -23.411353290081024,
                    -52.96737480163574,
                    -52.96737480163574,
                    -66.62323188781738,
                    -66.62323188781738,
                    -209.413179397583,
                    -52.96737480163574,
                    -209.413179397583,
                    -52.96737480163574
                ],
                [
                    -291.5691192150116,
                    -206.32448601722717,
                    -30.421875953674316,
                    -48.01843070983887,
                    -48.01843070983887,
                    -61.80633068084717,
                    -61.80633068084717,
                    -226.699640750885,
                    -48.01843070983887,
                    -226.699640750885,
                    -48.01843070983887
                ],
                [
                    -298.7058484554291,
                    -192.16936659812927,
                    -26.882177352905273,
                    -45.06455898284912,
                    -45.06455898284912,
                    -59.8700737953186,
                    -59.8700737953186,
                    -221.1142566204071,
                    -45.06455898284912,
                    -221.1142566204071,
                    -45.06455898284912
                ],
                [
                    -280.9141798019409,
                    -209.89869666099548,
                    -31.095989227294922,
                    -46.906450271606445,
                    -46.906450271606445,
                    -63.77995300292969,
                    -63.77995300292969,
                    -219.48402345180511,
                    -46.906450271606445,
                    -219.48402345180511,
                    -46.906450271606445
                ],
                [
                    -280.9141798019409,
                    -209.89869666099548,
                    -31.095989227294922,
                    -46.906450271606445,
                    -46.906450271606445,
                    -63.77995300292969,
                    -63.77995300292969,
                    -219.48402345180511,
                    -46.906450271606445,
                    -219.48402345180511,
                    -46.906450271606445
                ],
                [
                    -265.37828755378723,
                    -209.98788118362427,
                    -23.411353290081024,
                    -52.96737480163574,
                    -52.96737480163574,
                    -66.62323188781738,
                    -66.62323188781738,
                    -209.413179397583,
                    -52.96737480163574,
                    -209.413179397583,
                    -52.96737480163574
                ]
            ]
        ],
        "prompt_sensitivities": [
            12.648192058645957
        ],
        "posix": 12.648192058645957
    }
}