{
    "file_name": "question_119_variants.json",
    "overall_posix": 13.02538838131603,
    "detailed_scores": [
        {
            "Variation 1": 12.058731817063832,
            "Variation 2": 12.058731817063832,
            "Variation 3": 12.058731817063832,
            "Variation 4": 12.058731817063832,
            "Variation 5": 133.6973713239034,
            "Variation 6": 12.058731817063832,
            "Variation 7": 12.058731817063832,
            "Variation 8": 12.058731817063832,
            "Variation 9": 12.058731817063832,
            "Variation 10": 133.6973713239034
        }
    ],
    "trace": {
        "prompts": [
            "Is there evidence of a pneumothorax on the chest X-ray? Please choose from the following two options: [yes, no]\n<image>"
        ],
        "responses": [
            [
                "Yes, there is evidence of a pneumothorax on the chest X-ray. The presence of air in the pleural space, which is the space between the lungs and the chest wall, is indicative of a pneumothor",
                "Yes, there is evidence of a pneumothorax on the chest X-ray.",
                "Yes, there is evidence of a pneumothorax on the chest X-ray.",
                "Yes, there is evidence of a pneumothorax on the chest X-ray.",
                "Yes, there is evidence of a pneumothorax on the chest X-ray.",
                "Yes",
                "Yes, there is evidence of a pneumothorax on the chest X-ray.",
                "Yes, there is evidence of a pneumothorax on the chest X-ray.",
                "Yes, there is evidence of a pneumothorax on the chest X-ray.",
                "Yes, there is evidence of a pneumothorax on the chest X-ray.",
                "Yes"
            ]
        ],
        "logprob_matrices": [
            [
                [
                    -430.3138632774353,
                    -177.08049511909485,
                    -177.08049511909485,
                    -177.08049511909485,
                    -177.08049511909485,
                    -29.221749305725098,
                    -177.08049511909485,
                    -177.08049511909485,
                    -177.08049511909485,
                    -177.08049511909485,
                    -29.221749305725098
                ],
                [
                    -440.0409246683121,
                    -188.5653738975525,
                    -188.5653738975525,
                    -188.5653738975525,
                    -188.5653738975525,
                    -29.831108570098877,
                    -188.5653738975525,
                    -188.5653738975525,
                    -188.5653738975525,
                    -188.5653738975525,
                    -29.831108570098877
                ],
                [
                    -468.976279258728,
                    -199.25597095489502,
                    -199.25597095489502,
                    -199.25597095489502,
                    -199.25597095489502,
                    -31.43577480316162,
                    -199.25597095489502,
                    -199.25597095489502,
                    -199.25597095489502,
                    -199.25597095489502,
                    -31.43577480316162
                ],
                [
                    -468.976279258728,
                    -199.25597095489502,
                    -199.25597095489502,
                    -199.25597095489502,
                    -199.25597095489502,
                    -31.43577480316162,
                    -199.25597095489502,
                    -199.25597095489502,
                    -199.25597095489502,
                    -199.25597095489502,
                    -31.43577480316162
                ],
                [
                    -468.976279258728,
                    -199.25597095489502,
                    -199.25597095489502,
                    -199.25597095489502,
                    -199.25597095489502,
                    -31.43577480316162,
                    -199.25597095489502,
                    -199.25597095489502,
                    -199.25597095489502,
                    -199.25597095489502,
                    -31.43577480316162
                ],
                [
                    -440.0409246683121,
                    -188.5653738975525,
                    -188.5653738975525,
                    -188.5653738975525,
                    -188.5653738975525,
                    -29.831108570098877,
                    -188.5653738975525,
                    -188.5653738975525,
                    -188.5653738975525,
                    -188.5653738975525,
                    -29.831108570098877
                ],
                [
                    -468.976279258728,
                    -199.25597095489502,
                    -199.25597095489502,
                    -199.25597095489502,
                    -199.25597095489502,
                    -31.43577480316162,
                    -199.25597095489502,
                    -199.25597095489502,
                    -199.25597095489502,
                    -199.25597095489502,
                    -31.43577480316162
                ],
                [
                    -468.976279258728,
                    -199.25597095489502,
                    -199.25597095489502,
                    -199.25597095489502,
                    -199.25597095489502,
                    -31.43577480316162,
                    -199.25597095489502,
                    -199.25597095489502,
                    -199.25597095489502,
                    -199.25597095489502,
                    -31.43577480316162
                ],
                [
                    -468.976279258728,
                    -199.25597095489502,
                    -199.25597095489502,
                    -199.25597095489502,
                    -199.25597095489502,
                    -31.43577480316162,
                    -199.25597095489502,
                    -199.25597095489502,
                    -199.25597095489502,
                    -199.25597095489502,
                    -31.43577480316162
                ],
                [
                    -468.976279258728,
                    -199.25597095489502,
                    -199.25597095489502,
                    -199.25597095489502,
                    -199.25597095489502,
                    -31.43577480316162,
                    -199.25597095489502,
                    -199.25597095489502,
                    -199.25597095489502,
                    -199.25597095489502,
                    -31.43577480316162
                ],
                [
                    -445.0498607158661,
                    -184.58860039710999,
                    -184.58860039710999,
                    -184.58860039710999,
                    -184.58860039710999,
                    -26.788330793380737,
                    -184.58860039710999,
                    -184.58860039710999,
                    -184.58860039710999,
                    -184.58860039710999,
                    -26.788330793380737
                ]
            ]
        ],
        "prompt_sensitivities": [
            13.02538838131603
        ],
        "posix": 13.02538838131603
    }
}