{
    "file_name": "question_232_variants.json",
    "overall_posix": 23.05408878896038,
    "detailed_scores": [
        {
            "Variation 1": 0.0,
            "Variation 2": 78.23889875411987,
            "Variation 3": 78.23889875411987,
            "Variation 4": 1.9664700031280518,
            "Variation 5": 0.0,
            "Variation 6": 0.0,
            "Variation 7": 0.0,
            "Variation 8": 77.74785566329956,
            "Variation 9": 0.0,
            "Variation 10": 78.23889875411987
        }
    ],
    "trace": {
        "prompts": [
            "Does the patient have an enlarged heart on the X-ray? Please choose from the following two options: [yes, no]\n<image>"
        ],
        "responses": [
            [
                "No, the patient does not have an enlarged heart on the X-ray. The image shows a normal-sized heart.",
                "No, the patient does not have an enlarged heart on the X-ray. The image shows a normal-sized heart.",
                "No",
                "No",
                "No, the patient does not have an enlarged heart on the X-ray. The image shows a normal-sized heart within the chest cavity.",
                "No, the patient does not have an enlarged heart on the X-ray. The image shows a normal-sized heart.",
                "No, the patient does not have an enlarged heart on the X-ray. The image shows a normal-sized heart.",
                "No, the patient does not have an enlarged heart on the X-ray. The image shows a normal-sized heart.",
                "Yes",
                "No, the patient does not have an enlarged heart on the X-ray. The image shows a normal-sized heart.",
                "No"
            ]
        ],
        "logprob_matrices": [
            [
                [
                    -264.71826124191284,
                    -264.71826124191284,
                    -30.001564979553223,
                    -30.001564979553223,
                    -331.5782413482666,
                    -264.71826124191284,
                    -264.71826124191284,
                    -264.71826124191284,
                    -31.47469425201416,
                    -264.71826124191284,
                    -30.001564979553223
                ],
                [
                    -262.4455463886261,
                    -262.4455463886261,
                    -22.5463750064373,
                    -22.5463750064373,
                    -298.2234489917755,
                    -262.4455463886261,
                    -262.4455463886261,
                    -262.4455463886261,
                    -24.1942078769207,
                    -262.4455463886261,
                    -22.5463750064373
                ],
                [
                    -261.0055491924286,
                    -261.0055491924286,
                    -28.694283485412598,
                    -28.694283485412598,
                    -312.7558379173279,
                    -261.0055491924286,
                    -261.0055491924286,
                    -261.0055491924286,
                    -30.61655044555664,
                    -261.0055491924286,
                    -28.694283485412598
                ],
                [
                    -259.7133413553238,
                    -259.7133413553238,
                    -26.203367114067078,
                    -26.203367114067078,
                    -302.3435456752777,
                    -259.7133413553238,
                    -259.7133413553238,
                    -259.7133413553238,
                    -27.8437842130661,
                    -259.7133413553238,
                    -26.203367114067078
                ],
                [
                    -272.2520067691803,
                    -272.2520067691803,
                    -25.936909437179565,
                    -25.936909437179565,
                    -320.2218670845032,
                    -272.2520067691803,
                    -272.2520067691803,
                    -272.2520067691803,
                    -27.598461866378784,
                    -272.2520067691803,
                    -25.936909437179565
                ],
                [
                    -265.47629284858704,
                    -265.47629284858704,
                    -29.29073739051819,
                    -29.29073739051819,
                    -320.3632459640503,
                    -265.47629284858704,
                    -265.47629284858704,
                    -265.47629284858704,
                    -29.109255075454712,
                    -265.47629284858704,
                    -29.29073739051819
                ],
                [
                    -262.4455463886261,
                    -262.4455463886261,
                    -22.5463750064373,
                    -22.5463750064373,
                    -298.2234489917755,
                    -262.4455463886261,
                    -262.4455463886261,
                    -262.4455463886261,
                    -24.1942078769207,
                    -262.4455463886261,
                    -22.5463750064373
                ],
                [
                    -259.7133413553238,
                    -259.7133413553238,
                    -26.203367114067078,
                    -26.203367114067078,
                    -302.3435456752777,
                    -259.7133413553238,
                    -259.7133413553238,
                    -259.7133413553238,
                    -27.8437842130661,
                    -259.7133413553238,
                    -26.203367114067078
                ],
                [
                    -259.7133413553238,
                    -259.7133413553238,
                    -26.203367114067078,
                    -26.203367114067078,
                    -302.3435456752777,
                    -259.7133413553238,
                    -259.7133413553238,
                    -259.7133413553238,
                    -27.8437842130661,
                    -259.7133413553238,
                    -26.203367114067078
                ],
                [
                    -262.4455463886261,
                    -262.4455463886261,
                    -22.5463750064373,
                    -22.5463750064373,
                    -298.2234489917755,
                    -262.4455463886261,
                    -262.4455463886261,
                    -262.4455463886261,
                    -24.1942078769207,
                    -262.4455463886261,
                    -22.5463750064373
                ],
                [
                    -262.4455463886261,
                    -262.4455463886261,
                    -22.5463750064373,
                    -22.5463750064373,
                    -298.2234489917755,
                    -262.4455463886261,
                    -262.4455463886261,
                    -262.4455463886261,
                    -24.1942078769207,
                    -262.4455463886261,
                    -22.5463750064373
                ]
            ]
        ],
        "prompt_sensitivities": [
            23.05408878896038
        ],
        "posix": 23.05408878896038
    }
}