{
    "file_name": "question_283_variants.json",
    "overall_posix": 13.440357734280619,
    "detailed_scores": [
        {
            "Variation 1": 0.0,
            "Variation 2": 58.14560294151306,
            "Variation 3": 0.0,
            "Variation 4": 0.0,
            "Variation 5": 0.0,
            "Variation 6": 58.14560294151306,
            "Variation 7": 58.14560294151306,
            "Variation 8": 0.0,
            "Variation 9": 0.0,
            "Variation 10": 0.0
        }
    ],
    "trace": {
        "prompts": [
            "Is there any mention of a pneumothorax in the chest X-ray findings? Please choose from the following two options: [yes, no]\n<image>"
        ],
        "responses": [
            [
                "No, there is no mention of a pneumothorax in the chest X-ray findings.",
                "No, there is no mention of a pneumothorax in the chest X-ray findings.",
                "No",
                "No, there is no mention of a pneumothorax in the chest X-ray findings.",
                "No, there is no mention of a pneumothorax in the chest X-ray findings.",
                "No, there is no mention of a pneumothorax in the chest X-ray findings.",
                "No",
                "No",
                "No, there is no mention of a pneumothorax in the chest X-ray findings.",
                "No, there is no mention of a pneumothorax in the chest X-ray findings.",
                "No, there is no mention of a pneumothorax in the chest X-ray findings."
            ]
        ],
        "logprob_matrices": [
            [
                [
                    -207.50091862678528,
                    -207.50091862678528,
                    -33.064109802246094,
                    -207.50091862678528,
                    -207.50091862678528,
                    -207.50091862678528,
                    -33.064109802246094,
                    -33.064109802246094,
                    -207.50091862678528,
                    -207.50091862678528,
                    -207.50091862678528
                ],
                [
                    -180.51306319236755,
                    -180.51306319236755,
                    -28.47645616531372,
                    -180.51306319236755,
                    -180.51306319236755,
                    -180.51306319236755,
                    -28.47645616531372,
                    -28.47645616531372,
                    -180.51306319236755,
                    -180.51306319236755,
                    -180.51306319236755
                ],
                [
                    -206.51246118545532,
                    -206.51246118545532,
                    -32.096636056900024,
                    -206.51246118545532,
                    -206.51246118545532,
                    -206.51246118545532,
                    -32.096636056900024,
                    -32.096636056900024,
                    -206.51246118545532,
                    -206.51246118545532,
                    -206.51246118545532
                ],
                [
                    -201.1277301311493,
                    -201.1277301311493,
                    -32.57258129119873,
                    -201.1277301311493,
                    -201.1277301311493,
                    -201.1277301311493,
                    -32.57258129119873,
                    -32.57258129119873,
                    -201.1277301311493,
                    -201.1277301311493,
                    -201.1277301311493
                ],
                [
                    -206.51246118545532,
                    -206.51246118545532,
                    -32.096636056900024,
                    -206.51246118545532,
                    -206.51246118545532,
                    -206.51246118545532,
                    -32.096636056900024,
                    -32.096636056900024,
                    -206.51246118545532,
                    -206.51246118545532,
                    -206.51246118545532
                ],
                [
                    -180.51306319236755,
                    -180.51306319236755,
                    -28.47645616531372,
                    -180.51306319236755,
                    -180.51306319236755,
                    -180.51306319236755,
                    -28.47645616531372,
                    -28.47645616531372,
                    -180.51306319236755,
                    -180.51306319236755,
                    -180.51306319236755
                ],
                [
                    -218.02801990509033,
                    -218.02801990509033,
                    -31.38117218017578,
                    -218.02801990509033,
                    -218.02801990509033,
                    -218.02801990509033,
                    -31.38117218017578,
                    -31.38117218017578,
                    -218.02801990509033,
                    -218.02801990509033,
                    -218.02801990509033
                ],
                [
                    -180.51306319236755,
                    -180.51306319236755,
                    -28.47645616531372,
                    -180.51306319236755,
                    -180.51306319236755,
                    -180.51306319236755,
                    -28.47645616531372,
                    -28.47645616531372,
                    -180.51306319236755,
                    -180.51306319236755,
                    -180.51306319236755
                ],
                [
                    -180.51306319236755,
                    -180.51306319236755,
                    -28.47645616531372,
                    -180.51306319236755,
                    -180.51306319236755,
                    -180.51306319236755,
                    -28.47645616531372,
                    -28.47645616531372,
                    -180.51306319236755,
                    -180.51306319236755,
                    -180.51306319236755
                ],
                [
                    -206.51246118545532,
                    -206.51246118545532,
                    -32.096636056900024,
                    -206.51246118545532,
                    -206.51246118545532,
                    -206.51246118545532,
                    -32.096636056900024,
                    -32.096636056900024,
                    -206.51246118545532,
                    -206.51246118545532,
                    -206.51246118545532
                ],
                [
                    -180.51306319236755,
                    -180.51306319236755,
                    -28.47645616531372,
                    -180.51306319236755,
                    -180.51306319236755,
                    -180.51306319236755,
                    -28.47645616531372,
                    -28.47645616531372,
                    -180.51306319236755,
                    -180.51306319236755,
                    -180.51306319236755
                ]
            ]
        ],
        "prompt_sensitivities": [
            13.440357734280619
        ],
        "posix": 13.440357734280619
    }
}