{
    "file_name": "question_376_variants.json",
    "overall_posix": 1.2154113995358022,
    "detailed_scores": [
        {
            "Variation 1": 8.974586668468657,
            "Variation 2": 8.974586668468657,
            "Variation 3": 8.974586668468657,
            "Variation 4": 8.974586668468657,
            "Variation 5": 8.974586668468657,
            "Variation 6": 8.974586668468657,
            "Variation 7": 8.974586668468657,
            "Variation 8": 8.974586668468657,
            "Variation 9": 8.974586668468657,
            "Variation 10": 8.974586668468657
        }
    ],
    "trace": {
        "prompts": [
            "Is there evidence of a pneumothorax in the X-ray image? Please choose from the following two options: [yes, no]\n<image>"
        ],
        "responses": [
            [
                "Yes, there is evidence of a pneumothorax in the X-ray image. The lung appears to be collapsed, which is indicative of a pneumothorax.",
                "Yes, there is evidence of a pneumothorax in the X-ray image.",
                "Yes, there is evidence of a pneumothorax in the X-ray image.",
                "Yes, there is evidence of a pneumothorax in the X-ray image.",
                "Yes, there is evidence of a pneumothorax in the X-ray image.",
                "Yes, there is evidence of a pneumothorax in the X-ray image.",
                "Yes, there is evidence of a pneumothorax in the X-ray image.",
                "Yes, there is evidence of a pneumothorax in the X-ray image.",
                "Yes, there is evidence of a pneumothorax in the X-ray image.",
                "Yes, there is evidence of a pneumothorax in the X-ray image.",
                "Yes, there is evidence of a pneumothorax in the X-ray image."
            ]
        ],
        "logprob_matrices": [
            [
                [
                    -371.09646344184875,
                    -182.63014340400696,
                    -182.63014340400696,
                    -182.63014340400696,
                    -182.63014340400696,
                    -182.63014340400696,
                    -182.63014340400696,
                    -182.63014340400696,
                    -182.63014340400696,
                    -182.63014340400696,
                    -182.63014340400696
                ],
                [
                    -371.2624852657318,
                    -193.20183777809143,
                    -193.20183777809143,
                    -193.20183777809143,
                    -193.20183777809143,
                    -193.20183777809143,
                    -193.20183777809143,
                    -193.20183777809143,
                    -193.20183777809143,
                    -193.20183777809143,
                    -193.20183777809143
                ],
                [
                    -386.9341790676117,
                    -200.35517072677612,
                    -200.35517072677612,
                    -200.35517072677612,
                    -200.35517072677612,
                    -200.35517072677612,
                    -200.35517072677612,
                    -200.35517072677612,
                    -200.35517072677612,
                    -200.35517072677612,
                    -200.35517072677612
                ],
                [
                    -371.2624852657318,
                    -193.20183777809143,
                    -193.20183777809143,
                    -193.20183777809143,
                    -193.20183777809143,
                    -193.20183777809143,
                    -193.20183777809143,
                    -193.20183777809143,
                    -193.20183777809143,
                    -193.20183777809143,
                    -193.20183777809143
                ],
                [
                    -371.2624852657318,
                    -193.20183777809143,
                    -193.20183777809143,
                    -193.20183777809143,
                    -193.20183777809143,
                    -193.20183777809143,
                    -193.20183777809143,
                    -193.20183777809143,
                    -193.20183777809143,
                    -193.20183777809143,
                    -193.20183777809143
                ],
                [
                    -371.2624852657318,
                    -193.20183777809143,
                    -193.20183777809143,
                    -193.20183777809143,
                    -193.20183777809143,
                    -193.20183777809143,
                    -193.20183777809143,
                    -193.20183777809143,
                    -193.20183777809143,
                    -193.20183777809143,
                    -193.20183777809143
                ],
                [
                    -373.8870522379875,
                    -191.41101574897766,
                    -191.41101574897766,
                    -191.41101574897766,
                    -191.41101574897766,
                    -191.41101574897766,
                    -191.41101574897766,
                    -191.41101574897766,
                    -191.41101574897766,
                    -191.41101574897766,
                    -191.41101574897766
                ],
                [
                    -363.39235484600067,
                    -197.186618745327,
                    -197.186618745327,
                    -197.186618745327,
                    -197.186618745327,
                    -197.186618745327,
                    -197.186618745327,
                    -197.186618745327,
                    -197.186618745327,
                    -197.186618745327,
                    -197.186618745327
                ],
                [
                    -363.39235484600067,
                    -197.186618745327,
                    -197.186618745327,
                    -197.186618745327,
                    -197.186618745327,
                    -197.186618745327,
                    -197.186618745327,
                    -197.186618745327,
                    -197.186618745327,
                    -197.186618745327,
                    -197.186618745327
                ],
                [
                    -363.39235484600067,
                    -197.186618745327,
                    -197.186618745327,
                    -197.186618745327,
                    -197.186618745327,
                    -197.186618745327,
                    -197.186618745327,
                    -197.186618745327,
                    -197.186618745327,
                    -197.186618745327,
                    -197.186618745327
                ],
                [
                    -371.2624852657318,
                    -193.20183777809143,
                    -193.20183777809143,
                    -193.20183777809143,
                    -193.20183777809143,
                    -193.20183777809143,
                    -193.20183777809143,
                    -193.20183777809143,
                    -193.20183777809143,
                    -193.20183777809143,
                    -193.20183777809143
                ]
            ]
        ],
        "prompt_sensitivities": [
            1.2154113995358022
        ],
        "posix": 1.2154113995358022
    }
}