{
    "file_name": "question_257_variants.json",
    "overall_posix": 16.299937511477218,
    "detailed_scores": [
        {
            "Variation 1": 121.28946955998738,
            "Variation 2": 121.28946955998738,
            "Variation 3": 121.28946955998738,
            "Variation 4": 121.28946955998738,
            "Variation 5": 121.28946955998738,
            "Variation 6": 121.28946955998738,
            "Variation 7": 121.28946955998738,
            "Variation 8": 7.302540947993596,
            "Variation 9": 121.28946955998738,
            "Variation 10": 121.28946955998738
        }
    ],
    "trace": {
        "prompts": [
            "Has a broken rib or any bone abnormality been detected in the X-ray? Please choose from the following two options: [yes, no]\n<image>"
        ],
        "responses": [
            [
                "No, there is no indication of a broken rib or any bone abnormality in the X-ray. The image shows a normal chest X-ray with the lungs and heart clearly visible.",
                "No",
                "No",
                "No",
                "No",
                "No",
                "No",
                "No",
                "No, there is no indication of a broken rib or any bone abnormality in the X-ray.",
                "No",
                "No"
            ]
        ],
        "logprob_matrices": [
            [
                [
                    -393.6743257045746,
                    -29.805917024612427,
                    -29.805917024612427,
                    -29.805917024612427,
                    -29.805917024612427,
                    -29.805917024612427,
                    -29.805917024612427,
                    -29.805917024612427,
                    -218.41334295272827,
                    -29.805917024612427,
                    -29.805917024612427
                ],
                [
                    -373.8277814388275,
                    -27.209601044654846,
                    -27.209601044654846,
                    -27.209601044654846,
                    -27.209601044654846,
                    -27.209601044654846,
                    -27.209601044654846,
                    -27.209601044654846,
                    -223.3637228012085,
                    -27.209601044654846,
                    -27.209601044654846
                ],
                [
                    -364.35321521759033,
                    -30.673053741455078,
                    -30.673053741455078,
                    -30.673053741455078,
                    -30.673053741455078,
                    -30.673053741455078,
                    -30.673053741455078,
                    -30.673053741455078,
                    -211.82167649269104,
                    -30.673053741455078,
                    -30.673053741455078
                ],
                [
                    -373.8277814388275,
                    -27.209601044654846,
                    -27.209601044654846,
                    -27.209601044654846,
                    -27.209601044654846,
                    -27.209601044654846,
                    -27.209601044654846,
                    -27.209601044654846,
                    -223.3637228012085,
                    -27.209601044654846,
                    -27.209601044654846
                ],
                [
                    -379.2164852619171,
                    -25.84617328643799,
                    -25.84617328643799,
                    -25.84617328643799,
                    -25.84617328643799,
                    -25.84617328643799,
                    -25.84617328643799,
                    -25.84617328643799,
                    -225.7214379310608,
                    -25.84617328643799,
                    -25.84617328643799
                ],
                [
                    -364.35321521759033,
                    -30.673053741455078,
                    -30.673053741455078,
                    -30.673053741455078,
                    -30.673053741455078,
                    -30.673053741455078,
                    -30.673053741455078,
                    -30.673053741455078,
                    -211.82167649269104,
                    -30.673053741455078,
                    -30.673053741455078
                ],
                [
                    -382.3702116012573,
                    -27.67573058605194,
                    -27.67573058605194,
                    -27.67573058605194,
                    -27.67573058605194,
                    -27.67573058605194,
                    -27.67573058605194,
                    -27.67573058605194,
                    -218.6387906074524,
                    -27.67573058605194,
                    -27.67573058605194
                ],
                [
                    -373.8277814388275,
                    -27.209601044654846,
                    -27.209601044654846,
                    -27.209601044654846,
                    -27.209601044654846,
                    -27.209601044654846,
                    -27.209601044654846,
                    -27.209601044654846,
                    -223.3637228012085,
                    -27.209601044654846,
                    -27.209601044654846
                ],
                [
                    -364.35321521759033,
                    -30.673053741455078,
                    -30.673053741455078,
                    -30.673053741455078,
                    -30.673053741455078,
                    -30.673053741455078,
                    -30.673053741455078,
                    -30.673053741455078,
                    -211.82167649269104,
                    -30.673053741455078,
                    -30.673053741455078
                ],
                [
                    -364.35321521759033,
                    -30.673053741455078,
                    -30.673053741455078,
                    -30.673053741455078,
                    -30.673053741455078,
                    -30.673053741455078,
                    -30.673053741455078,
                    -30.673053741455078,
                    -211.82167649269104,
                    -30.673053741455078,
                    -30.673053741455078
                ],
                [
                    -369.91698241233826,
                    -27.998098373413086,
                    -27.998098373413086,
                    -27.998098373413086,
                    -27.998098373413086,
                    -27.998098373413086,
                    -27.998098373413086,
                    -27.998098373413086,
                    -222.01771998405457,
                    -27.998098373413086,
                    -27.998098373413086
                ]
            ]
        ],
        "prompt_sensitivities": [
            16.299937511477218
        ],
        "posix": 16.299937511477218
    }
}