{
    "file_name": "question_380_variants.json",
    "overall_posix": 20.567328320319845,
    "detailed_scores": [
        {
            "Variation 1": 0.21849717140197755,
            "Variation 2": 0.21849717140197755,
            "Variation 3": 0.21849717140197755,
            "Variation 4": 79.21731034914653,
            "Variation 5": 0.21849717140197755,
            "Variation 6": 0.21849717140197755,
            "Variation 7": 79.21731034914653,
            "Variation 8": 0.21849717140197755,
            "Variation 9": 79.21731034914653,
            "Variation 10": 79.21731034914653
        }
    ],
    "trace": {
        "prompts": [
            "Are there signs of subsegmental atelectasis in the left lung on the chest X-ray? Please choose from the following two options: [yes, no]\n<image>"
        ],
        "responses": [
            [
                "No, there are no signs of subsegmental atelectasis in the left lung on the chest X-ray.",
                "Yes, there are signs of subsegmental atelectasis in the left lung on the chest X-ray.",
                "Yes, there are signs of subsegmental atelectasis in the left lung on the chest X-ray.",
                "Yes, there are signs of subsegmental atelectasis in the left lung on the chest X-ray.",
                "Yes",
                "Yes, there are signs of subsegmental atelectasis in the left lung on the chest X-ray.",
                "Yes, there are signs of subsegmental atelectasis in the left lung on the chest X-ray.",
                "Yes",
                "Yes, there are signs of subsegmental atelectasis in the left lung on the chest X-ray.",
                "Yes",
                "Yes"
            ]
        ],
        "logprob_matrices": [
            [
                [
                    -267.91547656059265,
                    -262.4530472755432,
                    -262.4530472755432,
                    -262.4530472755432,
                    -30.263545513153076,
                    -262.4530472755432,
                    -262.4530472755432,
                    -30.263545513153076,
                    -262.4530472755432,
                    -30.263545513153076,
                    -30.263545513153076
                ],
                [
                    -250.08438730239868,
                    -238.5163185596466,
                    -238.5163185596466,
                    -238.5163185596466,
                    -24.856293439865112,
                    -238.5163185596466,
                    -238.5163185596466,
                    -24.856293439865112,
                    -238.5163185596466,
                    -24.856293439865112,
                    -24.856293439865112
                ],
                [
                    -249.4473750591278,
                    -228.80568385124207,
                    -228.80568385124207,
                    -228.80568385124207,
                    -32.361127853393555,
                    -228.80568385124207,
                    -228.80568385124207,
                    -32.361127853393555,
                    -228.80568385124207,
                    -32.361127853393555,
                    -32.361127853393555
                ],
                [
                    -246.60720777511597,
                    -250.4271469116211,
                    -250.4271469116211,
                    -250.4271469116211,
                    -29.933722734451294,
                    -250.4271469116211,
                    -250.4271469116211,
                    -29.933722734451294,
                    -250.4271469116211,
                    -29.933722734451294,
                    -29.933722734451294
                ],
                [
                    -260.39805698394775,
                    -244.1691062450409,
                    -244.1691062450409,
                    -244.1691062450409,
                    -30.46321678161621,
                    -244.1691062450409,
                    -244.1691062450409,
                    -30.46321678161621,
                    -244.1691062450409,
                    -30.46321678161621,
                    -30.46321678161621
                ],
                [
                    -246.60720777511597,
                    -250.4271469116211,
                    -250.4271469116211,
                    -250.4271469116211,
                    -29.933722734451294,
                    -250.4271469116211,
                    -250.4271469116211,
                    -29.933722734451294,
                    -250.4271469116211,
                    -29.933722734451294,
                    -29.933722734451294
                ],
                [
                    -260.39805698394775,
                    -244.1691062450409,
                    -244.1691062450409,
                    -244.1691062450409,
                    -30.46321678161621,
                    -244.1691062450409,
                    -244.1691062450409,
                    -30.46321678161621,
                    -244.1691062450409,
                    -30.46321678161621,
                    -30.46321678161621
                ],
                [
                    -260.39805698394775,
                    -244.1691062450409,
                    -244.1691062450409,
                    -244.1691062450409,
                    -30.46321678161621,
                    -244.1691062450409,
                    -244.1691062450409,
                    -30.46321678161621,
                    -244.1691062450409,
                    -30.46321678161621,
                    -30.46321678161621
                ],
                [
                    -250.08438730239868,
                    -238.5163185596466,
                    -238.5163185596466,
                    -238.5163185596466,
                    -24.856293439865112,
                    -238.5163185596466,
                    -238.5163185596466,
                    -24.856293439865112,
                    -238.5163185596466,
                    -24.856293439865112,
                    -24.856293439865112
                ],
                [
                    -246.60720777511597,
                    -250.4271469116211,
                    -250.4271469116211,
                    -250.4271469116211,
                    -29.933722734451294,
                    -250.4271469116211,
                    -250.4271469116211,
                    -29.933722734451294,
                    -250.4271469116211,
                    -29.933722734451294,
                    -29.933722734451294
                ],
                [
                    -249.4473750591278,
                    -228.80568385124207,
                    -228.80568385124207,
                    -228.80568385124207,
                    -32.361127853393555,
                    -228.80568385124207,
                    -228.80568385124207,
                    -32.361127853393555,
                    -228.80568385124207,
                    -32.361127853393555,
                    -32.361127853393555
                ]
            ]
        ],
        "prompt_sensitivities": [
            20.567328320319845
        ],
        "posix": 20.567328320319845
    }
}