{
    "file_name": "question_127_variants.json",
    "overall_posix": 25.783213817434067,
    "detailed_scores": [
        {
            "Variation 1": 4.674113817214966,
            "Variation 2": 2.083659219741821,
            "Variation 3": 71.53808856010437,
            "Variation 4": 71.07499321301778,
            "Variation 5": 71.53808856010437,
            "Variation 6": 71.53808856010437,
            "Variation 7": 71.53808856010437,
            "Variation 8": 0.7262723134911578,
            "Variation 9": 0.8565169061933245,
            "Variation 10": 0.7262723134911578
        }
    ],
    "trace": {
        "prompts": [
            "Are the lungs free from any signs of focal airspace disease, according to the X-ray? Please choose from the following two options: [yes, no]\n<image>"
        ],
        "responses": [
            [
                "No, the X-ray shows signs of focal airspace disease, specifically in the right lower lobe.",
                "Based on the X-ray image provided, the lungs appear to be free from any signs of focal airspace disease. The image shows the chest with the lungs in a normal position, and there are no visible areas of consolidation or infil",
                "No, the X-ray shows signs of focal airspace disease in the lungs.",
                "No",
                "Yes",
                "No",
                "No",
                "No",
                "No, the X-ray shows signs of focal airspace disease, specifically in the right lung.",
                "No, the X-ray shows signs of focal airspace disease, specifically in the right lower lobe of the lung.",
                "No, the X-ray shows signs of focal airspace disease, specifically in the right lung."
            ]
        ],
        "logprob_matrices": [
            [
                [
                    -242.0131802558899,
                    -475.7188711166382,
                    -200.33999586105347,
                    -27.398914575576782,
                    -28.788200616836548,
                    -27.398914575576782,
                    -27.398914575576782,
                    -27.398914575576782,
                    -225.30891704559326,
                    -265.995653629303,
                    -225.30891704559326
                ],
                [
                    -232.75709772109985,
                    -468.5845146179199,
                    -188.05787658691406,
                    -25.706651210784912,
                    -26.761434078216553,
                    -25.706651210784912,
                    -25.706651210784912,
                    -25.706651210784912,
                    -214.34900450706482,
                    -271.54128527641296,
                    -214.34900450706482
                ],
                [
                    -252.24581837654114,
                    -516.2736856937408,
                    -214.75514578819275,
                    -26.731592655181885,
                    -27.39835023880005,
                    -26.731592655181885,
                    -26.731592655181885,
                    -26.731592655181885,
                    -232.7972993850708,
                    -272.9703574180603,
                    -232.7972993850708
                ],
                [
                    -251.67482447624207,
                    -465.07822823524475,
                    -195.33122754096985,
                    -23.027674198150635,
                    -23.568949222564697,
                    -23.027674198150635,
                    -23.027674198150635,
                    -23.027674198150635,
                    -220.20282554626465,
                    -274.20982837677,
                    -220.20282554626465
                ],
                [
                    -232.75709772109985,
                    -468.5845146179199,
                    -188.05787658691406,
                    -25.706651210784912,
                    -26.761434078216553,
                    -25.706651210784912,
                    -25.706651210784912,
                    -25.706651210784912,
                    -214.34900450706482,
                    -271.54128527641296,
                    -214.34900450706482
                ],
                [
                    -267.5597891807556,
                    -490.9611701965332,
                    -203.38018131256104,
                    -20.865612268447876,
                    -22.548383951187134,
                    -20.865612268447876,
                    -20.865612268447876,
                    -20.865612268447876,
                    -235.75503277778625,
                    -294.63070368766785,
                    -235.75503277778625
                ],
                [
                    -267.5597891807556,
                    -490.9611701965332,
                    -203.38018131256104,
                    -20.865612268447876,
                    -22.548383951187134,
                    -20.865612268447876,
                    -20.865612268447876,
                    -20.865612268447876,
                    -235.75503277778625,
                    -294.63070368766785,
                    -235.75503277778625
                ],
                [
                    -232.75709772109985,
                    -468.5845146179199,
                    -188.05787658691406,
                    -25.706651210784912,
                    -26.761434078216553,
                    -25.706651210784912,
                    -25.706651210784912,
                    -25.706651210784912,
                    -214.34900450706482,
                    -271.54128527641296,
                    -214.34900450706482
                ],
                [
                    -232.75709772109985,
                    -468.5845146179199,
                    -188.05787658691406,
                    -25.706651210784912,
                    -26.761434078216553,
                    -25.706651210784912,
                    -25.706651210784912,
                    -25.706651210784912,
                    -214.34900450706482,
                    -271.54128527641296,
                    -214.34900450706482
                ],
                [
                    -232.75709772109985,
                    -468.5845146179199,
                    -188.05787658691406,
                    -25.706651210784912,
                    -26.761434078216553,
                    -25.706651210784912,
                    -25.706651210784912,
                    -25.706651210784912,
                    -214.34900450706482,
                    -271.54128527641296,
                    -214.34900450706482
                ],
                [
                    -251.67482447624207,
                    -465.07822823524475,
                    -195.33122754096985,
                    -23.027674198150635,
                    -23.568949222564697,
                    -23.027674198150635,
                    -23.027674198150635,
                    -23.027674198150635,
                    -220.20282554626465,
                    -274.20982837677,
                    -220.20282554626465
                ]
            ]
        ],
        "prompt_sensitivities": [
            25.783213817434067
        ],
        "posix": 25.783213817434067
    }
}