{
    "file_name": "question_224_variants.json",
    "overall_posix": 21.4984453061229,
    "detailed_scores": [
        {
            "Variation 1": 50.064574003219604,
            "Variation 2": 49.472948471705116,
            "Variation 3": 49.472948471705116,
            "Variation 4": 1.1907752811908723,
            "Variation 5": 0.0,
            "Variation 6": 1.1907752811908723,
            "Variation 7": 49.472948471705116,
            "Variation 8": 1.1907752811908723,
            "Variation 9": 6.221288219094276,
            "Variation 10": 1.1907752811908723
        }
    ],
    "trace": {
        "prompts": [
            "Is there any evidence of focal lung consolidation on the X-ray? Please choose from the following two options: [yes, no]\n<image>"
        ],
        "responses": [
            [
                "Yes, there is evidence of focal lung consolidation on the X-ray.",
                "No",
                "Yes",
                "Yes",
                "No, there is no evidence of focal lung consolidation on the X-ray.",
                "Yes, there is evidence of focal lung consolidation on the X-ray.",
                "No, there is no evidence of focal lung consolidation on the X-ray.",
                "Yes",
                "No, there is no evidence of focal lung consolidation on the X-ray.",
                "No, there is no evidence of focal lung consolidation on the X-ray. The image shows a lateral chest X-ray, and the lungs appear to be clear without any consolidations or other abnormalities.",
                "No, there is no evidence of focal lung consolidation on the X-ray."
            ]
        ],
        "logprob_matrices": [
            [
                [
                    -174.84951424598694,
                    -24.655792236328125,
                    -26.430668830871582,
                    -26.430668830871582,
                    -198.66501986980438,
                    -174.84951424598694,
                    -198.66501986980438,
                    -26.430668830871582,
                    -198.66501986980438,
                    -473.4713487625122,
                    -198.66501986980438
                ],
                [
                    -195.41850900650024,
                    -25.13127040863037,
                    -26.464916229248047,
                    -26.464916229248047,
                    -193.38859701156616,
                    -195.41850900650024,
                    -193.38859701156616,
                    -26.464916229248047,
                    -193.38859701156616,
                    -451.31119537353516,
                    -193.38859701156616
                ],
                [
                    -186.49421501159668,
                    -28.451016426086426,
                    -29.613571166992188,
                    -29.613571166992188,
                    -187.7028295993805,
                    -186.49421501159668,
                    -187.7028295993805,
                    -29.613571166992188,
                    -187.7028295993805,
                    -444.97737461328506,
                    -187.7028295993805
                ],
                [
                    -197.79250991344452,
                    -26.858685970306396,
                    -27.967848300933838,
                    -27.967848300933838,
                    -196.20314168930054,
                    -197.79250991344452,
                    -196.20314168930054,
                    -27.967848300933838,
                    -196.20314168930054,
                    -472.1323473453522,
                    -196.20314168930054
                ],
                [
                    -188.3114037513733,
                    -25.769720315933228,
                    -27.02234959602356,
                    -27.02234959602356,
                    -210.31603717803955,
                    -188.3114037513733,
                    -210.31603717803955,
                    -27.02234959602356,
                    -210.31603717803955,
                    -482.1614546775818,
                    -210.31603717803955
                ],
                [
                    -195.41850900650024,
                    -25.13127040863037,
                    -26.464916229248047,
                    -26.464916229248047,
                    -193.38859701156616,
                    -195.41850900650024,
                    -193.38859701156616,
                    -26.464916229248047,
                    -193.38859701156616,
                    -451.31119537353516,
                    -193.38859701156616
                ],
                [
                    -197.43647521734238,
                    -23.228272318840027,
                    -25.409029841423035,
                    -25.409029841423035,
                    -211.89569461345673,
                    -197.43647521734238,
                    -211.89569461345673,
                    -25.409029841423035,
                    -211.89569461345673,
                    -479.8679301738739,
                    -211.89569461345673
                ],
                [
                    -197.79250991344452,
                    -26.858685970306396,
                    -27.967848300933838,
                    -27.967848300933838,
                    -196.20314168930054,
                    -197.79250991344452,
                    -196.20314168930054,
                    -27.967848300933838,
                    -196.20314168930054,
                    -472.1323473453522,
                    -196.20314168930054
                ],
                [
                    -197.79250991344452,
                    -26.858685970306396,
                    -27.967848300933838,
                    -27.967848300933838,
                    -196.20314168930054,
                    -197.79250991344452,
                    -196.20314168930054,
                    -27.967848300933838,
                    -196.20314168930054,
                    -472.1323473453522,
                    -196.20314168930054
                ],
                [
                    -197.43647521734238,
                    -23.228272318840027,
                    -25.409029841423035,
                    -25.409029841423035,
                    -211.89569461345673,
                    -197.43647521734238,
                    -211.89569461345673,
                    -25.409029841423035,
                    -211.89569461345673,
                    -479.8679301738739,
                    -211.89569461345673
                ],
                [
                    -188.3114037513733,
                    -25.769720315933228,
                    -27.02234959602356,
                    -27.02234959602356,
                    -210.31603717803955,
                    -188.3114037513733,
                    -210.31603717803955,
                    -27.02234959602356,
                    -210.31603717803955,
                    -482.1614546775818,
                    -210.31603717803955
                ]
            ]
        ],
        "prompt_sensitivities": [
            21.4984453061229
        ],
        "posix": 21.4984453061229
    }
}