{
    "file_name": "question_72_variants.json",
    "overall_posix": 10.360409247784903,
    "detailed_scores": [
        {
            "Variation 1": 0.0,
            "Variation 2": 0.0,
            "Variation 3": 0.0,
            "Variation 4": 0.0,
            "Variation 5": 0.0,
            "Variation 6": 0.0,
            "Variation 7": 53.425042510032654,
            "Variation 8": 53.425042510032654,
            "Variation 9": 0.0,
            "Variation 10": 0.0
        }
    ],
    "trace": {
        "prompts": [
            "Is there any evidence of pneumothorax in the chest X-ray? Please choose from the following two options: [yes, no]\n<image>"
        ],
        "responses": [
            [
                "Yes, there is evidence of pneumothorax in the chest X-ray.",
                "Yes, there is evidence of pneumothorax in the chest X-ray.",
                "Yes, there is evidence of pneumothorax in the chest X-ray.",
                "Yes, there is evidence of pneumothorax in the chest X-ray.",
                "Yes, there is evidence of pneumothorax in the chest X-ray.",
                "Yes, there is evidence of pneumothorax in the chest X-ray.",
                "Yes, there is evidence of pneumothorax in the chest X-ray.",
                "Yes",
                "Yes",
                "Yes, there is evidence of pneumothorax in the chest X-ray.",
                "Yes, there is evidence of pneumothorax in the chest X-ray."
            ]
        ],
        "logprob_matrices": [
            [
                [
                    -192.64635527133942,
                    -192.64635527133942,
                    -192.64635527133942,
                    -192.64635527133942,
                    -192.64635527133942,
                    -192.64635527133942,
                    -192.64635527133942,
                    -32.371227741241455,
                    -32.371227741241455,
                    -192.64635527133942,
                    -192.64635527133942
                ],
                [
                    -184.7168309688568,
                    -184.7168309688568,
                    -184.7168309688568,
                    -184.7168309688568,
                    -184.7168309688568,
                    -184.7168309688568,
                    -184.7168309688568,
                    -24.75946807861328,
                    -24.75946807861328,
                    -184.7168309688568,
                    -184.7168309688568
                ],
                [
                    -183.91064834594727,
                    -183.91064834594727,
                    -183.91064834594727,
                    -183.91064834594727,
                    -183.91064834594727,
                    -183.91064834594727,
                    -183.91064834594727,
                    -25.84264874458313,
                    -25.84264874458313,
                    -183.91064834594727,
                    -183.91064834594727
                ],
                [
                    -196.3755328655243,
                    -196.3755328655243,
                    -196.3755328655243,
                    -196.3755328655243,
                    -196.3755328655243,
                    -196.3755328655243,
                    -196.3755328655243,
                    -22.412224650382996,
                    -22.412224650382996,
                    -196.3755328655243,
                    -196.3755328655243
                ],
                [
                    -184.7168309688568,
                    -184.7168309688568,
                    -184.7168309688568,
                    -184.7168309688568,
                    -184.7168309688568,
                    -184.7168309688568,
                    -184.7168309688568,
                    -24.75946807861328,
                    -24.75946807861328,
                    -184.7168309688568,
                    -184.7168309688568
                ],
                [
                    -196.3755328655243,
                    -196.3755328655243,
                    -196.3755328655243,
                    -196.3755328655243,
                    -196.3755328655243,
                    -196.3755328655243,
                    -196.3755328655243,
                    -22.412224650382996,
                    -22.412224650382996,
                    -196.3755328655243,
                    -196.3755328655243
                ],
                [
                    -186.85792112350464,
                    -186.85792112350464,
                    -186.85792112350464,
                    -186.85792112350464,
                    -186.85792112350464,
                    -186.85792112350464,
                    -186.85792112350464,
                    -24.258613348007202,
                    -24.258613348007202,
                    -186.85792112350464,
                    -186.85792112350464
                ],
                [
                    -196.3755328655243,
                    -196.3755328655243,
                    -196.3755328655243,
                    -196.3755328655243,
                    -196.3755328655243,
                    -196.3755328655243,
                    -196.3755328655243,
                    -22.412224650382996,
                    -22.412224650382996,
                    -196.3755328655243,
                    -196.3755328655243
                ],
                [
                    -183.91064834594727,
                    -183.91064834594727,
                    -183.91064834594727,
                    -183.91064834594727,
                    -183.91064834594727,
                    -183.91064834594727,
                    -183.91064834594727,
                    -25.84264874458313,
                    -25.84264874458313,
                    -183.91064834594727,
                    -183.91064834594727
                ],
                [
                    -196.3755328655243,
                    -196.3755328655243,
                    -196.3755328655243,
                    -196.3755328655243,
                    -196.3755328655243,
                    -196.3755328655243,
                    -196.3755328655243,
                    -22.412224650382996,
                    -22.412224650382996,
                    -196.3755328655243,
                    -196.3755328655243
                ],
                [
                    -186.85792112350464,
                    -186.85792112350464,
                    -186.85792112350464,
                    -186.85792112350464,
                    -186.85792112350464,
                    -186.85792112350464,
                    -186.85792112350464,
                    -24.258613348007202,
                    -24.258613348007202,
                    -186.85792112350464,
                    -186.85792112350464
                ]
            ]
        ],
        "prompt_sensitivities": [
            10.360409247784903
        ],
        "posix": 10.360409247784903
    }
}