{
    "file_name": "question_192_variants.json",
    "overall_posix": 8.255941448534665,
    "detailed_scores": [
        {
            "Variation 1": 0.0,
            "Variation 2": 0.0,
            "Variation 3": 0.0,
            "Variation 4": 0.11726783303653493,
            "Variation 5": 42.184297482172646,
            "Variation 6": 0.0,
            "Variation 7": 0.11726783303653493,
            "Variation 8": 42.184297482172646,
            "Variation 9": 0.0,
            "Variation 10": 0.0
        }
    ],
    "trace": {
        "prompts": [
            "Do the lungs appear to be fully expanded? Please choose from the following two options: [yes, no]\n<image>"
        ],
        "responses": [
            [
                "No, the lungs do not appear to be fully expanded in this image.",
                "No, the lungs do not appear to be fully expanded in this image.",
                "No, the lungs do not appear to be fully expanded in this image.",
                "No, the lungs do not appear to be fully expanded in this image.",
                "No, the lungs do not appear to be fully expanded in the image.",
                "No",
                "No, the lungs do not appear to be fully expanded in this image.",
                "No, the lungs do not appear to be fully expanded in the image.",
                "No",
                "No, the lungs do not appear to be fully expanded in this image.",
                "No, the lungs do not appear to be fully expanded in this image."
            ]
        ],
        "logprob_matrices": [
            [
                [
                    -153.41717648506165,
                    -153.41717648506165,
                    -153.41717648506165,
                    -153.41717648506165,
                    -151.42362332344055,
                    -26.8642840385437,
                    -153.41717648506165,
                    -151.42362332344055,
                    -26.8642840385437,
                    -153.41717648506165,
                    -153.41717648506165
                ],
                [
                    -156.68373227119446,
                    -156.68373227119446,
                    -156.68373227119446,
                    -156.68373227119446,
                    -154.6902620792389,
                    -28.9506938457489,
                    -156.68373227119446,
                    -154.6902620792389,
                    -28.9506938457489,
                    -156.68373227119446,
                    -156.68373227119446
                ],
                [
                    -150.2282930612564,
                    -150.2282930612564,
                    -150.2282930612564,
                    -150.2282930612564,
                    -149.5688110589981,
                    -25.26268219947815,
                    -150.2282930612564,
                    -149.5688110589981,
                    -25.26268219947815,
                    -150.2282930612564,
                    -150.2282930612564
                ],
                [
                    -156.22853565216064,
                    -156.22853565216064,
                    -156.22853565216064,
                    -156.22853565216064,
                    -153.55637550354004,
                    -24.669752955436707,
                    -156.22853565216064,
                    -153.55637550354004,
                    -24.669752955436707,
                    -156.22853565216064,
                    -156.22853565216064
                ],
                [
                    -151.53287518024445,
                    -151.53287518024445,
                    -151.53287518024445,
                    -151.53287518024445,
                    -150.30239975452423,
                    -24.720159769058228,
                    -151.53287518024445,
                    -150.30239975452423,
                    -24.720159769058228,
                    -151.53287518024445,
                    -151.53287518024445
                ],
                [
                    -151.53287518024445,
                    -151.53287518024445,
                    -151.53287518024445,
                    -151.53287518024445,
                    -150.30239975452423,
                    -24.720159769058228,
                    -151.53287518024445,
                    -150.30239975452423,
                    -24.720159769058228,
                    -151.53287518024445,
                    -151.53287518024445
                ],
                [
                    -156.22853565216064,
                    -156.22853565216064,
                    -156.22853565216064,
                    -156.22853565216064,
                    -153.55637550354004,
                    -24.669752955436707,
                    -156.22853565216064,
                    -153.55637550354004,
                    -24.669752955436707,
                    -156.22853565216064,
                    -156.22853565216064
                ],
                [
                    -151.26441860198975,
                    -151.26441860198975,
                    -151.26441860198975,
                    -151.26441860198975,
                    -149.09710359573364,
                    -27.229180335998535,
                    -151.26441860198975,
                    -149.09710359573364,
                    -27.229180335998535,
                    -151.26441860198975,
                    -151.26441860198975
                ],
                [
                    -156.22853565216064,
                    -156.22853565216064,
                    -156.22853565216064,
                    -156.22853565216064,
                    -153.55637550354004,
                    -24.669752955436707,
                    -156.22853565216064,
                    -153.55637550354004,
                    -24.669752955436707,
                    -156.22853565216064,
                    -156.22853565216064
                ],
                [
                    -156.22853565216064,
                    -156.22853565216064,
                    -156.22853565216064,
                    -156.22853565216064,
                    -153.55637550354004,
                    -24.669752955436707,
                    -156.22853565216064,
                    -153.55637550354004,
                    -24.669752955436707,
                    -156.22853565216064,
                    -156.22853565216064
                ],
                [
                    -156.22853565216064,
                    -156.22853565216064,
                    -156.22853565216064,
                    -156.22853565216064,
                    -153.55637550354004,
                    -24.669752955436707,
                    -156.22853565216064,
                    -153.55637550354004,
                    -24.669752955436707,
                    -156.22853565216064,
                    -156.22853565216064
                ]
            ]
        ],
        "prompt_sensitivities": [
            8.255941448534665
        ],
        "posix": 8.255941448534665
    }
}