{
    "file_name": "question_86_variants.json",
    "overall_posix": 0.29775081114335494,
    "detailed_scores": [
        {
            "Variation 1": 0.0,
            "Variation 2": 0.0,
            "Variation 3": 0.2636426289876302,
            "Variation 4": 0.2636426289876302,
            "Variation 5": 0.2636426289876302,
            "Variation 6": 0.0,
            "Variation 7": 0.0,
            "Variation 8": 0.0,
            "Variation 9": 0.2636426289876302,
            "Variation 10": 0.0
        }
    ],
    "trace": {
        "prompts": [
            "Were external monitor leads present on the thorax during the X-ray? Please choose from the following two options: [yes, no]\n<image>"
        ],
        "responses": [
            [
                "Yes",
                "Yes",
                "Yes",
                "No",
                "No",
                "No",
                "Yes",
                "Yes",
                "Yes",
                "No",
                "Yes"
            ]
        ],
        "logprob_matrices": [
            [
                [
                    -29.72506046295166,
                    -29.72506046295166,
                    -29.72506046295166,
                    -28.93413257598877,
                    -28.93413257598877,
                    -28.93413257598877,
                    -29.72506046295166,
                    -29.72506046295166,
                    -29.72506046295166,
                    -28.93413257598877,
                    -29.72506046295166
                ],
                [
                    -31.077093601226807,
                    -31.077093601226807,
                    -31.077093601226807,
                    -29.249029636383057,
                    -29.249029636383057,
                    -29.249029636383057,
                    -31.077093601226807,
                    -31.077093601226807,
                    -31.077093601226807,
                    -29.249029636383057,
                    -31.077093601226807
                ],
                [
                    -31.077093601226807,
                    -31.077093601226807,
                    -31.077093601226807,
                    -29.249029636383057,
                    -29.249029636383057,
                    -29.249029636383057,
                    -31.077093601226807,
                    -31.077093601226807,
                    -31.077093601226807,
                    -29.249029636383057,
                    -31.077093601226807
                ],
                [
                    -28.42102336883545,
                    -28.42102336883545,
                    -28.42102336883545,
                    -26.796497344970703,
                    -26.796497344970703,
                    -26.796497344970703,
                    -28.42102336883545,
                    -28.42102336883545,
                    -28.42102336883545,
                    -26.796497344970703,
                    -28.42102336883545
                ],
                [
                    -31.077093601226807,
                    -31.077093601226807,
                    -31.077093601226807,
                    -29.249029636383057,
                    -29.249029636383057,
                    -29.249029636383057,
                    -31.077093601226807,
                    -31.077093601226807,
                    -31.077093601226807,
                    -29.249029636383057,
                    -31.077093601226807
                ],
                [
                    -28.614903211593628,
                    -28.614903211593628,
                    -28.614903211593628,
                    -26.588337659835815,
                    -26.588337659835815,
                    -26.588337659835815,
                    -28.614903211593628,
                    -28.614903211593628,
                    -28.614903211593628,
                    -26.588337659835815,
                    -28.614903211593628
                ],
                [
                    -28.614903211593628,
                    -28.614903211593628,
                    -28.614903211593628,
                    -26.588337659835815,
                    -26.588337659835815,
                    -26.588337659835815,
                    -28.614903211593628,
                    -28.614903211593628,
                    -28.614903211593628,
                    -26.588337659835815,
                    -28.614903211593628
                ],
                [
                    -28.407853841781616,
                    -28.407853841781616,
                    -28.407853841781616,
                    -25.954216718673706,
                    -25.954216718673706,
                    -25.954216718673706,
                    -28.407853841781616,
                    -28.407853841781616,
                    -28.407853841781616,
                    -25.954216718673706,
                    -28.407853841781616
                ],
                [
                    -31.077093601226807,
                    -31.077093601226807,
                    -31.077093601226807,
                    -29.249029636383057,
                    -29.249029636383057,
                    -29.249029636383057,
                    -31.077093601226807,
                    -31.077093601226807,
                    -31.077093601226807,
                    -29.249029636383057,
                    -31.077093601226807
                ],
                [
                    -31.077093601226807,
                    -31.077093601226807,
                    -31.077093601226807,
                    -29.249029636383057,
                    -29.249029636383057,
                    -29.249029636383057,
                    -31.077093601226807,
                    -31.077093601226807,
                    -31.077093601226807,
                    -29.249029636383057,
                    -31.077093601226807
                ],
                [
                    -28.92585062980652,
                    -28.92585062980652,
                    -28.92585062980652,
                    -27.904365301132202,
                    -27.904365301132202,
                    -27.904365301132202,
                    -28.92585062980652,
                    -28.92585062980652,
                    -28.92585062980652,
                    -27.904365301132202,
                    -28.92585062980652
                ]
            ]
        ],
        "prompt_sensitivities": [
            0.29775081114335494
        ],
        "posix": 0.29775081114335494
    }
}