{
    "file_name": "question_313_variants.json",
    "overall_posix": 23.813861993215923,
    "detailed_scores": [
        {
            "Variation 1": 96.14172863960266,
            "Variation 2": 3.268506631851196,
            "Variation 3": 95.5539203484853,
            "Variation 4": 95.5539203484853,
            "Variation 5": 7.550480817493639,
            "Variation 6": 6.349987041382563,
            "Variation 7": 7.550480817493639,
            "Variation 8": 96.14172863960266,
            "Variation 9": 95.5539203484853,
            "Variation 10": 6.349987041382563
        }
    ],
    "trace": {
        "prompts": [
            "Does the patient have an enlarged heart on the chest X-ray? Please choose from the following two options: [yes, no]\n<image>"
        ],
        "responses": [
            [
                "No, the patient does not have an enlarged heart on the chest X-ray. The image shows a normal-sized heart within the chest cavity.",
                "No",
                "Based on the image provided, it is not possible to definitively determine if the patient has an enlarged heart. The image is a chest X-ray, which is a common diagnostic tool used to examine the lungs and heart. However, the",
                "Yes",
                "Yes",
                "Yes, the patient has an enlarged heart on the chest X-ray.",
                "No, the patient does not have an enlarged heart on the chest X-ray.",
                "Yes, the patient has an enlarged heart on the chest X-ray.",
                "No",
                "Yes",
                "No, the patient does not have an enlarged heart on the chest X-ray."
            ]
        ],
        "logprob_matrices": [
            [
                [
                    -317.90030550956726,
                    -29.475119590759277,
                    -481.3256371021271,
                    -31.238544464111328,
                    -31.238544464111328,
                    -174.4411699771881,
                    -184.55057764053345,
                    -174.4411699771881,
                    -29.475119590759277,
                    -31.238544464111328,
                    -184.55057764053345
                ],
                [
                    -339.42167365550995,
                    -28.44117259979248,
                    -470.883629322052,
                    -29.86452293395996,
                    -29.86452293395996,
                    -175.86323189735413,
                    -204.7083969116211,
                    -175.86323189735413,
                    -28.44117259979248,
                    -29.86452293395996,
                    -204.7083969116211
                ],
                [
                    -336.46679401397705,
                    -26.754592895507812,
                    -462.8995728492737,
                    -28.728052139282227,
                    -28.728052139282227,
                    -164.64861416816711,
                    -194.69798970222473,
                    -164.64861416816711,
                    -26.754592895507812,
                    -28.728052139282227,
                    -194.69798970222473
                ],
                [
                    -336.46679401397705,
                    -26.754592895507812,
                    -462.8995728492737,
                    -28.728052139282227,
                    -28.728052139282227,
                    -164.64861416816711,
                    -194.69798970222473,
                    -164.64861416816711,
                    -26.754592895507812,
                    -28.728052139282227,
                    -194.69798970222473
                ],
                [
                    -347.2222830057144,
                    -27.3682119846344,
                    -474.8096785545349,
                    -28.252589464187622,
                    -28.252589464187622,
                    -178.82495498657227,
                    -204.1626696586609,
                    -178.82495498657227,
                    -27.3682119846344,
                    -28.252589464187622,
                    -204.1626696586609
                ],
                [
                    -336.46679401397705,
                    -26.754592895507812,
                    -462.8995728492737,
                    -28.728052139282227,
                    -28.728052139282227,
                    -164.64861416816711,
                    -194.69798970222473,
                    -164.64861416816711,
                    -26.754592895507812,
                    -28.728052139282227,
                    -194.69798970222473
                ],
                [
                    -332.93175745010376,
                    -28.325981378555298,
                    -488.518385887146,
                    -30.095610857009888,
                    -30.095610857009888,
                    -176.61612939834595,
                    -191.51321935653687,
                    -176.61612939834595,
                    -28.325981378555298,
                    -30.095610857009888,
                    -191.51321935653687
                ],
                [
                    -336.46679401397705,
                    -26.754592895507812,
                    -462.8995728492737,
                    -28.728052139282227,
                    -28.728052139282227,
                    -164.64861416816711,
                    -194.69798970222473,
                    -164.64861416816711,
                    -26.754592895507812,
                    -28.728052139282227,
                    -194.69798970222473
                ],
                [
                    -347.2222830057144,
                    -27.3682119846344,
                    -474.8096785545349,
                    -28.252589464187622,
                    -28.252589464187622,
                    -178.82495498657227,
                    -204.1626696586609,
                    -178.82495498657227,
                    -27.3682119846344,
                    -28.252589464187622,
                    -204.1626696586609
                ],
                [
                    -332.93175745010376,
                    -28.325981378555298,
                    -488.518385887146,
                    -30.095610857009888,
                    -30.095610857009888,
                    -176.61612939834595,
                    -191.51321935653687,
                    -176.61612939834595,
                    -28.325981378555298,
                    -30.095610857009888,
                    -191.51321935653687
                ],
                [
                    -347.2222830057144,
                    -27.3682119846344,
                    -474.8096785545349,
                    -28.252589464187622,
                    -28.252589464187622,
                    -178.82495498657227,
                    -204.1626696586609,
                    -178.82495498657227,
                    -27.3682119846344,
                    -28.252589464187622,
                    -204.1626696586609
                ]
            ]
        ],
        "prompt_sensitivities": [
            23.813861993215923
        ],
        "posix": 23.813861993215923
    }
}