{
    "file_name": "question_248_variants.json",
    "overall_posix": 14.965081208972839,
    "detailed_scores": [
        {
            "Variation 1": 0.5034432411193848,
            "Variation 2": 0.0,
            "Variation 3": 49.227855364481606,
            "Variation 4": 49.227855364481606,
            "Variation 5": 49.227855364481606,
            "Variation 6": 49.227855364481606,
            "Variation 7": 0.0,
            "Variation 8": 49.227855364481606,
            "Variation 9": 49.227855364481606,
            "Variation 10": 0.0
        }
    ],
    "trace": {
        "prompts": [
            "Are there any visible abnormalities in the lungs on the X-ray? Please choose from the following two options: [yes, no]\n<image>"
        ],
        "responses": [
            [
                "No, there are no visible abnormalities in the lungs on the X-ray.",
                "Yes, there are visible abnormalities in the lungs on the X-ray.",
                "No, there are no visible abnormalities in the lungs on the X-ray.",
                "Yes",
                "Yes",
                "Yes",
                "Yes",
                "No, there are no visible abnormalities in the lungs on the X-ray.",
                "Yes",
                "Yes",
                "No, there are no visible abnormalities in the lungs on the X-ray."
            ]
        ],
        "logprob_matrices": [
            [
                [
                    -177.68973016738892,
                    -168.1243085861206,
                    -177.68973016738892,
                    -30.006164073944092,
                    -30.006164073944092,
                    -30.006164073944092,
                    -30.006164073944092,
                    -177.68973016738892,
                    -30.006164073944092,
                    -30.006164073944092,
                    -177.68973016738892
                ],
                [
                    -176.4883041381836,
                    -161.6101589202881,
                    -176.4883041381836,
                    -34.44724941253662,
                    -34.44724941253662,
                    -34.44724941253662,
                    -34.44724941253662,
                    -176.4883041381836,
                    -34.44724941253662,
                    -34.44724941253662,
                    -176.4883041381836
                ],
                [
                    -176.4883041381836,
                    -161.6101589202881,
                    -176.4883041381836,
                    -34.44724941253662,
                    -34.44724941253662,
                    -34.44724941253662,
                    -34.44724941253662,
                    -176.4883041381836,
                    -34.44724941253662,
                    -34.44724941253662,
                    -176.4883041381836
                ],
                [
                    -191.7926845550537,
                    -168.48531293869019,
                    -191.7926845550537,
                    -33.164979457855225,
                    -33.164979457855225,
                    -33.164979457855225,
                    -33.164979457855225,
                    -191.7926845550537,
                    -33.164979457855225,
                    -33.164979457855225,
                    -191.7926845550537
                ],
                [
                    -166.53326654434204,
                    -173.37613248825073,
                    -166.53326654434204,
                    -30.660858154296875,
                    -30.660858154296875,
                    -30.660858154296875,
                    -30.660858154296875,
                    -166.53326654434204,
                    -30.660858154296875,
                    -30.660858154296875,
                    -166.53326654434204
                ],
                [
                    -176.4883041381836,
                    -161.6101589202881,
                    -176.4883041381836,
                    -34.44724941253662,
                    -34.44724941253662,
                    -34.44724941253662,
                    -34.44724941253662,
                    -176.4883041381836,
                    -34.44724941253662,
                    -34.44724941253662,
                    -176.4883041381836
                ],
                [
                    -176.4883041381836,
                    -161.6101589202881,
                    -176.4883041381836,
                    -34.44724941253662,
                    -34.44724941253662,
                    -34.44724941253662,
                    -34.44724941253662,
                    -176.4883041381836,
                    -34.44724941253662,
                    -34.44724941253662,
                    -176.4883041381836
                ],
                [
                    -182.73720860481262,
                    -179.23319506645203,
                    -182.73720860481262,
                    -29.83560585975647,
                    -29.83560585975647,
                    -29.83560585975647,
                    -29.83560585975647,
                    -182.73720860481262,
                    -29.83560585975647,
                    -29.83560585975647,
                    -182.73720860481262
                ],
                [
                    -191.7926845550537,
                    -168.48531293869019,
                    -191.7926845550537,
                    -33.164979457855225,
                    -33.164979457855225,
                    -33.164979457855225,
                    -33.164979457855225,
                    -191.7926845550537,
                    -33.164979457855225,
                    -33.164979457855225,
                    -191.7926845550537
                ],
                [
                    -166.53326654434204,
                    -173.37613248825073,
                    -166.53326654434204,
                    -30.660858154296875,
                    -30.660858154296875,
                    -30.660858154296875,
                    -30.660858154296875,
                    -166.53326654434204,
                    -30.660858154296875,
                    -30.660858154296875,
                    -166.53326654434204
                ],
                [
                    -176.4883041381836,
                    -161.6101589202881,
                    -176.4883041381836,
                    -34.44724941253662,
                    -34.44724941253662,
                    -34.44724941253662,
                    -34.44724941253662,
                    -176.4883041381836,
                    -34.44724941253662,
                    -34.44724941253662,
                    -176.4883041381836
                ]
            ]
        ],
        "prompt_sensitivities": [
            14.965081208972839
        ],
        "posix": 14.965081208972839
    }
}