{
    "file_name": "question_393_variants.json",
    "overall_posix": 15.25443055008398,
    "detailed_scores": [
        {
            "Variation 1": 48.98826809724172,
            "Variation 2": 48.98826809724172,
            "Variation 3": 0.09195375442504883,
            "Variation 4": 0.0,
            "Variation 5": 0.0,
            "Variation 6": 48.98826809724172,
            "Variation 7": 0.0,
            "Variation 8": 0.0,
            "Variation 9": 48.98826809724172,
            "Variation 10": 0.09195375442504883
        }
    ],
    "trace": {
        "prompts": [
            "Is there a visible pneumothorax on the chest X-ray? Please choose from the following two options: [yes, no]\n<image>"
        ],
        "responses": [
            [
                "No, there is no visible pneumothorax on the chest X-ray.",
                "No",
                "No",
                "Yes, there is a visible pneumothorax on the chest X-ray.",
                "No, there is no visible pneumothorax on the chest X-ray.",
                "No, there is no visible pneumothorax on the chest X-ray.",
                "No",
                "No, there is no visible pneumothorax on the chest X-ray.",
                "No, there is no visible pneumothorax on the chest X-ray.",
                "No",
                "Yes, there is a visible pneumothorax on the chest X-ray."
            ]
        ],
        "logprob_matrices": [
            [
                [
                    -170.7557554244995,
                    -23.790951132774353,
                    -23.790951132774353,
                    -168.91668033599854,
                    -170.7557554244995,
                    -170.7557554244995,
                    -23.790951132774353,
                    -170.7557554244995,
                    -170.7557554244995,
                    -23.790951132774353,
                    -168.91668033599854
                ],
                [
                    -172.85225558280945,
                    -27.609708309173584,
                    -27.609708309173584,
                    -170.49051547050476,
                    -172.85225558280945,
                    -172.85225558280945,
                    -27.609708309173584,
                    -172.85225558280945,
                    -172.85225558280945,
                    -27.609708309173584,
                    -170.49051547050476
                ],
                [
                    -188.32985186576843,
                    -25.721322774887085,
                    -25.721322774887085,
                    -185.4584014415741,
                    -188.32985186576843,
                    -188.32985186576843,
                    -25.721322774887085,
                    -188.32985186576843,
                    -188.32985186576843,
                    -25.721322774887085,
                    -185.4584014415741
                ],
                [
                    -184.5478389263153,
                    -27.57506012916565,
                    -27.57506012916565,
                    -182.53195929527283,
                    -184.5478389263153,
                    -184.5478389263153,
                    -27.57506012916565,
                    -184.5478389263153,
                    -184.5478389263153,
                    -27.57506012916565,
                    -182.53195929527283
                ],
                [
                    -188.32985186576843,
                    -25.721322774887085,
                    -25.721322774887085,
                    -185.4584014415741,
                    -188.32985186576843,
                    -188.32985186576843,
                    -25.721322774887085,
                    -188.32985186576843,
                    -188.32985186576843,
                    -25.721322774887085,
                    -185.4584014415741
                ],
                [
                    -188.32985186576843,
                    -25.721322774887085,
                    -25.721322774887085,
                    -185.4584014415741,
                    -188.32985186576843,
                    -188.32985186576843,
                    -25.721322774887085,
                    -188.32985186576843,
                    -188.32985186576843,
                    -25.721322774887085,
                    -185.4584014415741
                ],
                [
                    -176.7931251525879,
                    -27.139015674591064,
                    -27.139015674591064,
                    -172.26164627075195,
                    -176.7931251525879,
                    -176.7931251525879,
                    -27.139015674591064,
                    -176.7931251525879,
                    -176.7931251525879,
                    -27.139015674591064,
                    -172.26164627075195
                ],
                [
                    -176.7931251525879,
                    -27.139015674591064,
                    -27.139015674591064,
                    -172.26164627075195,
                    -176.7931251525879,
                    -176.7931251525879,
                    -27.139015674591064,
                    -176.7931251525879,
                    -176.7931251525879,
                    -27.139015674591064,
                    -172.26164627075195
                ],
                [
                    -188.32985186576843,
                    -25.721322774887085,
                    -25.721322774887085,
                    -185.4584014415741,
                    -188.32985186576843,
                    -188.32985186576843,
                    -25.721322774887085,
                    -188.32985186576843,
                    -188.32985186576843,
                    -25.721322774887085,
                    -185.4584014415741
                ],
                [
                    -172.85225558280945,
                    -27.609708309173584,
                    -27.609708309173584,
                    -170.49051547050476,
                    -172.85225558280945,
                    -172.85225558280945,
                    -27.609708309173584,
                    -172.85225558280945,
                    -172.85225558280945,
                    -27.609708309173584,
                    -170.49051547050476
                ],
                [
                    -188.32985186576843,
                    -25.721322774887085,
                    -25.721322774887085,
                    -185.4584014415741,
                    -188.32985186576843,
                    -188.32985186576843,
                    -25.721322774887085,
                    -188.32985186576843,
                    -188.32985186576843,
                    -25.721322774887085,
                    -185.4584014415741
                ]
            ]
        ],
        "prompt_sensitivities": [
            15.25443055008398
        ],
        "posix": 15.25443055008398
    }
}