{
    "file_name": "question_196_variants.json",
    "overall_posix": 17.80742880464284,
    "detailed_scores": [
        {
            "Variation 1": 12.883848750591278,
            "Variation 2": 14.137005718130814,
            "Variation 3": 139.18353978792825,
            "Variation 4": 12.883848750591278,
            "Variation 5": 12.883848750591278,
            "Variation 6": 0.3097468113899231,
            "Variation 7": 79.91028542518616,
            "Variation 8": 79.91028542518616,
            "Variation 9": 79.91028542518616,
            "Variation 10": 14.137005718130814
        }
    ],
    "trace": {
        "prompts": [
            "Is the heart size within normal limits on the chest X-ray? Please choose from the following two options: [yes, no]\n<image>"
        ],
        "responses": [
            [
                "Based on the image provided, it appears that the heart size is within normal limits. The heart shadow is visible and appears to be of average size, which is consistent with normal cardiac size on a chest X-ray.",
                "Yes, the heart size appears to be within normal limits on the chest X-ray.",
                "No, the heart size on the chest X-ray is not within normal limits.",
                "Yes",
                "Yes, the heart size appears to be within normal limits on the chest X-ray.",
                "Yes, the heart size appears to be within normal limits on the chest X-ray.",
                "Based on the image provided, it is not possible to accurately assess the size of the heart. The image is a lateral chest X-ray, which is not the best view to assess the size of the heart. A frontal chest X-",
                "[no]",
                "[no]",
                "[no]",
                "No, the heart size on the chest X-ray is not within normal limits."
            ]
        ],
        "logprob_matrices": [
            [
                [
                    -448.87310433387756,
                    -191.196129322052,
                    -180.2699956893921,
                    -31.322484970092773,
                    -191.196129322052,
                    -191.196129322052,
                    -464.3604449033737,
                    -49.32167720794678,
                    -49.32167720794678,
                    -49.32167720794678,
                    -180.2699956893921
                ],
                [
                    -466.30811417102814,
                    -197.99626511335373,
                    -177.49477910995483,
                    -27.25655436515808,
                    -197.99626511335373,
                    -197.99626511335373,
                    -461.1423490047455,
                    -46.95542001724243,
                    -46.95542001724243,
                    -46.95542001724243,
                    -177.49477910995483
                ],
                [
                    -467.38372445106506,
                    -206.93741130828857,
                    -188.5079026222229,
                    -26.916372656822205,
                    -206.93741130828857,
                    -206.93741130828857,
                    -461.13198709487915,
                    -46.3082971572876,
                    -46.3082971572876,
                    -46.3082971572876,
                    -188.5079026222229
                ],
                [
                    -447.88943552970886,
                    -202.72778272628784,
                    -183.33872365951538,
                    -27.97869038581848,
                    -202.72778272628784,
                    -202.72778272628784,
                    -466.06850242614746,
                    -44.37595582008362,
                    -44.37595582008362,
                    -44.37595582008362,
                    -183.33872365951538
                ],
                [
                    -447.88943552970886,
                    -202.72778272628784,
                    -183.33872365951538,
                    -27.97869038581848,
                    -202.72778272628784,
                    -202.72778272628784,
                    -466.06850242614746,
                    -44.37595582008362,
                    -44.37595582008362,
                    -44.37595582008362,
                    -183.33872365951538
                ],
                [
                    -469.17986607551575,
                    -201.3840527534485,
                    -189.85728406906128,
                    -25.75061273574829,
                    -201.3840527534485,
                    -201.3840527534485,
                    -445.0657088756561,
                    -42.282073736190796,
                    -42.282073736190796,
                    -42.282073736190796,
                    -189.85728406906128
                ],
                [
                    -455.0824022293091,
                    -206.1629719734192,
                    -171.0943610072136,
                    -28.788200616836548,
                    -206.1629719734192,
                    -206.1629719734192,
                    -458.13018679618835,
                    -45.00005233287811,
                    -45.00005233287811,
                    -45.00005233287811,
                    -171.0943610072136
                ],
                [
                    -466.30811417102814,
                    -197.99626511335373,
                    -177.49477910995483,
                    -27.25655436515808,
                    -197.99626511335373,
                    -197.99626511335373,
                    -461.1423490047455,
                    -46.95542001724243,
                    -46.95542001724243,
                    -46.95542001724243,
                    -177.49477910995483
                ],
                [
                    -447.88943552970886,
                    -202.72778272628784,
                    -183.33872365951538,
                    -27.97869038581848,
                    -202.72778272628784,
                    -202.72778272628784,
                    -466.06850242614746,
                    -44.37595582008362,
                    -44.37595582008362,
                    -44.37595582008362,
                    -183.33872365951538
                ],
                [
                    -447.88943552970886,
                    -202.72778272628784,
                    -183.33872365951538,
                    -27.97869038581848,
                    -202.72778272628784,
                    -202.72778272628784,
                    -466.06850242614746,
                    -44.37595582008362,
                    -44.37595582008362,
                    -44.37595582008362,
                    -183.33872365951538
                ],
                [
                    -469.17986607551575,
                    -201.3840527534485,
                    -189.85728406906128,
                    -25.75061273574829,
                    -201.3840527534485,
                    -201.3840527534485,
                    -445.0657088756561,
                    -42.282073736190796,
                    -42.282073736190796,
                    -42.282073736190796,
                    -189.85728406906128
                ]
            ]
        ],
        "prompt_sensitivities": [
            17.80742880464284
        ],
        "posix": 17.80742880464284
    }
}