{
    "file_name": "question_62_variants.json",
    "overall_posix": 15.233526691978945,
    "detailed_scores": [
        {
            "Variation 1": 51.92710336049398,
            "Variation 2": 0.10142931730850883,
            "Variation 3": 51.92710336049398,
            "Variation 4": 51.92710336049398,
            "Variation 5": 51.92710336049398,
            "Variation 6": 51.92710336049398,
            "Variation 7": 51.92710336049398,
            "Variation 8": 0.0,
            "Variation 9": 0.0,
            "Variation 10": 51.92710336049398
        }
    ],
    "trace": {
        "prompts": [
            "Is there any visible pneumothorax in the patient's chest X-ray? Please choose from the following two options: [yes, no]\n<image>"
        ],
        "responses": [
            [
                "Yes, there is a visible pneumothorax in the patient's chest X-ray.",
                "Yes",
                "No, there is no visible pneumothorax in the patient's chest X-ray.",
                "Yes",
                "Yes",
                "Yes",
                "Yes",
                "Yes",
                "Yes, there is a visible pneumothorax in the patient's chest X-ray.",
                "Yes, there is a visible pneumothorax in the patient's chest X-ray.",
                "Yes"
            ]
        ],
        "logprob_matrices": [
            [
                [
                    -189.523193359375,
                    -33.741883277893066,
                    -191.8560676574707,
                    -33.741883277893066,
                    -33.741883277893066,
                    -33.741883277893066,
                    -33.741883277893066,
                    -33.741883277893066,
                    -189.523193359375,
                    -189.523193359375,
                    -33.741883277893066
                ],
                [
                    -186.485693693161,
                    -25.879913091659546,
                    -191.7318775653839,
                    -25.879913091659546,
                    -25.879913091659546,
                    -25.879913091659546,
                    -25.879913091659546,
                    -25.879913091659546,
                    -186.485693693161,
                    -186.485693693161,
                    -25.879913091659546
                ],
                [
                    -184.25913047790527,
                    -26.531839847564697,
                    -188.91238975524902,
                    -26.531839847564697,
                    -26.531839847564697,
                    -26.531839847564697,
                    -26.531839847564697,
                    -26.531839847564697,
                    -184.25913047790527,
                    -184.25913047790527,
                    -26.531839847564697
                ],
                [
                    -183.46282529830933,
                    -28.481576681137085,
                    -186.92493677139282,
                    -28.481576681137085,
                    -28.481576681137085,
                    -28.481576681137085,
                    -28.481576681137085,
                    -28.481576681137085,
                    -183.46282529830933,
                    -183.46282529830933,
                    -28.481576681137085
                ],
                [
                    -183.46282529830933,
                    -28.481576681137085,
                    -186.92493677139282,
                    -28.481576681137085,
                    -28.481576681137085,
                    -28.481576681137085,
                    -28.481576681137085,
                    -28.481576681137085,
                    -183.46282529830933,
                    -183.46282529830933,
                    -28.481576681137085
                ],
                [
                    -184.25913047790527,
                    -26.531839847564697,
                    -188.91238975524902,
                    -26.531839847564697,
                    -26.531839847564697,
                    -26.531839847564697,
                    -26.531839847564697,
                    -26.531839847564697,
                    -184.25913047790527,
                    -184.25913047790527,
                    -26.531839847564697
                ],
                [
                    -184.25913047790527,
                    -26.531839847564697,
                    -188.91238975524902,
                    -26.531839847564697,
                    -26.531839847564697,
                    -26.531839847564697,
                    -26.531839847564697,
                    -26.531839847564697,
                    -184.25913047790527,
                    -184.25913047790527,
                    -26.531839847564697
                ],
                [
                    -186.485693693161,
                    -25.879913091659546,
                    -191.7318775653839,
                    -25.879913091659546,
                    -25.879913091659546,
                    -25.879913091659546,
                    -25.879913091659546,
                    -25.879913091659546,
                    -186.485693693161,
                    -186.485693693161,
                    -25.879913091659546
                ],
                [
                    -184.1124724149704,
                    -24.98466968536377,
                    -188.12115466594696,
                    -24.98466968536377,
                    -24.98466968536377,
                    -24.98466968536377,
                    -24.98466968536377,
                    -24.98466968536377,
                    -184.1124724149704,
                    -184.1124724149704,
                    -24.98466968536377
                ],
                [
                    -184.25913047790527,
                    -26.531839847564697,
                    -188.91238975524902,
                    -26.531839847564697,
                    -26.531839847564697,
                    -26.531839847564697,
                    -26.531839847564697,
                    -26.531839847564697,
                    -184.25913047790527,
                    -184.25913047790527,
                    -26.531839847564697
                ],
                [
                    -183.46282529830933,
                    -28.481576681137085,
                    -186.92493677139282,
                    -28.481576681137085,
                    -28.481576681137085,
                    -28.481576681137085,
                    -28.481576681137085,
                    -28.481576681137085,
                    -183.46282529830933,
                    -183.46282529830933,
                    -28.481576681137085
                ]
            ]
        ],
        "prompt_sensitivities": [
            15.233526691978945
        ],
        "posix": 15.233526691978945
    }
}