{
    "file_name": "question_15_variants.json",
    "overall_posix": 9.46643080912899,
    "detailed_scores": [
        {
            "Variation 1": 45.948948899904885,
            "Variation 2": 0.0,
            "Variation 3": 0.0,
            "Variation 4": 0.0,
            "Variation 5": 0.0,
            "Variation 6": 0.0,
            "Variation 7": 0.0,
            "Variation 8": 0.0,
            "Variation 9": 45.948948899904885,
            "Variation 10": 0.0
        }
    ],
    "trace": {
        "prompts": [
            "Is there any evidence of pleural effusion on the chest X-ray? Please choose from the following two options: [yes, no]\n<image>"
        ],
        "responses": [
            [
                "Yes, there is evidence of pleural effusion on the chest X-ray.",
                "Yes",
                "Yes, there is evidence of pleural effusion on the chest X-ray.",
                "Yes, there is evidence of pleural effusion on the chest X-ray.",
                "Yes, there is evidence of pleural effusion on the chest X-ray.",
                "Yes, there is evidence of pleural effusion on the chest X-ray.",
                "Yes, there is evidence of pleural effusion on the chest X-ray.",
                "Yes, there is evidence of pleural effusion on the chest X-ray.",
                "Yes, there is evidence of pleural effusion on the chest X-ray.",
                "Yes",
                "Yes, there is evidence of pleural effusion on the chest X-ray."
            ]
        ],
        "logprob_matrices": [
            [
                [
                    -172.27904617786407,
                    -34.432199478149414,
                    -172.27904617786407,
                    -172.27904617786407,
                    -172.27904617786407,
                    -172.27904617786407,
                    -172.27904617786407,
                    -172.27904617786407,
                    -172.27904617786407,
                    -34.432199478149414,
                    -172.27904617786407
                ],
                [
                    -179.9306423664093,
                    -32.564903259277344,
                    -179.9306423664093,
                    -179.9306423664093,
                    -179.9306423664093,
                    -179.9306423664093,
                    -179.9306423664093,
                    -179.9306423664093,
                    -179.9306423664093,
                    -32.564903259277344,
                    -179.9306423664093
                ],
                [
                    -181.08874559402466,
                    -29.71059560775757,
                    -181.08874559402466,
                    -181.08874559402466,
                    -181.08874559402466,
                    -181.08874559402466,
                    -181.08874559402466,
                    -181.08874559402466,
                    -181.08874559402466,
                    -29.71059560775757,
                    -181.08874559402466
                ],
                [
                    -196.46577787399292,
                    -33.21931791305542,
                    -196.46577787399292,
                    -196.46577787399292,
                    -196.46577787399292,
                    -196.46577787399292,
                    -196.46577787399292,
                    -196.46577787399292,
                    -196.46577787399292,
                    -33.21931791305542,
                    -196.46577787399292
                ],
                [
                    -179.9306423664093,
                    -32.564903259277344,
                    -179.9306423664093,
                    -179.9306423664093,
                    -179.9306423664093,
                    -179.9306423664093,
                    -179.9306423664093,
                    -179.9306423664093,
                    -179.9306423664093,
                    -32.564903259277344,
                    -179.9306423664093
                ],
                [
                    -196.46577787399292,
                    -33.21931791305542,
                    -196.46577787399292,
                    -196.46577787399292,
                    -196.46577787399292,
                    -196.46577787399292,
                    -196.46577787399292,
                    -196.46577787399292,
                    -196.46577787399292,
                    -33.21931791305542,
                    -196.46577787399292
                ],
                [
                    -179.9306423664093,
                    -32.564903259277344,
                    -179.9306423664093,
                    -179.9306423664093,
                    -179.9306423664093,
                    -179.9306423664093,
                    -179.9306423664093,
                    -179.9306423664093,
                    -179.9306423664093,
                    -32.564903259277344,
                    -179.9306423664093
                ],
                [
                    -179.9306423664093,
                    -32.564903259277344,
                    -179.9306423664093,
                    -179.9306423664093,
                    -179.9306423664093,
                    -179.9306423664093,
                    -179.9306423664093,
                    -179.9306423664093,
                    -179.9306423664093,
                    -32.564903259277344,
                    -179.9306423664093
                ],
                [
                    -179.9306423664093,
                    -32.564903259277344,
                    -179.9306423664093,
                    -179.9306423664093,
                    -179.9306423664093,
                    -179.9306423664093,
                    -179.9306423664093,
                    -179.9306423664093,
                    -179.9306423664093,
                    -32.564903259277344,
                    -179.9306423664093
                ],
                [
                    -179.9306423664093,
                    -32.564903259277344,
                    -179.9306423664093,
                    -179.9306423664093,
                    -179.9306423664093,
                    -179.9306423664093,
                    -179.9306423664093,
                    -179.9306423664093,
                    -179.9306423664093,
                    -32.564903259277344,
                    -179.9306423664093
                ],
                [
                    -179.9306423664093,
                    -32.564903259277344,
                    -179.9306423664093,
                    -179.9306423664093,
                    -179.9306423664093,
                    -179.9306423664093,
                    -179.9306423664093,
                    -179.9306423664093,
                    -179.9306423664093,
                    -32.564903259277344,
                    -179.9306423664093
                ]
            ]
        ],
        "prompt_sensitivities": [
            9.46643080912899
        ],
        "posix": 9.46643080912899
    }
}