{
    "file_name": "question_265_variants.json",
    "overall_posix": 23.164425070850797,
    "detailed_scores": [
        {
            "Variation 1": 7.797196975121131,
            "Variation 2": 67.1066571076711,
            "Variation 3": 67.1066571076711,
            "Variation 4": 1.7380910906298408,
            "Variation 5": 67.1066571076711,
            "Variation 6": 67.1066571076711,
            "Variation 7": 0.0,
            "Variation 8": 1.7380910906298408,
            "Variation 9": 1.7380910906298408,
            "Variation 10": 67.1066571076711
        }
    ],
    "trace": {
        "prompts": [
            "Does the patient have an enlarged heart? Please choose from the following two options: [yes, no]\n<image>"
        ],
        "responses": [
            [
                "No, the patient does not have an enlarged heart. The image shows a normal-sized heart.",
                "Yes, the patient has an enlarged heart.",
                "No",
                "No",
                "No, the patient does not have an enlarged heart. The image shows a normal-sized heart within the chest cavity.",
                "No",
                "No",
                "No, the patient does not have an enlarged heart. The image shows a normal-sized heart.",
                "No, the patient does not have an enlarged heart. The image shows a normal-sized heart within the chest cavity.",
                "No, the patient does not have an enlarged heart. The image shows a normal-sized heart within the chest cavity.",
                "No"
            ]
        ],
        "logprob_matrices": [
            [
                [
                    -229.6594614982605,
                    -128.2959008216858,
                    -28.339490175247192,
                    -28.339490175247192,
                    -280.0641031265259,
                    -28.339490175247192,
                    -28.339490175247192,
                    -229.6594614982605,
                    -280.0641031265259,
                    -280.0641031265259,
                    -28.339490175247192
                ],
                [
                    -242.04951906204224,
                    -141.13173866271973,
                    -27.15159034729004,
                    -27.15159034729004,
                    -292.59011363983154,
                    -27.15159034729004,
                    -27.15159034729004,
                    -242.04951906204224,
                    -292.59011363983154,
                    -292.59011363983154,
                    -27.15159034729004
                ],
                [
                    -242.04951906204224,
                    -141.13173866271973,
                    -27.15159034729004,
                    -27.15159034729004,
                    -292.59011363983154,
                    -27.15159034729004,
                    -27.15159034729004,
                    -242.04951906204224,
                    -292.59011363983154,
                    -292.59011363983154,
                    -27.15159034729004
                ],
                [
                    -228.37084364891052,
                    -114.18644785881042,
                    -26.636269569396973,
                    -26.636269569396973,
                    -275.3696343898773,
                    -26.636269569396973,
                    -26.636269569396973,
                    -228.37084364891052,
                    -275.3696343898773,
                    -275.3696343898773,
                    -26.636269569396973
                ],
                [
                    -226.13647937774658,
                    -136.42512154579163,
                    -28.95793914794922,
                    -28.95793914794922,
                    -285.40022325515747,
                    -28.95793914794922,
                    -28.95793914794922,
                    -226.13647937774658,
                    -285.40022325515747,
                    -285.40022325515747,
                    -28.95793914794922
                ],
                [
                    -217.42557287216187,
                    -121.03491878509521,
                    -23.179522275924683,
                    -23.179522275924683,
                    -272.9671006202698,
                    -23.179522275924683,
                    -23.179522275924683,
                    -217.42557287216187,
                    -272.9671006202698,
                    -272.9671006202698,
                    -23.179522275924683
                ],
                [
                    -232.52418172359467,
                    -127.94892525672913,
                    -24.168171405792236,
                    -24.168171405792236,
                    -279.6708298921585,
                    -24.168171405792236,
                    -24.168171405792236,
                    -232.52418172359467,
                    -279.6708298921585,
                    -279.6708298921585,
                    -24.168171405792236
                ],
                [
                    -242.04951906204224,
                    -141.13173866271973,
                    -27.15159034729004,
                    -27.15159034729004,
                    -292.59011363983154,
                    -27.15159034729004,
                    -27.15159034729004,
                    -242.04951906204224,
                    -292.59011363983154,
                    -292.59011363983154,
                    -27.15159034729004
                ],
                [
                    -242.04951906204224,
                    -141.13173866271973,
                    -27.15159034729004,
                    -27.15159034729004,
                    -292.59011363983154,
                    -27.15159034729004,
                    -27.15159034729004,
                    -242.04951906204224,
                    -292.59011363983154,
                    -292.59011363983154,
                    -27.15159034729004
                ],
                [
                    -242.04951906204224,
                    -141.13173866271973,
                    -27.15159034729004,
                    -27.15159034729004,
                    -292.59011363983154,
                    -27.15159034729004,
                    -27.15159034729004,
                    -242.04951906204224,
                    -292.59011363983154,
                    -292.59011363983154,
                    -27.15159034729004
                ],
                [
                    -228.37084364891052,
                    -114.18644785881042,
                    -26.636269569396973,
                    -26.636269569396973,
                    -275.3696343898773,
                    -26.636269569396973,
                    -26.636269569396973,
                    -228.37084364891052,
                    -275.3696343898773,
                    -275.3696343898773,
                    -26.636269569396973
                ]
            ]
        ],
        "prompt_sensitivities": [
            23.164425070850797
        ],
        "posix": 23.164425070850797
    }
}