{
    "file_name": "question_82_variants.json",
    "overall_posix": 19.54110921103915,
    "detailed_scores": [
        {
            "Variation 1": 9.332783603668213,
            "Variation 2": 110.78467051188152,
            "Variation 3": 110.78467051188152,
            "Variation 4": 110.78467051188152,
            "Variation 5": 11.392725070317587,
            "Variation 6": 11.392725070317587,
            "Variation 7": 110.78467051188152,
            "Variation 8": 110.78467051188152,
            "Variation 9": 110.03258419036865,
            "Variation 10": 9.332783603668213
        }
    ],
    "trace": {
        "prompts": [
            "Can any lung infiltrates be observed on the chest X-ray? Please choose from the following two options: [yes, no]\n<image>"
        ],
        "responses": [
            [
                "No, there are no visible lung infiltrates on the chest X-ray. The image shows a normal chest X-ray with no signs of lung infiltrates.",
                "No, there are no lung infiltrates visible on the chest X-ray.",
                "No",
                "No",
                "No",
                "Yes, there are infiltrates visible on the chest X-ray.",
                "Yes, there are infiltrates visible on the chest X-ray.",
                "No",
                "No",
                "Yes",
                "No, there are no lung infiltrates visible on the chest X-ray."
            ]
        ],
        "logprob_matrices": [
            [
                [
                    -365.9351863861084,
                    -179.27951431274414,
                    -33.58117485046387,
                    -33.58117485046387,
                    -33.58117485046387,
                    -160.86613512039185,
                    -160.86613512039185,
                    -33.58117485046387,
                    -33.58117485046387,
                    -35.83743381500244,
                    -179.27951431274414
                ],
                [
                    -377.63227939605713,
                    -184.26573991775513,
                    -29.43125343322754,
                    -29.43125343322754,
                    -29.43125343322754,
                    -157.071359872818,
                    -157.071359872818,
                    -29.43125343322754,
                    -29.43125343322754,
                    -30.398378372192383,
                    -184.26573991775513
                ],
                [
                    -389.09473299980164,
                    -186.1478042602539,
                    -27.82963991165161,
                    -27.82963991165161,
                    -27.82963991165161,
                    -160.52670645713806,
                    -160.52670645713806,
                    -27.82963991165161,
                    -27.82963991165161,
                    -29.230647563934326,
                    -186.1478042602539
                ],
                [
                    -389.09473299980164,
                    -186.1478042602539,
                    -27.82963991165161,
                    -27.82963991165161,
                    -27.82963991165161,
                    -160.52670645713806,
                    -160.52670645713806,
                    -27.82963991165161,
                    -27.82963991165161,
                    -29.230647563934326,
                    -186.1478042602539
                ],
                [
                    -376.8877782821655,
                    -180.34443521499634,
                    -28.602067947387695,
                    -28.602067947387695,
                    -28.602067947387695,
                    -165.03616094589233,
                    -165.03616094589233,
                    -28.602067947387695,
                    -28.602067947387695,
                    -30.18536376953125,
                    -180.34443521499634
                ],
                [
                    -363.897456407547,
                    -192.59975385665894,
                    -27.359795093536377,
                    -27.359795093536377,
                    -27.359795093536377,
                    -167.1135926246643,
                    -167.1135926246643,
                    -27.359795093536377,
                    -27.359795093536377,
                    -29.10134744644165,
                    -192.59975385665894
                ],
                [
                    -376.8877782821655,
                    -180.34443521499634,
                    -28.602067947387695,
                    -28.602067947387695,
                    -28.602067947387695,
                    -165.03616094589233,
                    -165.03616094589233,
                    -28.602067947387695,
                    -28.602067947387695,
                    -30.18536376953125,
                    -180.34443521499634
                ],
                [
                    -374.12690830230713,
                    -178.0040204524994,
                    -24.45116949081421,
                    -24.45116949081421,
                    -24.45116949081421,
                    -158.92250537872314,
                    -158.92250537872314,
                    -24.45116949081421,
                    -24.45116949081421,
                    -26.94786787033081,
                    -178.0040204524994
                ],
                [
                    -389.09473299980164,
                    -186.1478042602539,
                    -27.82963991165161,
                    -27.82963991165161,
                    -27.82963991165161,
                    -160.52670645713806,
                    -160.52670645713806,
                    -27.82963991165161,
                    -27.82963991165161,
                    -29.230647563934326,
                    -186.1478042602539
                ],
                [
                    -374.12690830230713,
                    -178.0040204524994,
                    -24.45116949081421,
                    -24.45116949081421,
                    -24.45116949081421,
                    -158.92250537872314,
                    -158.92250537872314,
                    -24.45116949081421,
                    -24.45116949081421,
                    -26.94786787033081,
                    -178.0040204524994
                ],
                [
                    -377.63227939605713,
                    -184.26573991775513,
                    -29.43125343322754,
                    -29.43125343322754,
                    -29.43125343322754,
                    -157.071359872818,
                    -157.071359872818,
                    -29.43125343322754,
                    -29.43125343322754,
                    -30.398378372192383,
                    -184.26573991775513
                ]
            ]
        ],
        "prompt_sensitivities": [
            19.54110921103915
        ],
        "posix": 19.54110921103915
    }
}