{
    "file_name": "question_293_variants.json",
    "overall_posix": 0.0,
    "detailed_scores": [
        {
            "Variation 1": 0.0,
            "Variation 2": 0.0,
            "Variation 3": 0.0,
            "Variation 4": 0.0,
            "Variation 5": 0.0,
            "Variation 6": 0.0,
            "Variation 7": 0.0,
            "Variation 8": 0.0,
            "Variation 9": 0.0,
            "Variation 10": 0.0
        }
    ],
    "trace": {
        "prompts": [
            "Is there evidence of a granuloma in the left upper lobe? Please choose from the following two options: [yes, no]\n<image>"
        ],
        "responses": [
            [
                "yes",
                "yes",
                "yes",
                "yes",
                "yes",
                "yes",
                "yes",
                "yes",
                "yes",
                "yes",
                "yes"
            ]
        ],
        "logprob_matrices": [
            [
                [
                    -8.9375,
                    -8.9375,
                    -8.9375,
                    -8.9375,
                    -8.9375,
                    -8.9375,
                    -8.9375,
                    -8.9375,
                    -8.9375,
                    -8.9375,
                    -8.9375
                ],
                [
                    -7.625,
                    -7.625,
                    -7.625,
                    -7.625,
                    -7.625,
                    -7.625,
                    -7.625,
                    -7.625,
                    -7.625,
                    -7.625,
                    -7.625
                ],
                [
                    -6.65625,
                    -6.65625,
                    -6.65625,
                    -6.65625,
                    -6.65625,
                    -6.65625,
                    -6.65625,
                    -6.65625,
                    -6.65625,
                    -6.65625,
                    -6.65625
                ],
                [
                    -8.5625,
                    -8.5625,
                    -8.5625,
                    -8.5625,
                    -8.5625,
                    -8.5625,
                    -8.5625,
                    -8.5625,
                    -8.5625,
                    -8.5625,
                    -8.5625
                ],
                [
                    -7.34375,
                    -7.34375,
                    -7.34375,
                    -7.34375,
                    -7.34375,
                    -7.34375,
                    -7.34375,
                    -7.34375,
                    -7.34375,
                    -7.34375,
                    -7.34375
                ],
                [
                    -8.8125,
                    -8.8125,
                    -8.8125,
                    -8.8125,
                    -8.8125,
                    -8.8125,
                    -8.8125,
                    -8.8125,
                    -8.8125,
                    -8.8125,
                    -8.8125
                ],
                [
                    -7.0625,
                    -7.0625,
                    -7.0625,
                    -7.0625,
                    -7.0625,
                    -7.0625,
                    -7.0625,
                    -7.0625,
                    -7.0625,
                    -7.0625,
                    -7.0625
                ],
                [
                    -8.8125,
                    -8.8125,
                    -8.8125,
                    -8.8125,
                    -8.8125,
                    -8.8125,
                    -8.8125,
                    -8.8125,
                    -8.8125,
                    -8.8125,
                    -8.8125
                ],
                [
                    -7.90625,
                    -7.90625,
                    -7.90625,
                    -7.90625,
                    -7.90625,
                    -7.90625,
                    -7.90625,
                    -7.90625,
                    -7.90625,
                    -7.90625,
                    -7.90625
                ],
                [
                    -9.4375,
                    -9.4375,
                    -9.4375,
                    -9.4375,
                    -9.4375,
                    -9.4375,
                    -9.4375,
                    -9.4375,
                    -9.4375,
                    -9.4375,
                    -9.4375
                ],
                [
                    -7.75,
                    -7.75,
                    -7.75,
                    -7.75,
                    -7.75,
                    -7.75,
                    -7.75,
                    -7.75,
                    -7.75,
                    -7.75,
                    -7.75
                ]
            ]
        ],
        "prompt_sensitivities": [
            0.0
        ],
        "posix": 0.0
    }
}