{
    "file_name": "question_238_variants.json",
    "overall_posix": 0.4551136363636364,
    "detailed_scores": [
        {
            "Variation 1": 0.5625,
            "Variation 2": 0.0,
            "Variation 3": 0.5625,
            "Variation 4": 0.0,
            "Variation 5": 0.0,
            "Variation 6": 0.0,
            "Variation 7": 0.0,
            "Variation 8": 0.0,
            "Variation 9": 0.0,
            "Variation 10": 0.5625
        }
    ],
    "trace": {
        "prompts": [
            "Are there other abnormalities present in the lungs apart from the small nodular opacity? Please choose from the following two options: [yes, no]\n<image>"
        ],
        "responses": [
            [
                "Yes",
                "yes",
                "Yes",
                "yes",
                "Yes",
                "Yes",
                "Yes",
                "Yes",
                "Yes",
                "Yes",
                "yes"
            ]
        ],
        "logprob_matrices": [
            [
                [
                    -5.78125,
                    -5.21875,
                    -5.78125,
                    -5.21875,
                    -5.78125,
                    -5.78125,
                    -5.78125,
                    -5.78125,
                    -5.78125,
                    -5.78125,
                    -5.21875
                ],
                [
                    -5.78125,
                    -4.65625,
                    -5.78125,
                    -4.65625,
                    -5.78125,
                    -5.78125,
                    -5.78125,
                    -5.78125,
                    -5.78125,
                    -5.78125,
                    -4.65625
                ],
                [
                    -5.59375,
                    -4.78125,
                    -5.59375,
                    -4.78125,
                    -5.59375,
                    -5.59375,
                    -5.59375,
                    -5.59375,
                    -5.59375,
                    -5.59375,
                    -4.78125
                ],
                [
                    -6.0625,
                    -5.5625,
                    -6.0625,
                    -5.5625,
                    -6.0625,
                    -6.0625,
                    -6.0625,
                    -6.0625,
                    -6.0625,
                    -6.0625,
                    -5.5625
                ],
                [
                    -5.9375,
                    -5.0,
                    -5.9375,
                    -5.0,
                    -5.9375,
                    -5.9375,
                    -5.9375,
                    -5.9375,
                    -5.9375,
                    -5.9375,
                    -5.0
                ],
                [
                    -5.375,
                    -4.5,
                    -5.375,
                    -4.5,
                    -5.375,
                    -5.375,
                    -5.375,
                    -5.375,
                    -5.375,
                    -5.375,
                    -4.5
                ],
                [
                    -5.75,
                    -4.3125,
                    -5.75,
                    -4.3125,
                    -5.75,
                    -5.75,
                    -5.75,
                    -5.75,
                    -5.75,
                    -5.75,
                    -4.3125
                ],
                [
                    -5.1875,
                    -4.0625,
                    -5.1875,
                    -4.0625,
                    -5.1875,
                    -5.1875,
                    -5.1875,
                    -5.1875,
                    -5.1875,
                    -5.1875,
                    -4.0625
                ],
                [
                    -5.25,
                    -2.8125,
                    -5.25,
                    -2.8125,
                    -5.25,
                    -5.25,
                    -5.25,
                    -5.25,
                    -5.25,
                    -5.25,
                    -2.8125
                ],
                [
                    -5.875,
                    -5.375,
                    -5.875,
                    -5.375,
                    -5.875,
                    -5.875,
                    -5.875,
                    -5.875,
                    -5.875,
                    -5.875,
                    -5.375
                ],
                [
                    -5.71875,
                    -4.34375,
                    -5.71875,
                    -4.34375,
                    -5.71875,
                    -5.71875,
                    -5.71875,
                    -5.71875,
                    -5.71875,
                    -5.71875,
                    -4.34375
                ]
            ]
        ],
        "prompt_sensitivities": [
            0.4551136363636364
        ],
        "posix": 0.4551136363636364
    }
}