{
    "file_name": "question_340_variants.json",
    "overall_posix": 0.22386363636363638,
    "detailed_scores": [
        {
            "Variation 1": 0.0,
            "Variation 2": 0.0,
            "Variation 3": 0.0,
            "Variation 4": 1.28125,
            "Variation 5": 0.0,
            "Variation 6": 0.0,
            "Variation 7": 0.0,
            "Variation 8": 0.0,
            "Variation 9": 0.0,
            "Variation 10": 0.0
        }
    ],
    "trace": {
        "prompts": [
            "Are the pulmonary vascular markings within normal limits? Please choose from the following two options: [yes, no]\n<image>"
        ],
        "responses": [
            [
                "yes",
                "yes",
                "yes",
                "yes",
                "no",
                "yes",
                "yes",
                "yes",
                "yes",
                "yes",
                "yes"
            ]
        ],
        "logprob_matrices": [
            [
                [
                    -7.40625,
                    -7.40625,
                    -7.40625,
                    -7.40625,
                    -8.6875,
                    -7.40625,
                    -7.40625,
                    -7.40625,
                    -7.40625,
                    -7.40625,
                    -7.40625
                ],
                [
                    -5.875,
                    -5.875,
                    -5.875,
                    -5.875,
                    -8.0,
                    -5.875,
                    -5.875,
                    -5.875,
                    -5.875,
                    -5.875,
                    -5.875
                ],
                [
                    -5.6875,
                    -5.6875,
                    -5.6875,
                    -5.6875,
                    -7.5,
                    -5.6875,
                    -5.6875,
                    -5.6875,
                    -5.6875,
                    -5.6875,
                    -5.6875
                ],
                [
                    -7.5,
                    -7.5,
                    -7.5,
                    -7.5,
                    -8.75,
                    -7.5,
                    -7.5,
                    -7.5,
                    -7.5,
                    -7.5,
                    -7.5
                ],
                [
                    -7.1875,
                    -7.1875,
                    -7.1875,
                    -7.1875,
                    -8.4375,
                    -7.1875,
                    -7.1875,
                    -7.1875,
                    -7.1875,
                    -7.1875,
                    -7.1875
                ],
                [
                    -6.96875,
                    -6.96875,
                    -6.96875,
                    -6.96875,
                    -7.96875,
                    -6.96875,
                    -6.96875,
                    -6.96875,
                    -6.96875,
                    -6.96875,
                    -6.96875
                ],
                [
                    -7.3125,
                    -7.3125,
                    -7.3125,
                    -7.3125,
                    -7.5,
                    -7.3125,
                    -7.3125,
                    -7.3125,
                    -7.3125,
                    -7.3125,
                    -7.3125
                ],
                [
                    -6.25,
                    -6.25,
                    -6.25,
                    -6.25,
                    -7.75,
                    -6.25,
                    -6.25,
                    -6.25,
                    -6.25,
                    -6.25,
                    -6.25
                ],
                [
                    -7.28125,
                    -7.28125,
                    -7.28125,
                    -7.28125,
                    -8.875,
                    -7.28125,
                    -7.28125,
                    -7.28125,
                    -7.28125,
                    -7.28125,
                    -7.28125
                ],
                [
                    -7.0,
                    -7.0,
                    -7.0,
                    -7.0,
                    -7.5,
                    -7.0,
                    -7.0,
                    -7.0,
                    -7.0,
                    -7.0,
                    -7.0
                ],
                [
                    -5.9375,
                    -5.9375,
                    -5.9375,
                    -5.9375,
                    -6.8125,
                    -5.9375,
                    -5.9375,
                    -5.9375,
                    -5.9375,
                    -5.9375,
                    -5.9375
                ]
            ]
        ],
        "prompt_sensitivities": [
            0.22386363636363638
        ],
        "posix": 0.22386363636363638
    }
}