{
    "file_name": "question_9_variants.json",
    "overall_posix": 0.07897727272727273,
    "detailed_scores": [
        {
            "Variation 1": 0.0,
            "Variation 2": 0.0,
            "Variation 3": 0.0,
            "Variation 4": 0.0,
            "Variation 5": 0.0,
            "Variation 6": 0.0625,
            "Variation 7": 0.0,
            "Variation 8": 0.0,
            "Variation 9": 0.0,
            "Variation 10": 0.0
        }
    ],
    "trace": {
        "prompts": [
            "Is the lung field clear on the chest X-ray? Please choose from the following two options: [yes, no]\n<image>"
        ],
        "responses": [
            [
                "yes",
                "yes",
                "yes",
                "yes",
                "yes",
                "yes",
                "no",
                "yes",
                "yes",
                "yes",
                "yes"
            ]
        ],
        "logprob_matrices": [
            [
                [
                    -7.78125,
                    -7.78125,
                    -7.78125,
                    -7.78125,
                    -7.78125,
                    -7.78125,
                    -7.84375,
                    -7.78125,
                    -7.78125,
                    -7.78125,
                    -7.78125
                ],
                [
                    -7.15625,
                    -7.15625,
                    -7.15625,
                    -7.15625,
                    -7.15625,
                    -7.15625,
                    -7.53125,
                    -7.15625,
                    -7.15625,
                    -7.15625,
                    -7.15625
                ],
                [
                    -7.90625,
                    -7.90625,
                    -7.90625,
                    -7.90625,
                    -7.90625,
                    -7.90625,
                    -7.96875,
                    -7.90625,
                    -7.90625,
                    -7.90625,
                    -7.90625
                ],
                [
                    -4.8125,
                    -4.8125,
                    -4.8125,
                    -4.8125,
                    -4.8125,
                    -4.8125,
                    -6.0,
                    -4.8125,
                    -4.8125,
                    -4.8125,
                    -4.8125
                ],
                [
                    -6.46875,
                    -6.46875,
                    -6.46875,
                    -6.46875,
                    -6.46875,
                    -6.46875,
                    -6.65625,
                    -6.46875,
                    -6.46875,
                    -6.46875,
                    -6.46875
                ],
                [
                    -8.1875,
                    -8.1875,
                    -8.1875,
                    -8.1875,
                    -8.1875,
                    -8.1875,
                    -8.0625,
                    -8.1875,
                    -8.1875,
                    -8.1875,
                    -8.1875
                ],
                [
                    -7.125,
                    -7.125,
                    -7.125,
                    -7.125,
                    -7.125,
                    -7.125,
                    -6.625,
                    -7.125,
                    -7.125,
                    -7.125,
                    -7.125
                ],
                [
                    -9.5,
                    -9.5,
                    -9.5,
                    -9.5,
                    -9.5,
                    -9.5,
                    -9.0625,
                    -9.5,
                    -9.5,
                    -9.5,
                    -9.5
                ],
                [
                    -7.53125,
                    -7.53125,
                    -7.53125,
                    -7.53125,
                    -7.53125,
                    -7.53125,
                    -7.59375,
                    -7.53125,
                    -7.53125,
                    -7.53125,
                    -7.53125
                ],
                [
                    -6.625,
                    -6.625,
                    -6.625,
                    -6.625,
                    -6.625,
                    -6.625,
                    -7.6875,
                    -6.625,
                    -6.625,
                    -6.625,
                    -6.625
                ],
                [
                    -6.46875,
                    -6.46875,
                    -6.46875,
                    -6.46875,
                    -6.46875,
                    -6.46875,
                    -6.59375,
                    -6.46875,
                    -6.46875,
                    -6.46875,
                    -6.46875
                ]
            ]
        ],
        "prompt_sensitivities": [
            0.07897727272727273
        ],
        "posix": 0.07897727272727273
    }
}