{
    "file_name": "question_297_variants.json",
    "overall_posix": 0.0,
    "detailed_scores": [
        {
            "Variation 1": 0.0,
            "Variation 2": 0.0,
            "Variation 3": 0.0,
            "Variation 4": 0.0,
            "Variation 5": 0.0,
            "Variation 6": 0.0,
            "Variation 7": 0.0,
            "Variation 8": 0.0,
            "Variation 9": 0.0,
            "Variation 10": 0.0
        }
    ],
    "trace": {
        "prompts": [
            " Please choose from the following two options: [yes, no]\n<image>"
        ],
        "responses": [
            [
                "yes",
                "yes",
                "yes",
                "yes",
                "yes",
                "yes",
                "yes",
                "yes",
                "yes",
                "yes",
                "yes"
            ]
        ],
        "logprob_matrices": [
            [
                [
                    -6.125,
                    -6.125,
                    -6.125,
                    -6.125,
                    -6.125,
                    -6.125,
                    -6.125,
                    -6.125,
                    -6.125,
                    -6.125,
                    -6.125
                ],
                [
                    -5.0,
                    -5.0,
                    -5.0,
                    -5.0,
                    -5.0,
                    -5.0,
                    -5.0,
                    -5.0,
                    -5.0,
                    -5.0,
                    -5.0
                ],
                [
                    -6.125,
                    -6.125,
                    -6.125,
                    -6.125,
                    -6.125,
                    -6.125,
                    -6.125,
                    -6.125,
                    -6.125,
                    -6.125,
                    -6.125
                ],
                [
                    -4.03125,
                    -4.03125,
                    -4.03125,
                    -4.03125,
                    -4.03125,
                    -4.03125,
                    -4.03125,
                    -4.03125,
                    -4.03125,
                    -4.03125,
                    -4.03125
                ],
                [
                    -6.1875,
                    -6.1875,
                    -6.1875,
                    -6.1875,
                    -6.1875,
                    -6.1875,
                    -6.1875,
                    -6.1875,
                    -6.1875,
                    -6.1875,
                    -6.1875
                ],
                [
                    -6.125,
                    -6.125,
                    -6.125,
                    -6.125,
                    -6.125,
                    -6.125,
                    -6.125,
                    -6.125,
                    -6.125,
                    -6.125,
                    -6.125
                ],
                [
                    -6.84375,
                    -6.84375,
                    -6.84375,
                    -6.84375,
                    -6.84375,
                    -6.84375,
                    -6.84375,
                    -6.84375,
                    -6.84375,
                    -6.84375,
                    -6.84375
                ],
                [
                    -4.65625,
                    -4.65625,
                    -4.65625,
                    -4.65625,
                    -4.65625,
                    -4.65625,
                    -4.65625,
                    -4.65625,
                    -4.65625,
                    -4.65625,
                    -4.65625
                ],
                [
                    -6.125,
                    -6.125,
                    -6.125,
                    -6.125,
                    -6.125,
                    -6.125,
                    -6.125,
                    -6.125,
                    -6.125,
                    -6.125,
                    -6.125
                ],
                [
                    -5.25,
                    -5.25,
                    -5.25,
                    -5.25,
                    -5.25,
                    -5.25,
                    -5.25,
                    -5.25,
                    -5.25,
                    -5.25,
                    -5.25
                ],
                [
                    -6.125,
                    -6.125,
                    -6.125,
                    -6.125,
                    -6.125,
                    -6.125,
                    -6.125,
                    -6.125,
                    -6.125,
                    -6.125,
                    -6.125
                ]
            ]
        ],
        "prompt_sensitivities": [
            0.0
        ],
        "posix": 0.0
    }
}