{
    "file_name": "question_216_variants.json",
    "overall_posix": 2.4797238436612217,
    "detailed_scores": [
        {
            "Variation 1": 4.25,
            "Variation 2": 5.90625,
            "Variation 3": 4.25,
            "Variation 4": 4.25,
            "Variation 5": 0.0,
            "Variation 6": 2.75,
            "Variation 7": 4.25,
            "Variation 8": 2.75,
            "Variation 9": 0.0,
            "Variation 10": 4.25
        }
    ],
    "trace": {
        "prompts": [
            "Does the chest X-ray show any lung masses or nodules? Please choose from the following two options: [yes, no]\n<image>"
        ],
        "responses": [
            [
                "No",
                "yes",
                "xyes",
                "yes",
                "yes",
                "No",
                "no",
                "yes",
                "no",
                "No",
                "yes"
            ]
        ],
        "logprob_matrices": [
            [
                [
                    -11.125,
                    -6.875,
                    -22.9375,
                    -6.875,
                    -6.875,
                    -11.125,
                    -8.375,
                    -6.875,
                    -8.375,
                    -11.125,
                    -6.875
                ],
                [
                    -9.5,
                    -5.75,
                    -20.84375,
                    -5.75,
                    -5.75,
                    -9.5,
                    -7.125,
                    -5.75,
                    -7.125,
                    -9.5,
                    -5.75
                ],
                [
                    -10.0,
                    -4.03125,
                    -5.719749450683594,
                    -4.03125,
                    -4.03125,
                    -10.0,
                    -4.34375,
                    -4.03125,
                    -4.34375,
                    -10.0,
                    -4.03125
                ],
                [
                    -11.5,
                    -6.59375,
                    -23.0,
                    -6.59375,
                    -6.59375,
                    -11.5,
                    -7.84375,
                    -6.59375,
                    -7.84375,
                    -11.5,
                    -6.59375
                ],
                [
                    -12.125,
                    -7.625,
                    -22.1875,
                    -7.625,
                    -7.625,
                    -12.125,
                    -7.9375,
                    -7.625,
                    -7.9375,
                    -12.125,
                    -7.625
                ],
                [
                    -9.75,
                    -6.3125,
                    -22.375,
                    -6.3125,
                    -6.3125,
                    -9.75,
                    -7.125,
                    -6.3125,
                    -7.125,
                    -9.75,
                    -6.3125
                ],
                [
                    -11.5,
                    -6.84375,
                    -22.28125,
                    -6.84375,
                    -6.84375,
                    -11.5,
                    -8.0625,
                    -6.84375,
                    -8.0625,
                    -11.5,
                    -6.84375
                ],
                [
                    -11.625,
                    -8.4375,
                    -22.40625,
                    -8.4375,
                    -8.4375,
                    -11.625,
                    -9.375,
                    -8.4375,
                    -9.375,
                    -11.625,
                    -8.4375
                ],
                [
                    -12.25,
                    -8.1875,
                    -22.25,
                    -8.1875,
                    -8.1875,
                    -12.25,
                    -9.5,
                    -8.1875,
                    -9.5,
                    -12.25,
                    -8.1875
                ],
                [
                    -8.6875,
                    -4.5625,
                    -21.6875,
                    -4.5625,
                    -4.5625,
                    -8.6875,
                    -6.3125,
                    -4.5625,
                    -6.3125,
                    -8.6875,
                    -4.5625
                ],
                [
                    -10.25,
                    -5.65625,
                    -20.25,
                    -5.65625,
                    -5.65625,
                    -10.25,
                    -7.09375,
                    -5.65625,
                    -7.09375,
                    -10.25,
                    -5.65625
                ]
            ]
        ],
        "prompt_sensitivities": [
            2.4797238436612217
        ],
        "posix": 2.4797238436612217
    }
}