{
    "file_name": "question_201_variants.json",
    "overall_posix": 0.7134055397727272,
    "detailed_scores": [
        {
            "Variation 1": 0.0,
            "Variation 2": 7.890625,
            "Variation 3": 0.0,
            "Variation 4": 0.0,
            "Variation 5": 0.0,
            "Variation 6": 0.0,
            "Variation 7": 0.0,
            "Variation 8": 0.0,
            "Variation 9": 0.0,
            "Variation 10": 0.0
        }
    ],
    "trace": {
        "prompts": [
            "Does the X-ray show any signs of lung congestion? Please choose from the following two options: [yes, no]\n<image>"
        ],
        "responses": [
            [
                "yes",
                "yes",
                "yesq",
                "yes",
                "yes",
                "yes",
                "yes",
                "yes",
                "yes",
                "yes",
                "yes"
            ]
        ],
        "logprob_matrices": [
            [
                [
                    -7.75,
                    -7.75,
                    -23.53125,
                    -7.75,
                    -7.75,
                    -7.75,
                    -7.75,
                    -7.75,
                    -7.75,
                    -7.75,
                    -7.75
                ],
                [
                    -8.1875,
                    -8.1875,
                    -22.5625,
                    -8.1875,
                    -8.1875,
                    -8.1875,
                    -8.1875,
                    -8.1875,
                    -8.1875,
                    -8.1875,
                    -8.1875
                ],
                [
                    -5.9375,
                    -5.9375,
                    -6.3349609375,
                    -5.9375,
                    -5.9375,
                    -5.9375,
                    -5.9375,
                    -5.9375,
                    -5.9375,
                    -5.9375,
                    -5.9375
                ],
                [
                    -6.375,
                    -6.375,
                    -20.9375,
                    -6.375,
                    -6.375,
                    -6.375,
                    -6.375,
                    -6.375,
                    -6.375,
                    -6.375,
                    -6.375
                ],
                [
                    -7.78125,
                    -7.78125,
                    -23.3125,
                    -7.78125,
                    -7.78125,
                    -7.78125,
                    -7.78125,
                    -7.78125,
                    -7.78125,
                    -7.78125,
                    -7.78125
                ],
                [
                    -8.4375,
                    -8.4375,
                    -22.75,
                    -8.4375,
                    -8.4375,
                    -8.4375,
                    -8.4375,
                    -8.4375,
                    -8.4375,
                    -8.4375,
                    -8.4375
                ],
                [
                    -7.5625,
                    -7.5625,
                    -22.125,
                    -7.5625,
                    -7.5625,
                    -7.5625,
                    -7.5625,
                    -7.5625,
                    -7.5625,
                    -7.5625,
                    -7.5625
                ],
                [
                    -7.53125,
                    -7.53125,
                    -22.71875,
                    -7.53125,
                    -7.53125,
                    -7.53125,
                    -7.53125,
                    -7.53125,
                    -7.53125,
                    -7.53125,
                    -7.53125
                ],
                [
                    -6.78125,
                    -6.78125,
                    -20.90625,
                    -6.78125,
                    -6.78125,
                    -6.78125,
                    -6.78125,
                    -6.78125,
                    -6.78125,
                    -6.78125,
                    -6.78125
                ],
                [
                    -7.3125,
                    -7.3125,
                    -22.25,
                    -7.3125,
                    -7.3125,
                    -7.3125,
                    -7.3125,
                    -7.3125,
                    -7.3125,
                    -7.3125,
                    -7.3125
                ],
                [
                    -6.90625,
                    -6.90625,
                    -22.53125,
                    -6.90625,
                    -6.90625,
                    -6.90625,
                    -6.90625,
                    -6.90625,
                    -6.90625,
                    -6.90625,
                    -6.90625
                ]
            ]
        ],
        "prompt_sensitivities": [
            0.7134055397727272
        ],
        "posix": 0.7134055397727272
    }
}