{
    "file_name": "question_139_variants.json",
    "overall_posix": 1.096579071969697,
    "detailed_scores": [
        {
            "Variation 1": 2.125,
            "Variation 2": 0.0,
            "Variation 3": 3.0,
            "Variation 4": 2.125,
            "Variation 5": 0.0,
            "Variation 6": 0.0,
            "Variation 7": 0.0,
            "Variation 8": 0.0,
            "Variation 9": 2.125,
            "Variation 10": 0.0
        }
    ],
    "trace": {
        "prompts": [
            "Can any masses be detected within the lungs on this X-ray? Please choose from the following two options: [yes, no]\n<image>"
        ],
        "responses": [
            [
                "yes",
                "no",
                "yes",
                "yes, on",
                "no",
                "yes",
                "yes",
                "yes",
                "yes",
                "no",
                "yes"
            ]
        ],
        "logprob_matrices": [
            [
                [
                    -6.4375,
                    -8.5625,
                    -6.4375,
                    -15.4375,
                    -8.5625,
                    -6.4375,
                    -6.4375,
                    -6.4375,
                    -6.4375,
                    -8.5625,
                    -6.4375
                ],
                [
                    -5.96875,
                    -8.0,
                    -5.96875,
                    -14.703125,
                    -8.0,
                    -5.96875,
                    -5.96875,
                    -5.96875,
                    -5.96875,
                    -8.0,
                    -5.96875
                ],
                [
                    -5.28125,
                    -7.46875,
                    -5.28125,
                    -14.0859375,
                    -7.46875,
                    -5.28125,
                    -5.28125,
                    -5.28125,
                    -5.28125,
                    -7.46875,
                    -5.28125
                ],
                [
                    -2.46875,
                    -6.15625,
                    -2.46875,
                    -2.9208984375,
                    -6.15625,
                    -2.46875,
                    -2.46875,
                    -2.46875,
                    -2.46875,
                    -6.15625,
                    -2.46875
                ],
                [
                    -4.59375,
                    -6.53125,
                    -4.59375,
                    -12.984375,
                    -6.53125,
                    -4.59375,
                    -4.59375,
                    -4.59375,
                    -4.59375,
                    -6.53125,
                    -4.59375
                ],
                [
                    -5.65625,
                    -7.59375,
                    -5.65625,
                    -14.6953125,
                    -7.59375,
                    -5.65625,
                    -5.65625,
                    -5.65625,
                    -5.65625,
                    -7.59375,
                    -5.65625
                ],
                [
                    -6.5625,
                    -7.96875,
                    -6.5625,
                    -15.5859375,
                    -7.96875,
                    -6.5625,
                    -6.5625,
                    -6.5625,
                    -6.5625,
                    -7.96875,
                    -6.5625
                ],
                [
                    -6.9375,
                    -8.0625,
                    -6.9375,
                    -15.40625,
                    -8.0625,
                    -6.9375,
                    -6.9375,
                    -6.9375,
                    -6.9375,
                    -8.0625,
                    -6.9375
                ],
                [
                    -6.125,
                    -8.1875,
                    -6.125,
                    -15.40625,
                    -8.1875,
                    -6.125,
                    -6.125,
                    -6.125,
                    -6.125,
                    -8.1875,
                    -6.125
                ],
                [
                    -6.65625,
                    -8.625,
                    -6.65625,
                    -15.75,
                    -8.625,
                    -6.65625,
                    -6.65625,
                    -6.65625,
                    -6.65625,
                    -8.625,
                    -6.65625
                ],
                [
                    -6.71875,
                    -8.6875,
                    -6.71875,
                    -16.078125,
                    -8.6875,
                    -6.71875,
                    -6.71875,
                    -6.71875,
                    -6.71875,
                    -8.6875,
                    -6.71875
                ]
            ]
        ],
        "prompt_sensitivities": [
            1.096579071969697
        ],
        "posix": 1.096579071969697
    }
}