{
    "file_name": "question_117_variants.json",
    "overall_posix": 0.29147727272727275,
    "detailed_scores": [
        {
            "Variation 1": 1.5,
            "Variation 2": 0.0,
            "Variation 3": 0.0,
            "Variation 4": 0.0,
            "Variation 5": 0.0,
            "Variation 6": 0.0,
            "Variation 7": 0.0,
            "Variation 8": 0.0,
            "Variation 9": 0.0,
            "Variation 10": 0.0
        }
    ],
    "trace": {
        "prompts": [
            "Is there any indication of pleural effusion in the chest X-ray? Please choose from the following two options: [yes, no]\n<image>"
        ],
        "responses": [
            [
                "yes",
                "no",
                "yes",
                "yes",
                "yes",
                "yes",
                "yes",
                "yes",
                "yes",
                "yes",
                "yes"
            ]
        ],
        "logprob_matrices": [
            [
                [
                    -6.15625,
                    -7.65625,
                    -6.15625,
                    -6.15625,
                    -6.15625,
                    -6.15625,
                    -6.15625,
                    -6.15625,
                    -6.15625,
                    -6.15625,
                    -6.15625
                ],
                [
                    -6.75,
                    -5.0,
                    -6.75,
                    -6.75,
                    -6.75,
                    -6.75,
                    -6.75,
                    -6.75,
                    -6.75,
                    -6.75,
                    -6.75
                ],
                [
                    -6.15625,
                    -7.65625,
                    -6.15625,
                    -6.15625,
                    -6.15625,
                    -6.15625,
                    -6.15625,
                    -6.15625,
                    -6.15625,
                    -6.15625,
                    -6.15625
                ],
                [
                    -5.65625,
                    -7.53125,
                    -5.65625,
                    -5.65625,
                    -5.65625,
                    -5.65625,
                    -5.65625,
                    -5.65625,
                    -5.65625,
                    -5.65625,
                    -5.65625
                ],
                [
                    -5.9375,
                    -6.625,
                    -5.9375,
                    -5.9375,
                    -5.9375,
                    -5.9375,
                    -5.9375,
                    -5.9375,
                    -5.9375,
                    -5.9375,
                    -5.9375
                ],
                [
                    -5.40625,
                    -7.09375,
                    -5.40625,
                    -5.40625,
                    -5.40625,
                    -5.40625,
                    -5.40625,
                    -5.40625,
                    -5.40625,
                    -5.40625,
                    -5.40625
                ],
                [
                    -6.125,
                    -8.0625,
                    -6.125,
                    -6.125,
                    -6.125,
                    -6.125,
                    -6.125,
                    -6.125,
                    -6.125,
                    -6.125,
                    -6.125
                ],
                [
                    -5.375,
                    -6.5625,
                    -5.375,
                    -5.375,
                    -5.375,
                    -5.375,
                    -5.375,
                    -5.375,
                    -5.375,
                    -5.375,
                    -5.375
                ],
                [
                    -5.40625,
                    -6.78125,
                    -5.40625,
                    -5.40625,
                    -5.40625,
                    -5.40625,
                    -5.40625,
                    -5.40625,
                    -5.40625,
                    -5.40625,
                    -5.40625
                ],
                [
                    -5.5625,
                    -6.4375,
                    -5.5625,
                    -5.5625,
                    -5.5625,
                    -5.5625,
                    -5.5625,
                    -5.5625,
                    -5.5625,
                    -5.5625,
                    -5.5625
                ],
                [
                    -6.3125,
                    -8.25,
                    -6.3125,
                    -6.3125,
                    -6.3125,
                    -6.3125,
                    -6.3125,
                    -6.3125,
                    -6.3125,
                    -6.3125,
                    -6.3125
                ]
            ]
        ],
        "prompt_sensitivities": [
            0.29147727272727275
        ],
        "posix": 0.29147727272727275
    }
}