{
    "file_name": "question_338_variants.json",
    "overall_posix": 0.7051491477272728,
    "detailed_scores": [
        {
            "Variation 1": 7.90625,
            "Variation 2": 0.0,
            "Variation 3": 0.0,
            "Variation 4": 0.0,
            "Variation 5": 0.0,
            "Variation 6": 0.0,
            "Variation 7": 0.0,
            "Variation 8": 0.0,
            "Variation 9": 0.0,
            "Variation 10": 0.0
        }
    ],
    "trace": {
        "prompts": [
            "Is there any evidence of consolidation on the current chest X-ray? Please choose from the following two options: [yes, no]\n<image>"
        ],
        "responses": [
            [
                "yes",
                "yesw",
                "yes",
                "yes",
                "yes",
                "yes",
                "yes",
                "yes",
                "yes",
                "yes",
                "yes"
            ]
        ],
        "logprob_matrices": [
            [
                [
                    -6.90625,
                    -22.71875,
                    -6.90625,
                    -6.90625,
                    -6.90625,
                    -6.90625,
                    -6.90625,
                    -6.90625,
                    -6.90625,
                    -6.90625,
                    -6.90625
                ],
                [
                    -5.6875,
                    -5.908203125,
                    -5.6875,
                    -5.6875,
                    -5.6875,
                    -5.6875,
                    -5.6875,
                    -5.6875,
                    -5.6875,
                    -5.6875,
                    -5.6875
                ],
                [
                    -5.46875,
                    -19.71875,
                    -5.46875,
                    -5.46875,
                    -5.46875,
                    -5.46875,
                    -5.46875,
                    -5.46875,
                    -5.46875,
                    -5.46875,
                    -5.46875
                ],
                [
                    -6.0625,
                    -21.40625,
                    -6.0625,
                    -6.0625,
                    -6.0625,
                    -6.0625,
                    -6.0625,
                    -6.0625,
                    -6.0625,
                    -6.0625,
                    -6.0625
                ],
                [
                    -6.25,
                    -22.125,
                    -6.25,
                    -6.25,
                    -6.25,
                    -6.25,
                    -6.25,
                    -6.25,
                    -6.25,
                    -6.25,
                    -6.25
                ],
                [
                    -6.53125,
                    -21.875,
                    -6.53125,
                    -6.53125,
                    -6.53125,
                    -6.53125,
                    -6.53125,
                    -6.53125,
                    -6.53125,
                    -6.53125,
                    -6.53125
                ],
                [
                    -7.53125,
                    -21.84375,
                    -7.53125,
                    -7.53125,
                    -7.53125,
                    -7.53125,
                    -7.53125,
                    -7.53125,
                    -7.53125,
                    -7.53125,
                    -7.53125
                ],
                [
                    -5.78125,
                    -20.34375,
                    -5.78125,
                    -5.78125,
                    -5.78125,
                    -5.78125,
                    -5.78125,
                    -5.78125,
                    -5.78125,
                    -5.78125,
                    -5.78125
                ],
                [
                    -6.53125,
                    -21.78125,
                    -6.53125,
                    -6.53125,
                    -6.53125,
                    -6.53125,
                    -6.53125,
                    -6.53125,
                    -6.53125,
                    -6.53125,
                    -6.53125
                ],
                [
                    -7.09375,
                    -22.75,
                    -7.09375,
                    -7.09375,
                    -7.09375,
                    -7.09375,
                    -7.09375,
                    -7.09375,
                    -7.09375,
                    -7.09375,
                    -7.09375
                ],
                [
                    -4.90625,
                    -19.21875,
                    -4.90625,
                    -4.90625,
                    -4.90625,
                    -4.90625,
                    -4.90625,
                    -4.90625,
                    -4.90625,
                    -4.90625,
                    -4.90625
                ]
            ]
        ],
        "prompt_sensitivities": [
            0.7051491477272728
        ],
        "posix": 0.7051491477272728
    }
}