{
    "file_name": "question_40_variants.json",
    "overall_posix": 1.1326704545454545,
    "detailed_scores": [
        {
            "Variation 1": 2.6875,
            "Variation 2": 0.0,
            "Variation 3": 2.6875,
            "Variation 4": 2.6875,
            "Variation 5": 2.6875,
            "Variation 6": 2.6875,
            "Variation 7": 2.6875,
            "Variation 8": 2.6875,
            "Variation 9": 2.6875,
            "Variation 10": 2.6875
        }
    ],
    "trace": {
        "prompts": [
            "Are there any acute bone fractures or abnormalities observed in the chest X-ray? Please choose from the following two options: [yes, no]\n<image>"
        ],
        "responses": [
            [
                "No",
                "no",
                "No",
                "no",
                "no",
                "no",
                "no",
                "no",
                "no",
                "no",
                "no"
            ]
        ],
        "logprob_matrices": [
            [
                [
                    -11.1875,
                    -8.5,
                    -11.1875,
                    -8.5,
                    -8.5,
                    -8.5,
                    -8.5,
                    -8.5,
                    -8.5,
                    -8.5,
                    -8.5
                ],
                [
                    -10.8125,
                    -7.25,
                    -10.8125,
                    -7.25,
                    -7.25,
                    -7.25,
                    -7.25,
                    -7.25,
                    -7.25,
                    -7.25,
                    -7.25
                ],
                [
                    -11.25,
                    -7.40625,
                    -11.25,
                    -7.40625,
                    -7.40625,
                    -7.40625,
                    -7.40625,
                    -7.40625,
                    -7.40625,
                    -7.40625,
                    -7.40625
                ],
                [
                    -12.6875,
                    -7.90625,
                    -12.6875,
                    -7.90625,
                    -7.90625,
                    -7.90625,
                    -7.90625,
                    -7.90625,
                    -7.90625,
                    -7.90625,
                    -7.90625
                ],
                [
                    -11.25,
                    -6.4375,
                    -11.25,
                    -6.4375,
                    -6.4375,
                    -6.4375,
                    -6.4375,
                    -6.4375,
                    -6.4375,
                    -6.4375,
                    -6.4375
                ],
                [
                    -10.8125,
                    -7.8125,
                    -10.8125,
                    -7.8125,
                    -7.8125,
                    -7.8125,
                    -7.8125,
                    -7.8125,
                    -7.8125,
                    -7.8125,
                    -7.8125
                ],
                [
                    -10.375,
                    -6.96875,
                    -10.375,
                    -6.96875,
                    -6.96875,
                    -6.96875,
                    -6.96875,
                    -6.96875,
                    -6.96875,
                    -6.96875,
                    -6.96875
                ],
                [
                    -10.6875,
                    -7.53125,
                    -10.6875,
                    -7.53125,
                    -7.53125,
                    -7.53125,
                    -7.53125,
                    -7.53125,
                    -7.53125,
                    -7.53125,
                    -7.53125
                ],
                [
                    -10.375,
                    -7.0,
                    -10.375,
                    -7.0,
                    -7.0,
                    -7.0,
                    -7.0,
                    -7.0,
                    -7.0,
                    -7.0,
                    -7.0
                ],
                [
                    -11.875,
                    -8.125,
                    -11.875,
                    -8.125,
                    -8.125,
                    -8.125,
                    -8.125,
                    -8.125,
                    -8.125,
                    -8.125,
                    -8.125
                ],
                [
                    -11.0625,
                    -8.0,
                    -11.0625,
                    -8.0,
                    -8.0,
                    -8.0,
                    -8.0,
                    -8.0,
                    -8.0,
                    -8.0,
                    -8.0
                ]
            ]
        ],
        "prompt_sensitivities": [
            1.1326704545454545
        ],
        "posix": 1.1326704545454545
    }
}