{
    "file_name": "question_354_variants.json",
    "overall_posix": 0.0,
    "detailed_scores": [
        {
            "Variation 1": 0.0,
            "Variation 2": 0.0,
            "Variation 3": 0.0,
            "Variation 4": 0.0,
            "Variation 5": 0.0,
            "Variation 6": 0.0,
            "Variation 7": 0.0,
            "Variation 8": 0.0,
            "Variation 9": 0.0,
            "Variation 10": 0.0
        }
    ],
    "trace": {
        "prompts": [
            "Did the radiologist find any pleural effusions on this chest X-ray? Please choose from the following two options: [yes, no]\n<image>"
        ],
        "responses": [
            [
                "yes",
                "yes",
                "yes",
                "yes",
                "yes",
                "yes",
                "yes",
                "yes",
                "yes",
                "yes",
                "yes"
            ]
        ],
        "logprob_matrices": [
            [
                [
                    -8.25,
                    -8.25,
                    -8.25,
                    -8.25,
                    -8.25,
                    -8.25,
                    -8.25,
                    -8.25,
                    -8.25,
                    -8.25,
                    -8.25
                ],
                [
                    -7.5625,
                    -7.5625,
                    -7.5625,
                    -7.5625,
                    -7.5625,
                    -7.5625,
                    -7.5625,
                    -7.5625,
                    -7.5625,
                    -7.5625,
                    -7.5625
                ],
                [
                    -6.75,
                    -6.75,
                    -6.75,
                    -6.75,
                    -6.75,
                    -6.75,
                    -6.75,
                    -6.75,
                    -6.75,
                    -6.75,
                    -6.75
                ],
                [
                    -7.625,
                    -7.625,
                    -7.625,
                    -7.625,
                    -7.625,
                    -7.625,
                    -7.625,
                    -7.625,
                    -7.625,
                    -7.625,
                    -7.625
                ],
                [
                    -7.34375,
                    -7.34375,
                    -7.34375,
                    -7.34375,
                    -7.34375,
                    -7.34375,
                    -7.34375,
                    -7.34375,
                    -7.34375,
                    -7.34375,
                    -7.34375
                ],
                [
                    -8.125,
                    -8.125,
                    -8.125,
                    -8.125,
                    -8.125,
                    -8.125,
                    -8.125,
                    -8.125,
                    -8.125,
                    -8.125,
                    -8.125
                ],
                [
                    -8.125,
                    -8.125,
                    -8.125,
                    -8.125,
                    -8.125,
                    -8.125,
                    -8.125,
                    -8.125,
                    -8.125,
                    -8.125,
                    -8.125
                ],
                [
                    -6.28125,
                    -6.28125,
                    -6.28125,
                    -6.28125,
                    -6.28125,
                    -6.28125,
                    -6.28125,
                    -6.28125,
                    -6.28125,
                    -6.28125,
                    -6.28125
                ],
                [
                    -7.875,
                    -7.875,
                    -7.875,
                    -7.875,
                    -7.875,
                    -7.875,
                    -7.875,
                    -7.875,
                    -7.875,
                    -7.875,
                    -7.875
                ],
                [
                    -7.4375,
                    -7.4375,
                    -7.4375,
                    -7.4375,
                    -7.4375,
                    -7.4375,
                    -7.4375,
                    -7.4375,
                    -7.4375,
                    -7.4375,
                    -7.4375
                ],
                [
                    -8.1875,
                    -8.1875,
                    -8.1875,
                    -8.1875,
                    -8.1875,
                    -8.1875,
                    -8.1875,
                    -8.1875,
                    -8.1875,
                    -8.1875,
                    -8.1875
                ]
            ]
        ],
        "prompt_sensitivities": [
            0.0
        ],
        "posix": 0.0
    }
}