{
    "file_name": "question_66_variants.json",
    "overall_posix": 0.4552083333333334,
    "detailed_scores": [
        {
            "Variation 1": 0.0,
            "Variation 2": 0.0,
            "Variation 3": 0.0,
            "Variation 4": 0.0,
            "Variation 5": 0.0,
            "Variation 6": 0.0,
            "Variation 7": 0.0,
            "Variation 8": 3.7708333333333335,
            "Variation 9": 0.0,
            "Variation 10": 0.0
        }
    ],
    "trace": {
        "prompts": [
            "Does the chest X-ray show any signs of gross consolidation? Please choose from the following two options: [yes, no]\n<image>"
        ],
        "responses": [
            [
                "yes",
                "yes",
                "yes",
                "yes",
                "yes",
                "yes",
                "yes",
                "yes",
                "yes, on",
                "yes",
                "yes"
            ]
        ],
        "logprob_matrices": [
            [
                [
                    -9.375,
                    -9.375,
                    -9.375,
                    -9.375,
                    -9.375,
                    -9.375,
                    -9.375,
                    -9.375,
                    -20.6875,
                    -9.375,
                    -9.375
                ],
                [
                    -8.0625,
                    -8.0625,
                    -8.0625,
                    -8.0625,
                    -8.0625,
                    -8.0625,
                    -8.0625,
                    -8.0625,
                    -18.765625,
                    -8.0625,
                    -8.0625
                ],
                [
                    -9.375,
                    -9.375,
                    -9.375,
                    -9.375,
                    -9.375,
                    -9.375,
                    -9.375,
                    -9.375,
                    -20.765625,
                    -9.375,
                    -9.375
                ],
                [
                    -9.375,
                    -9.375,
                    -9.375,
                    -9.375,
                    -9.375,
                    -9.375,
                    -9.375,
                    -9.375,
                    -20.6875,
                    -9.375,
                    -9.375
                ],
                [
                    -9.0,
                    -9.0,
                    -9.0,
                    -9.0,
                    -9.0,
                    -9.0,
                    -9.0,
                    -9.0,
                    -19.34375,
                    -9.0,
                    -9.0
                ],
                [
                    -8.8125,
                    -8.8125,
                    -8.8125,
                    -8.8125,
                    -8.8125,
                    -8.8125,
                    -8.8125,
                    -8.8125,
                    -19.078125,
                    -8.8125,
                    -8.8125
                ],
                [
                    -9.3125,
                    -9.3125,
                    -9.3125,
                    -9.3125,
                    -9.3125,
                    -9.3125,
                    -9.3125,
                    -9.3125,
                    -20.03125,
                    -9.3125,
                    -9.3125
                ],
                [
                    -8.3125,
                    -8.3125,
                    -8.3125,
                    -8.3125,
                    -8.3125,
                    -8.3125,
                    -8.3125,
                    -8.3125,
                    -19.03125,
                    -8.3125,
                    -8.3125
                ],
                [
                    -4.96875,
                    -4.96875,
                    -4.96875,
                    -4.96875,
                    -4.96875,
                    -4.96875,
                    -4.96875,
                    -4.96875,
                    -6.390625,
                    -4.96875,
                    -4.96875
                ],
                [
                    -9.5625,
                    -9.5625,
                    -9.5625,
                    -9.5625,
                    -9.5625,
                    -9.5625,
                    -9.5625,
                    -9.5625,
                    -20.125,
                    -9.5625,
                    -9.5625
                ],
                [
                    -8.8125,
                    -8.8125,
                    -8.8125,
                    -8.8125,
                    -8.8125,
                    -8.8125,
                    -8.8125,
                    -8.8125,
                    -19.046875,
                    -8.8125,
                    -8.8125
                ]
            ]
        ],
        "prompt_sensitivities": [
            0.4552083333333334
        ],
        "posix": 0.4552083333333334
    }
}