{
    "file_name": "question_145_variants.json",
    "overall_posix": 0.4505681818181818,
    "detailed_scores": [
        {
            "Variation 1": 0.0,
            "Variation 2": 1.125,
            "Variation 3": 1.125,
            "Variation 4": 0.0,
            "Variation 5": 0.0,
            "Variation 6": 0.0,
            "Variation 7": 0.0,
            "Variation 8": 0.0,
            "Variation 9": 1.125,
            "Variation 10": 0.0
        }
    ],
    "trace": {
        "prompts": [
            "Is the heart size on the X-ray within normal limits? Please choose from the following two options: [yes, no]\n<image>"
        ],
        "responses": [
            [
                "yes",
                "yes",
                "no",
                "no",
                "yes",
                "yes",
                "yes",
                "yes",
                "yes",
                "no",
                "yes"
            ]
        ],
        "logprob_matrices": [
            [
                [
                    -6.875,
                    -6.875,
                    -8.0,
                    -8.0,
                    -6.875,
                    -6.875,
                    -6.875,
                    -6.875,
                    -6.875,
                    -8.0,
                    -6.875
                ],
                [
                    -6.09375,
                    -6.09375,
                    -7.03125,
                    -7.03125,
                    -6.09375,
                    -6.09375,
                    -6.09375,
                    -6.09375,
                    -6.09375,
                    -7.03125,
                    -6.09375
                ],
                [
                    -6.8125,
                    -6.8125,
                    -7.625,
                    -7.625,
                    -6.8125,
                    -6.8125,
                    -6.8125,
                    -6.8125,
                    -6.8125,
                    -7.625,
                    -6.8125
                ],
                [
                    -7.53125,
                    -7.53125,
                    -8.375,
                    -8.375,
                    -7.53125,
                    -7.53125,
                    -7.53125,
                    -7.53125,
                    -7.53125,
                    -8.375,
                    -7.53125
                ],
                [
                    -5.71875,
                    -5.71875,
                    -7.46875,
                    -7.46875,
                    -5.71875,
                    -5.71875,
                    -5.71875,
                    -5.71875,
                    -5.71875,
                    -7.46875,
                    -5.71875
                ],
                [
                    -6.5625,
                    -6.5625,
                    -7.375,
                    -7.375,
                    -6.5625,
                    -6.5625,
                    -6.5625,
                    -6.5625,
                    -6.5625,
                    -7.375,
                    -6.5625
                ],
                [
                    -5.65625,
                    -5.65625,
                    -7.03125,
                    -7.03125,
                    -5.65625,
                    -5.65625,
                    -5.65625,
                    -5.65625,
                    -5.65625,
                    -7.03125,
                    -5.65625
                ],
                [
                    -6.25,
                    -6.25,
                    -7.3125,
                    -7.3125,
                    -6.25,
                    -6.25,
                    -6.25,
                    -6.25,
                    -6.25,
                    -7.3125,
                    -6.25
                ],
                [
                    -6.625,
                    -6.625,
                    -7.3125,
                    -7.3125,
                    -6.625,
                    -6.625,
                    -6.625,
                    -6.625,
                    -6.625,
                    -7.3125,
                    -6.625
                ],
                [
                    -6.125,
                    -6.125,
                    -7.5,
                    -7.5,
                    -6.125,
                    -6.125,
                    -6.125,
                    -6.125,
                    -6.125,
                    -7.5,
                    -6.125
                ],
                [
                    -5.1875,
                    -5.1875,
                    -5.875,
                    -5.875,
                    -5.1875,
                    -5.1875,
                    -5.1875,
                    -5.1875,
                    -5.1875,
                    -5.875,
                    -5.1875
                ]
            ]
        ],
        "prompt_sensitivities": [
            0.4505681818181818
        ],
        "posix": 0.4505681818181818
    }
}