{
    "file_name": "question_80_variants.json",
    "overall_posix": 0.6982954545454545,
    "detailed_scores": [
        {
            "Variation 1": 1.8125,
            "Variation 2": 1.8125,
            "Variation 3": 1.8125,
            "Variation 4": 1.8125,
            "Variation 5": 1.8125,
            "Variation 6": 1.8125,
            "Variation 7": 1.8125,
            "Variation 8": 1.8125,
            "Variation 9": 0.0,
            "Variation 10": 0.0
        }
    ],
    "trace": {
        "prompts": [
            "Is the mediastinum normally positioned on the X-ray? Please choose from the following two options: [yes, no]\n<image>"
        ],
        "responses": [
            [
                "no",
                "yes",
                "yes",
                "yes",
                "yes",
                "yes",
                "yes",
                "yes",
                "yes",
                "no",
                "no"
            ]
        ],
        "logprob_matrices": [
            [
                [
                    -8.1875,
                    -6.375,
                    -6.375,
                    -6.375,
                    -6.375,
                    -6.375,
                    -6.375,
                    -6.375,
                    -6.375,
                    -8.1875,
                    -8.1875
                ],
                [
                    -7.1875,
                    -5.8125,
                    -5.8125,
                    -5.8125,
                    -5.8125,
                    -5.8125,
                    -5.8125,
                    -5.8125,
                    -5.8125,
                    -7.1875,
                    -7.1875
                ],
                [
                    -7.25,
                    -6.0,
                    -6.0,
                    -6.0,
                    -6.0,
                    -6.0,
                    -6.0,
                    -6.0,
                    -6.0,
                    -7.25,
                    -7.25
                ],
                [
                    -8.1875,
                    -6.6875,
                    -6.6875,
                    -6.6875,
                    -6.6875,
                    -6.6875,
                    -6.6875,
                    -6.6875,
                    -6.6875,
                    -8.1875,
                    -8.1875
                ],
                [
                    -7.53125,
                    -4.96875,
                    -4.96875,
                    -4.96875,
                    -4.96875,
                    -4.96875,
                    -4.96875,
                    -4.96875,
                    -4.96875,
                    -7.53125,
                    -7.53125
                ],
                [
                    -7.25,
                    -5.8125,
                    -5.8125,
                    -5.8125,
                    -5.8125,
                    -5.8125,
                    -5.8125,
                    -5.8125,
                    -5.8125,
                    -7.25,
                    -7.25
                ],
                [
                    -7.375,
                    -6.3125,
                    -6.3125,
                    -6.3125,
                    -6.3125,
                    -6.3125,
                    -6.3125,
                    -6.3125,
                    -6.3125,
                    -7.375,
                    -7.375
                ],
                [
                    -6.9375,
                    -5.875,
                    -5.875,
                    -5.875,
                    -5.875,
                    -5.875,
                    -5.875,
                    -5.875,
                    -5.875,
                    -6.9375,
                    -6.9375
                ],
                [
                    -6.71875,
                    -5.28125,
                    -5.28125,
                    -5.28125,
                    -5.28125,
                    -5.28125,
                    -5.28125,
                    -5.28125,
                    -5.28125,
                    -6.71875,
                    -6.71875
                ],
                [
                    -8.125,
                    -6.28125,
                    -6.28125,
                    -6.28125,
                    -6.28125,
                    -6.28125,
                    -6.28125,
                    -6.28125,
                    -6.28125,
                    -8.125,
                    -8.125
                ],
                [
                    -7.15625,
                    -5.59375,
                    -5.59375,
                    -5.59375,
                    -5.59375,
                    -5.59375,
                    -5.59375,
                    -5.59375,
                    -5.59375,
                    -7.15625,
                    -7.15625
                ]
            ]
        ],
        "prompt_sensitivities": [
            0.6982954545454545
        ],
        "posix": 0.6982954545454545
    }
}