{
    "file_name": "question_193_variants.json",
    "overall_posix": 0.5431818181818182,
    "detailed_scores": [
        {
            "Variation 1": 0.0,
            "Variation 2": 0.0,
            "Variation 3": 1.1875,
            "Variation 4": 0.0,
            "Variation 5": 0.0,
            "Variation 6": 1.1875,
            "Variation 7": 1.1875,
            "Variation 8": 0.0,
            "Variation 9": 1.1875,
            "Variation 10": 0.0
        }
    ],
    "trace": {
        "prompts": [
            "Is there any sign of congestive heart failure, such as cardiomegaly or pulmonary edema, visible on the X-ray? Please choose from the following two options: [yes, no]\n<image>"
        ],
        "responses": [
            [
                "no",
                "no",
                "no",
                "yes",
                "no",
                "no",
                "yes",
                "yes",
                "no",
                "yes",
                "no"
            ]
        ],
        "logprob_matrices": [
            [
                [
                    -6.875,
                    -6.875,
                    -6.875,
                    -5.6875,
                    -6.875,
                    -6.875,
                    -5.6875,
                    -5.6875,
                    -6.875,
                    -5.6875,
                    -6.875
                ],
                [
                    -7.28125,
                    -7.28125,
                    -7.28125,
                    -6.34375,
                    -7.28125,
                    -7.28125,
                    -6.34375,
                    -6.34375,
                    -7.28125,
                    -6.34375,
                    -7.28125
                ],
                [
                    -7.03125,
                    -7.03125,
                    -7.03125,
                    -6.53125,
                    -7.03125,
                    -7.03125,
                    -6.53125,
                    -6.53125,
                    -7.03125,
                    -6.53125,
                    -7.03125
                ],
                [
                    -7.5,
                    -7.5,
                    -7.5,
                    -5.9375,
                    -7.5,
                    -7.5,
                    -5.9375,
                    -5.9375,
                    -7.5,
                    -5.9375,
                    -7.5
                ],
                [
                    -8.125,
                    -8.125,
                    -8.125,
                    -6.25,
                    -8.125,
                    -8.125,
                    -6.25,
                    -6.25,
                    -8.125,
                    -6.25,
                    -8.125
                ],
                [
                    -7.0,
                    -7.0,
                    -7.0,
                    -6.0625,
                    -7.0,
                    -7.0,
                    -6.0625,
                    -6.0625,
                    -7.0,
                    -6.0625,
                    -7.0
                ],
                [
                    -6.78125,
                    -6.78125,
                    -6.78125,
                    -5.53125,
                    -6.78125,
                    -6.78125,
                    -5.53125,
                    -5.53125,
                    -6.78125,
                    -5.53125,
                    -6.78125
                ],
                [
                    -6.375,
                    -6.375,
                    -6.375,
                    -5.1875,
                    -6.375,
                    -6.375,
                    -5.1875,
                    -5.1875,
                    -6.375,
                    -5.1875,
                    -6.375
                ],
                [
                    -7.03125,
                    -7.03125,
                    -7.03125,
                    -6.53125,
                    -7.03125,
                    -7.03125,
                    -6.53125,
                    -6.53125,
                    -7.03125,
                    -6.53125,
                    -7.03125
                ],
                [
                    -6.90625,
                    -6.90625,
                    -6.90625,
                    -6.15625,
                    -6.90625,
                    -6.90625,
                    -6.15625,
                    -6.15625,
                    -6.90625,
                    -6.15625,
                    -6.90625
                ],
                [
                    -6.625,
                    -6.625,
                    -6.625,
                    -5.9375,
                    -6.625,
                    -6.625,
                    -5.9375,
                    -5.9375,
                    -6.625,
                    -5.9375,
                    -6.625
                ]
            ]
        ],
        "prompt_sensitivities": [
            0.5431818181818182
        ],
        "posix": 0.5431818181818182
    }
}