{
    "file_name": "question_164_variants.json",
    "overall_posix": 0.6014204545454546,
    "detailed_scores": [
        {
            "Variation 1": 0.0,
            "Variation 2": 1.4375,
            "Variation 3": 1.4375,
            "Variation 4": 1.4375,
            "Variation 5": 1.4375,
            "Variation 6": 1.4375,
            "Variation 7": 1.4375,
            "Variation 8": 1.4375,
            "Variation 9": 1.4375,
            "Variation 10": 0.0
        }
    ],
    "trace": {
        "prompts": [
            "Are there any abnormalities in the pulmonary vascularity on the X-ray? Please choose from the following two options: [yes, no]\n<image>"
        ],
        "responses": [
            [
                "no",
                "no",
                "yes",
                "yes",
                "yes",
                "yes",
                "yes",
                "yes",
                "yes",
                "yes",
                "no"
            ]
        ],
        "logprob_matrices": [
            [
                [
                    -9.5,
                    -9.5,
                    -8.0625,
                    -8.0625,
                    -8.0625,
                    -8.0625,
                    -8.0625,
                    -8.0625,
                    -8.0625,
                    -8.0625,
                    -9.5
                ],
                [
                    -7.84375,
                    -7.84375,
                    -6.09375,
                    -6.09375,
                    -6.09375,
                    -6.09375,
                    -6.09375,
                    -6.09375,
                    -6.09375,
                    -6.09375,
                    -7.84375
                ],
                [
                    -8.3125,
                    -8.3125,
                    -7.21875,
                    -7.21875,
                    -7.21875,
                    -7.21875,
                    -7.21875,
                    -7.21875,
                    -7.21875,
                    -7.21875,
                    -8.3125
                ],
                [
                    -6.96875,
                    -6.96875,
                    -6.09375,
                    -6.09375,
                    -6.09375,
                    -6.09375,
                    -6.09375,
                    -6.09375,
                    -6.09375,
                    -6.09375,
                    -6.96875
                ],
                [
                    -9.0,
                    -9.0,
                    -7.84375,
                    -7.84375,
                    -7.84375,
                    -7.84375,
                    -7.84375,
                    -7.84375,
                    -7.84375,
                    -7.84375,
                    -9.0
                ],
                [
                    -7.34375,
                    -7.34375,
                    -6.21875,
                    -6.21875,
                    -6.21875,
                    -6.21875,
                    -6.21875,
                    -6.21875,
                    -6.21875,
                    -6.21875,
                    -7.34375
                ],
                [
                    -8.25,
                    -8.25,
                    -6.5625,
                    -6.5625,
                    -6.5625,
                    -6.5625,
                    -6.5625,
                    -6.5625,
                    -6.5625,
                    -6.5625,
                    -8.25
                ],
                [
                    -9.25,
                    -9.25,
                    -7.21875,
                    -7.21875,
                    -7.21875,
                    -7.21875,
                    -7.21875,
                    -7.21875,
                    -7.21875,
                    -7.21875,
                    -9.25
                ],
                [
                    -11.5625,
                    -11.5625,
                    -9.8125,
                    -9.8125,
                    -9.8125,
                    -9.8125,
                    -9.8125,
                    -9.8125,
                    -9.8125,
                    -9.8125,
                    -11.5625
                ],
                [
                    -7.90625,
                    -7.90625,
                    -6.40625,
                    -6.40625,
                    -6.40625,
                    -6.40625,
                    -6.40625,
                    -6.40625,
                    -6.40625,
                    -6.40625,
                    -7.90625
                ],
                [
                    -6.4375,
                    -6.4375,
                    -5.5625,
                    -5.5625,
                    -5.5625,
                    -5.5625,
                    -5.5625,
                    -5.5625,
                    -5.5625,
                    -5.5625,
                    -6.4375
                ]
            ]
        ],
        "prompt_sensitivities": [
            0.6014204545454546
        ],
        "posix": 0.6014204545454546
    }
}