{
    "file_name": "question_165_variants.json",
    "overall_posix": 0.23664772727272726,
    "detailed_scores": [
        {
            "Variation 1": 0.0,
            "Variation 2": 0.0,
            "Variation 3": 0.0,
            "Variation 4": 0.0,
            "Variation 5": 1.0625,
            "Variation 6": 0.0,
            "Variation 7": 0.0,
            "Variation 8": 1.0625,
            "Variation 9": 0.0,
            "Variation 10": 0.0
        }
    ],
    "trace": {
        "prompts": [
            "Are the patient's lungs appearing clear on the chest X-ray? Please choose from the following two options: [yes, no]\n<image>"
        ],
        "responses": [
            [
                "yes",
                "yes",
                "yes",
                "yes",
                "yes",
                "no",
                "yes",
                "yes",
                "no",
                "yes",
                "yes"
            ]
        ],
        "logprob_matrices": [
            [
                [
                    -5.84375,
                    -5.84375,
                    -5.84375,
                    -5.84375,
                    -5.84375,
                    -6.90625,
                    -5.84375,
                    -5.84375,
                    -6.90625,
                    -5.84375,
                    -5.84375
                ],
                [
                    -3.703125,
                    -3.703125,
                    -3.703125,
                    -3.703125,
                    -3.703125,
                    -4.90625,
                    -3.703125,
                    -3.703125,
                    -4.90625,
                    -3.703125,
                    -3.703125
                ],
                [
                    -6.40625,
                    -6.40625,
                    -6.40625,
                    -6.40625,
                    -6.40625,
                    -7.53125,
                    -6.40625,
                    -6.40625,
                    -7.53125,
                    -6.40625,
                    -6.40625
                ],
                [
                    -6.125,
                    -6.125,
                    -6.125,
                    -6.125,
                    -6.125,
                    -6.375,
                    -6.125,
                    -6.125,
                    -6.375,
                    -6.125,
                    -6.125
                ],
                [
                    -6.375,
                    -6.375,
                    -6.375,
                    -6.375,
                    -6.375,
                    -6.6875,
                    -6.375,
                    -6.375,
                    -6.6875,
                    -6.375,
                    -6.375
                ],
                [
                    -6.5,
                    -6.5,
                    -6.5,
                    -6.5,
                    -6.5,
                    -7.375,
                    -6.5,
                    -6.5,
                    -7.375,
                    -6.5,
                    -6.5
                ],
                [
                    -5.75,
                    -5.75,
                    -5.75,
                    -5.75,
                    -5.75,
                    -6.3125,
                    -5.75,
                    -5.75,
                    -6.3125,
                    -5.75,
                    -5.75
                ],
                [
                    -6.0625,
                    -6.0625,
                    -6.0625,
                    -6.0625,
                    -6.0625,
                    -6.25,
                    -6.0625,
                    -6.0625,
                    -6.25,
                    -6.0625,
                    -6.0625
                ],
                [
                    -7.0,
                    -7.0,
                    -7.0,
                    -7.0,
                    -7.0,
                    -7.625,
                    -7.0,
                    -7.0,
                    -7.625,
                    -7.0,
                    -7.0
                ],
                [
                    -4.96875,
                    -4.96875,
                    -4.96875,
                    -4.96875,
                    -4.96875,
                    -5.65625,
                    -4.96875,
                    -4.96875,
                    -5.65625,
                    -4.96875,
                    -4.96875
                ],
                [
                    -5.6875,
                    -5.6875,
                    -5.6875,
                    -5.6875,
                    -5.6875,
                    -6.5625,
                    -5.6875,
                    -5.6875,
                    -6.5625,
                    -5.6875,
                    -5.6875
                ]
            ]
        ],
        "prompt_sensitivities": [
            0.23664772727272726
        ],
        "posix": 0.23664772727272726
    }
}