{
    "file_name": "question_130_variants.json",
    "overall_posix": 0.0,
    "detailed_scores": [
        {
            "Variation 1": 0.0,
            "Variation 2": 0.0,
            "Variation 3": 0.0,
            "Variation 4": 0.0,
            "Variation 5": 0.0,
            "Variation 6": 0.0,
            "Variation 7": 0.0,
            "Variation 8": 0.0,
            "Variation 9": 0.0,
            "Variation 10": 0.0
        }
    ],
    "trace": {
        "prompts": [
            "Can a pneumothorax be observed in the chest X-ray? Please choose from the following two options: [yes, no]\n<image>"
        ],
        "responses": [
            [
                "yes",
                "yes",
                "yes",
                "yes",
                "yes",
                "yes",
                "yes",
                "yes",
                "yes",
                "yes",
                "yes"
            ]
        ],
        "logprob_matrices": [
            [
                [
                    -6.71875,
                    -6.71875,
                    -6.71875,
                    -6.71875,
                    -6.71875,
                    -6.71875,
                    -6.71875,
                    -6.71875,
                    -6.71875,
                    -6.71875,
                    -6.71875
                ],
                [
                    -6.3125,
                    -6.3125,
                    -6.3125,
                    -6.3125,
                    -6.3125,
                    -6.3125,
                    -6.3125,
                    -6.3125,
                    -6.3125,
                    -6.3125,
                    -6.3125
                ],
                [
                    -5.03125,
                    -5.03125,
                    -5.03125,
                    -5.03125,
                    -5.03125,
                    -5.03125,
                    -5.03125,
                    -5.03125,
                    -5.03125,
                    -5.03125,
                    -5.03125
                ],
                [
                    -6.25,
                    -6.25,
                    -6.25,
                    -6.25,
                    -6.25,
                    -6.25,
                    -6.25,
                    -6.25,
                    -6.25,
                    -6.25,
                    -6.25
                ],
                [
                    -5.59375,
                    -5.59375,
                    -5.59375,
                    -5.59375,
                    -5.59375,
                    -5.59375,
                    -5.59375,
                    -5.59375,
                    -5.59375,
                    -5.59375,
                    -5.59375
                ],
                [
                    -6.4375,
                    -6.4375,
                    -6.4375,
                    -6.4375,
                    -6.4375,
                    -6.4375,
                    -6.4375,
                    -6.4375,
                    -6.4375,
                    -6.4375,
                    -6.4375
                ],
                [
                    -4.46875,
                    -4.46875,
                    -4.46875,
                    -4.46875,
                    -4.46875,
                    -4.46875,
                    -4.46875,
                    -4.46875,
                    -4.46875,
                    -4.46875,
                    -4.46875
                ],
                [
                    -5.8125,
                    -5.8125,
                    -5.8125,
                    -5.8125,
                    -5.8125,
                    -5.8125,
                    -5.8125,
                    -5.8125,
                    -5.8125,
                    -5.8125,
                    -5.8125
                ],
                [
                    -7.21875,
                    -7.21875,
                    -7.21875,
                    -7.21875,
                    -7.21875,
                    -7.21875,
                    -7.21875,
                    -7.21875,
                    -7.21875,
                    -7.21875,
                    -7.21875
                ],
                [
                    -5.96875,
                    -5.96875,
                    -5.96875,
                    -5.96875,
                    -5.96875,
                    -5.96875,
                    -5.96875,
                    -5.96875,
                    -5.96875,
                    -5.96875,
                    -5.96875
                ],
                [
                    -7.09375,
                    -7.09375,
                    -7.09375,
                    -7.09375,
                    -7.09375,
                    -7.09375,
                    -7.09375,
                    -7.09375,
                    -7.09375,
                    -7.09375,
                    -7.09375
                ]
            ]
        ],
        "prompt_sensitivities": [
            0.0
        ],
        "posix": 0.0
    }
}