{
    "file_name": "question_225_variants.json",
    "overall_posix": 0.0,
    "detailed_scores": [
        {
            "Variation 1": 0.0,
            "Variation 2": 0.0,
            "Variation 3": 0.0,
            "Variation 4": 0.0,
            "Variation 5": 0.0,
            "Variation 6": 0.0,
            "Variation 7": 0.0,
            "Variation 8": 0.0,
            "Variation 9": 0.0,
            "Variation 10": 0.0
        }
    ],
    "trace": {
        "prompts": [
            "Has there been any resolution of the right-sided opacities compared to previous images? Please choose from the following two options: [yes, no]\n<image>"
        ],
        "responses": [
            [
                "yes",
                "yes",
                "yes",
                "yes",
                "yes",
                "yes",
                "yes",
                "yes",
                "yes",
                "yes",
                "yes"
            ]
        ],
        "logprob_matrices": [
            [
                [
                    -5.9375,
                    -5.9375,
                    -5.9375,
                    -5.9375,
                    -5.9375,
                    -5.9375,
                    -5.9375,
                    -5.9375,
                    -5.9375,
                    -5.9375,
                    -5.9375
                ],
                [
                    -6.75,
                    -6.75,
                    -6.75,
                    -6.75,
                    -6.75,
                    -6.75,
                    -6.75,
                    -6.75,
                    -6.75,
                    -6.75,
                    -6.75
                ],
                [
                    -5.59375,
                    -5.59375,
                    -5.59375,
                    -5.59375,
                    -5.59375,
                    -5.59375,
                    -5.59375,
                    -5.59375,
                    -5.59375,
                    -5.59375,
                    -5.59375
                ],
                [
                    -6.09375,
                    -6.09375,
                    -6.09375,
                    -6.09375,
                    -6.09375,
                    -6.09375,
                    -6.09375,
                    -6.09375,
                    -6.09375,
                    -6.09375,
                    -6.09375
                ],
                [
                    -5.59375,
                    -5.59375,
                    -5.59375,
                    -5.59375,
                    -5.59375,
                    -5.59375,
                    -5.59375,
                    -5.59375,
                    -5.59375,
                    -5.59375,
                    -5.59375
                ],
                [
                    -6.21875,
                    -6.21875,
                    -6.21875,
                    -6.21875,
                    -6.21875,
                    -6.21875,
                    -6.21875,
                    -6.21875,
                    -6.21875,
                    -6.21875,
                    -6.21875
                ],
                [
                    -5.5625,
                    -5.5625,
                    -5.5625,
                    -5.5625,
                    -5.5625,
                    -5.5625,
                    -5.5625,
                    -5.5625,
                    -5.5625,
                    -5.5625,
                    -5.5625
                ],
                [
                    -5.75,
                    -5.75,
                    -5.75,
                    -5.75,
                    -5.75,
                    -5.75,
                    -5.75,
                    -5.75,
                    -5.75,
                    -5.75,
                    -5.75
                ],
                [
                    -5.09375,
                    -5.09375,
                    -5.09375,
                    -5.09375,
                    -5.09375,
                    -5.09375,
                    -5.09375,
                    -5.09375,
                    -5.09375,
                    -5.09375,
                    -5.09375
                ],
                [
                    -5.71875,
                    -5.71875,
                    -5.71875,
                    -5.71875,
                    -5.71875,
                    -5.71875,
                    -5.71875,
                    -5.71875,
                    -5.71875,
                    -5.71875,
                    -5.71875
                ],
                [
                    -5.125,
                    -5.125,
                    -5.125,
                    -5.125,
                    -5.125,
                    -5.125,
                    -5.125,
                    -5.125,
                    -5.125,
                    -5.125,
                    -5.125
                ]
            ]
        ],
        "prompt_sensitivities": [
            0.0
        ],
        "posix": 0.0
    }
}