{
    "file_name": "question_222_variants.json",
    "overall_posix": 0.0,
    "detailed_scores": [
        {
            "Variation 1": 0.0,
            "Variation 2": 0.0,
            "Variation 3": 0.0,
            "Variation 4": 0.0,
            "Variation 5": 0.0,
            "Variation 6": 0.0,
            "Variation 7": 0.0,
            "Variation 8": 0.0,
            "Variation 9": 0.0,
            "Variation 10": 0.0
        }
    ],
    "trace": {
        "prompts": [
            "Are there abnormalities in the heart size or mediastinum on the chest X-ray? Please choose from the following two options: [yes, no]\n<image>"
        ],
        "responses": [
            [
                "yes",
                "yes",
                "yes",
                "yes",
                "yes",
                "yes",
                "yes",
                "yes",
                "yes",
                "yes",
                "yes"
            ]
        ],
        "logprob_matrices": [
            [
                [
                    -5.78125,
                    -5.78125,
                    -5.78125,
                    -5.78125,
                    -5.78125,
                    -5.78125,
                    -5.78125,
                    -5.78125,
                    -5.78125,
                    -5.78125,
                    -5.78125
                ],
                [
                    -4.8125,
                    -4.8125,
                    -4.8125,
                    -4.8125,
                    -4.8125,
                    -4.8125,
                    -4.8125,
                    -4.8125,
                    -4.8125,
                    -4.8125,
                    -4.8125
                ],
                [
                    -6.0625,
                    -6.0625,
                    -6.0625,
                    -6.0625,
                    -6.0625,
                    -6.0625,
                    -6.0625,
                    -6.0625,
                    -6.0625,
                    -6.0625,
                    -6.0625
                ],
                [
                    -6.28125,
                    -6.28125,
                    -6.28125,
                    -6.28125,
                    -6.28125,
                    -6.28125,
                    -6.28125,
                    -6.28125,
                    -6.28125,
                    -6.28125,
                    -6.28125
                ],
                [
                    -5.53125,
                    -5.53125,
                    -5.53125,
                    -5.53125,
                    -5.53125,
                    -5.53125,
                    -5.53125,
                    -5.53125,
                    -5.53125,
                    -5.53125,
                    -5.53125
                ],
                [
                    -7.0,
                    -7.0,
                    -7.0,
                    -7.0,
                    -7.0,
                    -7.0,
                    -7.0,
                    -7.0,
                    -7.0,
                    -7.0,
                    -7.0
                ],
                [
                    -5.3125,
                    -5.3125,
                    -5.3125,
                    -5.3125,
                    -5.3125,
                    -5.3125,
                    -5.3125,
                    -5.3125,
                    -5.3125,
                    -5.3125,
                    -5.3125
                ],
                [
                    -5.6875,
                    -5.6875,
                    -5.6875,
                    -5.6875,
                    -5.6875,
                    -5.6875,
                    -5.6875,
                    -5.6875,
                    -5.6875,
                    -5.6875,
                    -5.6875
                ],
                [
                    -5.75,
                    -5.75,
                    -5.75,
                    -5.75,
                    -5.75,
                    -5.75,
                    -5.75,
                    -5.75,
                    -5.75,
                    -5.75,
                    -5.75
                ],
                [
                    -5.78125,
                    -5.78125,
                    -5.78125,
                    -5.78125,
                    -5.78125,
                    -5.78125,
                    -5.78125,
                    -5.78125,
                    -5.78125,
                    -5.78125,
                    -5.78125
                ],
                [
                    -6.34375,
                    -6.34375,
                    -6.34375,
                    -6.34375,
                    -6.34375,
                    -6.34375,
                    -6.34375,
                    -6.34375,
                    -6.34375,
                    -6.34375,
                    -6.34375
                ]
            ]
        ],
        "prompt_sensitivities": [
            0.0
        ],
        "posix": 0.0
    }
}