{
    "file_name": "question_184_variants.json",
    "overall_posix": 0.2852272727272727,
    "detailed_scores": [
        {
            "Variation 1": 0.0,
            "Variation 2": 2.96875,
            "Variation 3": 0.0,
            "Variation 4": 0.0,
            "Variation 5": 0.0,
            "Variation 6": 0.0,
            "Variation 7": 0.0,
            "Variation 8": 0.0,
            "Variation 9": 0.0,
            "Variation 10": 0.0
        }
    ],
    "trace": {
        "prompts": [
            "Is there any abnormality noted in the right costophrenic angle? Please choose from the following two options: [yes, no]\n<image>"
        ],
        "responses": [
            [
                "yes",
                "yes",
                "no",
                "yes",
                "yes",
                "yes",
                "yes",
                "yes",
                "yes",
                "yes",
                "yes"
            ]
        ],
        "logprob_matrices": [
            [
                [
                    -7.53125,
                    -7.53125,
                    -10.5,
                    -7.53125,
                    -7.53125,
                    -7.53125,
                    -7.53125,
                    -7.53125,
                    -7.53125,
                    -7.53125,
                    -7.53125
                ],
                [
                    -7.875,
                    -7.875,
                    -9.125,
                    -7.875,
                    -7.875,
                    -7.875,
                    -7.875,
                    -7.875,
                    -7.875,
                    -7.875,
                    -7.875
                ],
                [
                    -6.09375,
                    -6.09375,
                    -5.46875,
                    -6.09375,
                    -6.09375,
                    -6.09375,
                    -6.09375,
                    -6.09375,
                    -6.09375,
                    -6.09375,
                    -6.09375
                ],
                [
                    -5.90625,
                    -5.90625,
                    -8.875,
                    -5.90625,
                    -5.90625,
                    -5.90625,
                    -5.90625,
                    -5.90625,
                    -5.90625,
                    -5.90625,
                    -5.90625
                ],
                [
                    -8.125,
                    -8.125,
                    -10.9375,
                    -8.125,
                    -8.125,
                    -8.125,
                    -8.125,
                    -8.125,
                    -8.125,
                    -8.125,
                    -8.125
                ],
                [
                    -7.375,
                    -7.375,
                    -11.1875,
                    -7.375,
                    -7.375,
                    -7.375,
                    -7.375,
                    -7.375,
                    -7.375,
                    -7.375,
                    -7.375
                ],
                [
                    -8.3125,
                    -8.3125,
                    -10.6875,
                    -8.3125,
                    -8.3125,
                    -8.3125,
                    -8.3125,
                    -8.3125,
                    -8.3125,
                    -8.3125,
                    -8.3125
                ],
                [
                    -8.0,
                    -8.0,
                    -9.9375,
                    -8.0,
                    -8.0,
                    -8.0,
                    -8.0,
                    -8.0,
                    -8.0,
                    -8.0,
                    -8.0
                ],
                [
                    -8.125,
                    -8.125,
                    -10.6875,
                    -8.125,
                    -8.125,
                    -8.125,
                    -8.125,
                    -8.125,
                    -8.125,
                    -8.125,
                    -8.125
                ],
                [
                    -6.09375,
                    -6.09375,
                    -7.96875,
                    -6.09375,
                    -6.09375,
                    -6.09375,
                    -6.09375,
                    -6.09375,
                    -6.09375,
                    -6.09375,
                    -6.09375
                ],
                [
                    -6.9375,
                    -6.9375,
                    -9.5,
                    -6.9375,
                    -6.9375,
                    -6.9375,
                    -6.9375,
                    -6.9375,
                    -6.9375,
                    -6.9375,
                    -6.9375
                ]
            ]
        ],
        "prompt_sensitivities": [
            0.2852272727272727
        ],
        "posix": 0.2852272727272727
    }
}