{
    "file_name": "question_253_variants.json",
    "overall_posix": 1.487784090909091,
    "detailed_scores": [
        {
            "Variation 1": 1.625,
            "Variation 2": 3.375,
            "Variation 3": 0.0,
            "Variation 4": 0.0,
            "Variation 5": 3.375,
            "Variation 6": 0.0,
            "Variation 7": 0.0,
            "Variation 8": 0.0,
            "Variation 9": 0.0,
            "Variation 10": 3.375
        }
    ],
    "trace": {
        "prompts": [
            "Are there any acute bony abnormalities visible on the chest X-ray? Please choose from the following two options: [yes, no]\n<image>"
        ],
        "responses": [
            [
                "no",
                "No",
                "yes",
                "no",
                "no",
                "yes",
                "no",
                "no",
                "no",
                "no",
                "yes"
            ]
        ],
        "logprob_matrices": [
            [
                [
                    -10.0,
                    -11.625,
                    -6.625,
                    -10.0,
                    -10.0,
                    -6.625,
                    -10.0,
                    -10.0,
                    -10.0,
                    -10.0,
                    -6.625
                ],
                [
                    -9.375,
                    -11.5,
                    -8.9375,
                    -9.375,
                    -9.375,
                    -8.9375,
                    -9.375,
                    -9.375,
                    -9.375,
                    -9.375,
                    -8.9375
                ],
                [
                    -9.8125,
                    -12.5,
                    -7.375,
                    -9.8125,
                    -9.8125,
                    -7.375,
                    -9.8125,
                    -9.8125,
                    -9.8125,
                    -9.8125,
                    -7.375
                ],
                [
                    -6.8125,
                    -10.125,
                    -5.625,
                    -6.8125,
                    -6.8125,
                    -5.625,
                    -6.8125,
                    -6.8125,
                    -6.8125,
                    -6.8125,
                    -5.625
                ],
                [
                    -8.0,
                    -11.4375,
                    -5.34375,
                    -8.0,
                    -8.0,
                    -5.34375,
                    -8.0,
                    -8.0,
                    -8.0,
                    -8.0,
                    -5.34375
                ],
                [
                    -9.5625,
                    -13.0625,
                    -6.75,
                    -9.5625,
                    -9.5625,
                    -6.75,
                    -9.5625,
                    -9.5625,
                    -9.5625,
                    -9.5625,
                    -6.75
                ],
                [
                    -8.6875,
                    -10.0,
                    -5.6875,
                    -8.6875,
                    -8.6875,
                    -5.6875,
                    -8.6875,
                    -8.6875,
                    -8.6875,
                    -8.6875,
                    -5.6875
                ],
                [
                    -8.5625,
                    -10.125,
                    -7.1875,
                    -8.5625,
                    -8.5625,
                    -7.1875,
                    -8.5625,
                    -8.5625,
                    -8.5625,
                    -8.5625,
                    -7.1875
                ],
                [
                    -8.3125,
                    -10.875,
                    -6.375,
                    -8.3125,
                    -8.3125,
                    -6.375,
                    -8.3125,
                    -8.3125,
                    -8.3125,
                    -8.3125,
                    -6.375
                ],
                [
                    -8.5625,
                    -12.5625,
                    -6.96875,
                    -8.5625,
                    -8.5625,
                    -6.96875,
                    -8.5625,
                    -8.5625,
                    -8.5625,
                    -8.5625,
                    -6.96875
                ],
                [
                    -7.84375,
                    -10.0625,
                    -4.40625,
                    -7.84375,
                    -7.84375,
                    -4.40625,
                    -7.84375,
                    -7.84375,
                    -7.84375,
                    -7.84375,
                    -4.40625
                ]
            ]
        ],
        "prompt_sensitivities": [
            1.487784090909091
        ],
        "posix": 1.487784090909091
    }
}