{
    "file_name": "question_211_variants.json",
    "overall_posix": 0.46875,
    "detailed_scores": [
        {
            "Variation 1": 0.0,
            "Variation 2": 0.0,
            "Variation 3": 0.0,
            "Variation 4": 0.0,
            "Variation 5": 0.0,
            "Variation 6": 2.3125,
            "Variation 7": 0.0,
            "Variation 8": 2.3125,
            "Variation 9": 0.0,
            "Variation 10": 0.0
        }
    ],
    "trace": {
        "prompts": [
            "Is there any focal airspace disease present on the chest X-ray? Please choose from the following two options: [yes, no]\n<image>"
        ],
        "responses": [
            [
                "yes",
                "yes",
                "yes",
                "yes",
                "yes",
                "yes",
                "no",
                "yes",
                "no",
                "yes",
                "yes"
            ]
        ],
        "logprob_matrices": [
            [
                [
                    -5.1875,
                    -5.1875,
                    -5.1875,
                    -5.1875,
                    -5.1875,
                    -5.1875,
                    -7.5,
                    -5.1875,
                    -7.5,
                    -5.1875,
                    -5.1875
                ],
                [
                    -4.75,
                    -4.75,
                    -4.75,
                    -4.75,
                    -4.75,
                    -4.75,
                    -6.1875,
                    -4.75,
                    -6.1875,
                    -4.75,
                    -4.75
                ],
                [
                    -5.65625,
                    -5.65625,
                    -5.65625,
                    -5.65625,
                    -5.65625,
                    -5.65625,
                    -6.96875,
                    -5.65625,
                    -6.96875,
                    -5.65625,
                    -5.65625
                ],
                [
                    -6.125,
                    -6.125,
                    -6.125,
                    -6.125,
                    -6.125,
                    -6.125,
                    -7.6875,
                    -6.125,
                    -7.6875,
                    -6.125,
                    -6.125
                ],
                [
                    -4.5,
                    -4.5,
                    -4.5,
                    -4.5,
                    -4.5,
                    -4.5,
                    -7.375,
                    -4.5,
                    -7.375,
                    -4.5,
                    -4.5
                ],
                [
                    -5.8125,
                    -5.8125,
                    -5.8125,
                    -5.8125,
                    -5.8125,
                    -5.8125,
                    -7.8125,
                    -5.8125,
                    -7.8125,
                    -5.8125,
                    -5.8125
                ],
                [
                    -6.15625,
                    -6.15625,
                    -6.15625,
                    -6.15625,
                    -6.15625,
                    -6.15625,
                    -7.90625,
                    -6.15625,
                    -7.90625,
                    -6.15625,
                    -6.15625
                ],
                [
                    -5.4375,
                    -5.4375,
                    -5.4375,
                    -5.4375,
                    -5.4375,
                    -5.4375,
                    -7.4375,
                    -5.4375,
                    -7.4375,
                    -5.4375,
                    -5.4375
                ],
                [
                    -6.21875,
                    -6.21875,
                    -6.21875,
                    -6.21875,
                    -6.21875,
                    -6.21875,
                    -6.65625,
                    -6.21875,
                    -6.65625,
                    -6.21875,
                    -6.21875
                ],
                [
                    -6.4375,
                    -6.4375,
                    -6.4375,
                    -6.4375,
                    -6.4375,
                    -6.4375,
                    -7.25,
                    -6.4375,
                    -7.25,
                    -6.4375,
                    -6.4375
                ],
                [
                    -4.5625,
                    -4.5625,
                    -4.5625,
                    -4.5625,
                    -4.5625,
                    -4.5625,
                    -6.1875,
                    -4.5625,
                    -6.1875,
                    -4.5625,
                    -4.5625
                ]
            ]
        ],
        "prompt_sensitivities": [
            0.46875
        ],
        "posix": 0.46875
    }
}