{
    "file_name": "question_160_variants.json",
    "overall_posix": 0.17670454545454545,
    "detailed_scores": [
        {
            "Variation 1": 0.0,
            "Variation 2": 0.0,
            "Variation 3": 0.0,
            "Variation 4": 0.0,
            "Variation 5": 0.0,
            "Variation 6": 0.0,
            "Variation 7": 0.0,
            "Variation 8": 0.0,
            "Variation 9": 1.8125,
            "Variation 10": 0.0
        }
    ],
    "trace": {
        "prompts": [
            "Does the patient have streaky and patchy bibasilar opacities? Please choose from the following two options: [yes, no]\n<image>"
        ],
        "responses": [
            [
                "yes",
                "yes",
                "yes",
                "yes",
                "yes",
                "yes",
                "yes",
                "yes",
                "yes",
                "no",
                "yes"
            ]
        ],
        "logprob_matrices": [
            [
                [
                    -6.875,
                    -6.875,
                    -6.875,
                    -6.875,
                    -6.875,
                    -6.875,
                    -6.875,
                    -6.875,
                    -6.875,
                    -8.6875,
                    -6.875
                ],
                [
                    -7.21875,
                    -7.21875,
                    -7.21875,
                    -7.21875,
                    -7.21875,
                    -7.21875,
                    -7.21875,
                    -7.21875,
                    -7.21875,
                    -9.0,
                    -7.21875
                ],
                [
                    -6.125,
                    -6.125,
                    -6.125,
                    -6.125,
                    -6.125,
                    -6.125,
                    -6.125,
                    -6.125,
                    -6.125,
                    -8.6875,
                    -6.125
                ],
                [
                    -4.84375,
                    -4.84375,
                    -4.84375,
                    -4.84375,
                    -4.84375,
                    -4.84375,
                    -4.84375,
                    -4.84375,
                    -4.84375,
                    -6.84375,
                    -4.84375
                ],
                [
                    -6.5,
                    -6.5,
                    -6.5,
                    -6.5,
                    -6.5,
                    -6.5,
                    -6.5,
                    -6.5,
                    -6.5,
                    -8.25,
                    -6.5
                ],
                [
                    -6.90625,
                    -6.90625,
                    -6.90625,
                    -6.90625,
                    -6.90625,
                    -6.90625,
                    -6.90625,
                    -6.90625,
                    -6.90625,
                    -8.3125,
                    -6.90625
                ],
                [
                    -5.4375,
                    -5.4375,
                    -5.4375,
                    -5.4375,
                    -5.4375,
                    -5.4375,
                    -5.4375,
                    -5.4375,
                    -5.4375,
                    -7.3125,
                    -5.4375
                ],
                [
                    -6.03125,
                    -6.03125,
                    -6.03125,
                    -6.03125,
                    -6.03125,
                    -6.03125,
                    -6.03125,
                    -6.03125,
                    -6.03125,
                    -7.90625,
                    -6.03125
                ],
                [
                    -6.625,
                    -6.625,
                    -6.625,
                    -6.625,
                    -6.625,
                    -6.625,
                    -6.625,
                    -6.625,
                    -6.625,
                    -8.25,
                    -6.625
                ],
                [
                    -7.46875,
                    -7.46875,
                    -7.46875,
                    -7.46875,
                    -7.46875,
                    -7.46875,
                    -7.46875,
                    -7.46875,
                    -7.46875,
                    -7.40625,
                    -7.46875
                ],
                [
                    -6.4375,
                    -6.4375,
                    -6.4375,
                    -6.4375,
                    -6.4375,
                    -6.4375,
                    -6.4375,
                    -6.4375,
                    -6.4375,
                    -8.5625,
                    -6.4375
                ]
            ]
        ],
        "prompt_sensitivities": [
            0.17670454545454545
        ],
        "posix": 0.17670454545454545
    }
}