{
    "file_name": "question_292_variants.json",
    "overall_posix": 0.6130681818181818,
    "detailed_scores": [
        {
            "Variation 1": 0.0,
            "Variation 2": 0.0,
            "Variation 3": 0.0,
            "Variation 4": 0.0,
            "Variation 5": 0.0,
            "Variation 6": 0.0,
            "Variation 7": 5.0625,
            "Variation 8": 0.0,
            "Variation 9": 0.0,
            "Variation 10": 0.0
        }
    ],
    "trace": {
        "prompts": [
            "Does the patient have normal cardiomediastinal contours considering their lung volumes and patient rotation? Please choose from the following two options: [yes, no]\n<image>"
        ],
        "responses": [
            [
                "yes",
                "yes",
                "yes",
                "yes",
                "yes",
                "yes",
                "yes",
                "es",
                "yes",
                "yes",
                "yes"
            ]
        ],
        "logprob_matrices": [
            [
                [
                    -6.3125,
                    -6.3125,
                    -6.3125,
                    -6.3125,
                    -6.3125,
                    -6.3125,
                    -6.3125,
                    -11.375,
                    -6.3125,
                    -6.3125,
                    -6.3125
                ],
                [
                    -6.5625,
                    -6.5625,
                    -6.5625,
                    -6.5625,
                    -6.5625,
                    -6.5625,
                    -6.5625,
                    -10.6875,
                    -6.5625,
                    -6.5625,
                    -6.5625
                ],
                [
                    -6.4375,
                    -6.4375,
                    -6.4375,
                    -6.4375,
                    -6.4375,
                    -6.4375,
                    -6.4375,
                    -10.8125,
                    -6.4375,
                    -6.4375,
                    -6.4375
                ],
                [
                    -6.84375,
                    -6.84375,
                    -6.84375,
                    -6.84375,
                    -6.84375,
                    -6.84375,
                    -6.84375,
                    -11.375,
                    -6.84375,
                    -6.84375,
                    -6.84375
                ],
                [
                    -5.90625,
                    -5.90625,
                    -5.90625,
                    -5.90625,
                    -5.90625,
                    -5.90625,
                    -5.90625,
                    -9.9375,
                    -5.90625,
                    -5.90625,
                    -5.90625
                ],
                [
                    -6.5625,
                    -6.5625,
                    -6.5625,
                    -6.5625,
                    -6.5625,
                    -6.5625,
                    -6.5625,
                    -10.1875,
                    -6.5625,
                    -6.5625,
                    -6.5625
                ],
                [
                    -7.03125,
                    -7.03125,
                    -7.03125,
                    -7.03125,
                    -7.03125,
                    -7.03125,
                    -7.03125,
                    -10.75,
                    -7.03125,
                    -7.03125,
                    -7.03125
                ],
                [
                    -7.5,
                    -7.5,
                    -7.5,
                    -7.5,
                    -7.5,
                    -7.5,
                    -7.5,
                    -4.9375,
                    -7.5,
                    -7.5,
                    -7.5
                ],
                [
                    -6.46875,
                    -6.46875,
                    -6.46875,
                    -6.46875,
                    -6.46875,
                    -6.46875,
                    -6.46875,
                    -10.4375,
                    -6.46875,
                    -6.46875,
                    -6.46875
                ],
                [
                    -7.09375,
                    -7.09375,
                    -7.09375,
                    -7.09375,
                    -7.09375,
                    -7.09375,
                    -7.09375,
                    -10.6875,
                    -7.09375,
                    -7.09375,
                    -7.09375
                ],
                [
                    -6.15625,
                    -6.15625,
                    -6.15625,
                    -6.15625,
                    -6.15625,
                    -6.15625,
                    -6.15625,
                    -10.9375,
                    -6.15625,
                    -6.15625,
                    -6.15625
                ]
            ]
        ],
        "prompt_sensitivities": [
            0.6130681818181818
        ],
        "posix": 0.6130681818181818
    }
}