{
    "file_name": "question_249_variants.json",
    "overall_posix": 0.371579071969697,
    "detailed_scores": [
        {
            "Variation 1": 0.0,
            "Variation 2": 0.0,
            "Variation 3": 0.0,
            "Variation 4": 3.1770833333333335,
            "Variation 5": 0.0,
            "Variation 6": 0.0,
            "Variation 7": 0.0,
            "Variation 8": 0.0,
            "Variation 9": 0.0,
            "Variation 10": 0.0
        }
    ],
    "trace": {
        "prompts": [
            "Are the lung fields overinflated, suggesting a possible obstructive lung disease like COPD? Please choose from the following two options: [yes, no]\n<image>"
        ],
        "responses": [
            [
                "yes",
                "yes",
                "yes",
                "yes",
                "yes, on",
                "yes",
                "yes",
                "yes",
                "yes",
                "yes",
                "yes"
            ]
        ],
        "logprob_matrices": [
            [
                [
                    -7.53125,
                    -7.53125,
                    -7.53125,
                    -7.53125,
                    -17.0625,
                    -7.53125,
                    -7.53125,
                    -7.53125,
                    -7.53125,
                    -7.53125,
                    -7.53125
                ],
                [
                    -7.8125,
                    -7.8125,
                    -7.8125,
                    -7.8125,
                    -16.921875,
                    -7.8125,
                    -7.8125,
                    -7.8125,
                    -7.8125,
                    -7.8125,
                    -7.8125
                ],
                [
                    -6.3125,
                    -6.3125,
                    -6.3125,
                    -6.3125,
                    -15.6171875,
                    -6.3125,
                    -6.3125,
                    -6.3125,
                    -6.3125,
                    -6.3125,
                    -6.3125
                ],
                [
                    -6.5625,
                    -6.5625,
                    -6.5625,
                    -6.5625,
                    -15.140625,
                    -6.5625,
                    -6.5625,
                    -6.5625,
                    -6.5625,
                    -6.5625,
                    -6.5625
                ],
                [
                    -2.15625,
                    -2.15625,
                    -2.15625,
                    -2.15625,
                    -3.107421875,
                    -2.15625,
                    -2.15625,
                    -2.15625,
                    -2.15625,
                    -2.15625,
                    -2.15625
                ],
                [
                    -7.40625,
                    -7.40625,
                    -7.40625,
                    -7.40625,
                    -16.6796875,
                    -7.40625,
                    -7.40625,
                    -7.40625,
                    -7.40625,
                    -7.40625,
                    -7.40625
                ],
                [
                    -6.28125,
                    -6.28125,
                    -6.28125,
                    -6.28125,
                    -15.6015625,
                    -6.28125,
                    -6.28125,
                    -6.28125,
                    -6.28125,
                    -6.28125,
                    -6.28125
                ],
                [
                    -7.875,
                    -7.875,
                    -7.875,
                    -7.875,
                    -17.453125,
                    -7.875,
                    -7.875,
                    -7.875,
                    -7.875,
                    -7.875,
                    -7.875
                ],
                [
                    -7.375,
                    -7.375,
                    -7.375,
                    -7.375,
                    -16.703125,
                    -7.375,
                    -7.375,
                    -7.375,
                    -7.375,
                    -7.375,
                    -7.375
                ],
                [
                    -7.28125,
                    -7.28125,
                    -7.28125,
                    -7.28125,
                    -16.609375,
                    -7.28125,
                    -7.28125,
                    -7.28125,
                    -7.28125,
                    -7.28125,
                    -7.28125
                ],
                [
                    -7.15625,
                    -7.15625,
                    -7.15625,
                    -7.15625,
                    -17.890625,
                    -7.15625,
                    -7.15625,
                    -7.15625,
                    -7.15625,
                    -7.15625,
                    -7.15625
                ]
            ]
        ],
        "prompt_sensitivities": [
            0.371579071969697
        ],
        "posix": 0.371579071969697
    }
}