{
    "file_name": "question_400_variants.json",
    "overall_posix": 0.0,
    "detailed_scores": [
        {
            "Variation 1": 0.0,
            "Variation 2": 0.0,
            "Variation 3": 0.0,
            "Variation 4": 0.0,
            "Variation 5": 0.0,
            "Variation 6": 0.0,
            "Variation 7": 0.0,
            "Variation 8": 0.0,
            "Variation 9": 0.0,
            "Variation 10": 0.0
        }
    ],
    "trace": {
        "prompts": [
            "Is the heart size enlarged on the chest X-ray? Please choose from the following two options: [yes, no]\n<image>"
        ],
        "responses": [
            [
                "yes",
                "yes",
                "yes",
                "yes",
                "yes",
                "yes",
                "yes",
                "yes",
                "yes",
                "yes",
                "yes"
            ]
        ],
        "logprob_matrices": [
            [
                [
                    -7.46875,
                    -7.46875,
                    -7.46875,
                    -7.46875,
                    -7.46875,
                    -7.46875,
                    -7.46875,
                    -7.46875,
                    -7.46875,
                    -7.46875,
                    -7.46875
                ],
                [
                    -6.53125,
                    -6.53125,
                    -6.53125,
                    -6.53125,
                    -6.53125,
                    -6.53125,
                    -6.53125,
                    -6.53125,
                    -6.53125,
                    -6.53125,
                    -6.53125
                ],
                [
                    -7.03125,
                    -7.03125,
                    -7.03125,
                    -7.03125,
                    -7.03125,
                    -7.03125,
                    -7.03125,
                    -7.03125,
                    -7.03125,
                    -7.03125,
                    -7.03125
                ],
                [
                    -7.28125,
                    -7.28125,
                    -7.28125,
                    -7.28125,
                    -7.28125,
                    -7.28125,
                    -7.28125,
                    -7.28125,
                    -7.28125,
                    -7.28125,
                    -7.28125
                ],
                [
                    -6.5625,
                    -6.5625,
                    -6.5625,
                    -6.5625,
                    -6.5625,
                    -6.5625,
                    -6.5625,
                    -6.5625,
                    -6.5625,
                    -6.5625,
                    -6.5625
                ],
                [
                    -6.75,
                    -6.75,
                    -6.75,
                    -6.75,
                    -6.75,
                    -6.75,
                    -6.75,
                    -6.75,
                    -6.75,
                    -6.75,
                    -6.75
                ],
                [
                    -6.8125,
                    -6.8125,
                    -6.8125,
                    -6.8125,
                    -6.8125,
                    -6.8125,
                    -6.8125,
                    -6.8125,
                    -6.8125,
                    -6.8125,
                    -6.8125
                ],
                [
                    -6.90625,
                    -6.90625,
                    -6.90625,
                    -6.90625,
                    -6.90625,
                    -6.90625,
                    -6.90625,
                    -6.90625,
                    -6.90625,
                    -6.90625,
                    -6.90625
                ],
                [
                    -5.25,
                    -5.25,
                    -5.25,
                    -5.25,
                    -5.25,
                    -5.25,
                    -5.25,
                    -5.25,
                    -5.25,
                    -5.25,
                    -5.25
                ],
                [
                    -4.9375,
                    -4.9375,
                    -4.9375,
                    -4.9375,
                    -4.9375,
                    -4.9375,
                    -4.9375,
                    -4.9375,
                    -4.9375,
                    -4.9375,
                    -4.9375
                ],
                [
                    -6.84375,
                    -6.84375,
                    -6.84375,
                    -6.84375,
                    -6.84375,
                    -6.84375,
                    -6.84375,
                    -6.84375,
                    -6.84375,
                    -6.84375,
                    -6.84375
                ]
            ]
        ],
        "prompt_sensitivities": [
            0.0
        ],
        "posix": 0.0
    }
}