{
    "file_name": "question_94_variants.json",
    "overall_posix": 0.0,
    "detailed_scores": [
        {
            "Variation 1": 0.0,
            "Variation 2": 0.0,
            "Variation 3": 0.0,
            "Variation 4": 0.0,
            "Variation 5": 0.0,
            "Variation 6": 0.0,
            "Variation 7": 0.0,
            "Variation 8": 0.0,
            "Variation 9": 0.0,
            "Variation 10": 0.0
        }
    ],
    "trace": {
        "prompts": [
            "Does the chest X-ray image indicate that the lungs and pleural spaces are free of acute abnormalities? Please choose from the following two options: [yes, no]\n<image>"
        ],
        "responses": [
            [
                "yes",
                "yes",
                "yes",
                "yes",
                "yes",
                "yes",
                "yes",
                "yes",
                "yes",
                "yes",
                "yes"
            ]
        ],
        "logprob_matrices": [
            [
                [
                    -6.28125,
                    -6.28125,
                    -6.28125,
                    -6.28125,
                    -6.28125,
                    -6.28125,
                    -6.28125,
                    -6.28125,
                    -6.28125,
                    -6.28125,
                    -6.28125
                ],
                [
                    -5.46875,
                    -5.46875,
                    -5.46875,
                    -5.46875,
                    -5.46875,
                    -5.46875,
                    -5.46875,
                    -5.46875,
                    -5.46875,
                    -5.46875,
                    -5.46875
                ],
                [
                    -6.28125,
                    -6.28125,
                    -6.28125,
                    -6.28125,
                    -6.28125,
                    -6.28125,
                    -6.28125,
                    -6.28125,
                    -6.28125,
                    -6.28125,
                    -6.28125
                ],
                [
                    -5.3125,
                    -5.3125,
                    -5.3125,
                    -5.3125,
                    -5.3125,
                    -5.3125,
                    -5.3125,
                    -5.3125,
                    -5.3125,
                    -5.3125,
                    -5.3125
                ],
                [
                    -5.96875,
                    -5.96875,
                    -5.96875,
                    -5.96875,
                    -5.96875,
                    -5.96875,
                    -5.96875,
                    -5.96875,
                    -5.96875,
                    -5.96875,
                    -5.96875
                ],
                [
                    -5.75,
                    -5.75,
                    -5.75,
                    -5.75,
                    -5.75,
                    -5.75,
                    -5.75,
                    -5.75,
                    -5.75,
                    -5.75,
                    -5.75
                ],
                [
                    -4.625,
                    -4.625,
                    -4.625,
                    -4.625,
                    -4.625,
                    -4.625,
                    -4.625,
                    -4.625,
                    -4.625,
                    -4.625,
                    -4.625
                ],
                [
                    -5.5625,
                    -5.5625,
                    -5.5625,
                    -5.5625,
                    -5.5625,
                    -5.5625,
                    -5.5625,
                    -5.5625,
                    -5.5625,
                    -5.5625,
                    -5.5625
                ],
                [
                    -5.875,
                    -5.875,
                    -5.875,
                    -5.875,
                    -5.875,
                    -5.875,
                    -5.875,
                    -5.875,
                    -5.875,
                    -5.875,
                    -5.875
                ],
                [
                    -6.03125,
                    -6.03125,
                    -6.03125,
                    -6.03125,
                    -6.03125,
                    -6.03125,
                    -6.03125,
                    -6.03125,
                    -6.03125,
                    -6.03125,
                    -6.03125
                ],
                [
                    -5.125,
                    -5.125,
                    -5.125,
                    -5.125,
                    -5.125,
                    -5.125,
                    -5.125,
                    -5.125,
                    -5.125,
                    -5.125,
                    -5.125
                ]
            ]
        ],
        "prompt_sensitivities": [
            0.0
        ],
        "posix": 0.0
    }
}