{
    "file_name": "question_39_variants.json",
    "overall_posix": 0.46988636363636366,
    "detailed_scores": [
        {
            "Variation 1": 0.0,
            "Variation 2": 0.0,
            "Variation 3": 0.0,
            "Variation 4": 1.25,
            "Variation 5": 0.0,
            "Variation 6": 1.25,
            "Variation 7": 0.0,
            "Variation 8": 0.0,
            "Variation 9": 0.0,
            "Variation 10": 0.0
        }
    ],
    "trace": {
        "prompts": [
            "Is the heart size of the patient abnormal? Please choose from the following two options: [yes, no]\n<image>"
        ],
        "responses": [
            [
                "yes",
                "yes",
                "yes",
                "yes",
                "no",
                "yes",
                "no",
                "yes",
                "yes",
                "yes",
                "yes"
            ]
        ],
        "logprob_matrices": [
            [
                [
                    -6.6875,
                    -6.6875,
                    -6.6875,
                    -6.6875,
                    -7.9375,
                    -6.6875,
                    -7.9375,
                    -6.6875,
                    -6.6875,
                    -6.6875,
                    -6.6875
                ],
                [
                    -4.59375,
                    -4.59375,
                    -4.59375,
                    -4.59375,
                    -6.34375,
                    -4.59375,
                    -6.34375,
                    -4.59375,
                    -4.59375,
                    -4.59375,
                    -4.59375
                ],
                [
                    -6.03125,
                    -6.03125,
                    -6.03125,
                    -6.03125,
                    -8.625,
                    -6.03125,
                    -8.625,
                    -6.03125,
                    -6.03125,
                    -6.03125,
                    -6.03125
                ],
                [
                    -5.34375,
                    -5.34375,
                    -5.34375,
                    -5.34375,
                    -7.59375,
                    -5.34375,
                    -7.59375,
                    -5.34375,
                    -5.34375,
                    -5.34375,
                    -5.34375
                ],
                [
                    -5.21875,
                    -5.21875,
                    -5.21875,
                    -5.21875,
                    -6.84375,
                    -5.21875,
                    -6.84375,
                    -5.21875,
                    -5.21875,
                    -5.21875,
                    -5.21875
                ],
                [
                    -5.25,
                    -5.25,
                    -5.25,
                    -5.25,
                    -5.8125,
                    -5.25,
                    -5.8125,
                    -5.25,
                    -5.25,
                    -5.25,
                    -5.25
                ],
                [
                    -5.8125,
                    -5.8125,
                    -5.8125,
                    -5.8125,
                    -4.5625,
                    -5.8125,
                    -4.5625,
                    -5.8125,
                    -5.8125,
                    -5.8125,
                    -5.8125
                ],
                [
                    -4.40625,
                    -4.40625,
                    -4.40625,
                    -4.40625,
                    -6.09375,
                    -4.40625,
                    -6.09375,
                    -4.40625,
                    -4.40625,
                    -4.40625,
                    -4.40625
                ],
                [
                    -6.09375,
                    -6.09375,
                    -6.09375,
                    -6.09375,
                    -6.84375,
                    -6.09375,
                    -6.84375,
                    -6.09375,
                    -6.09375,
                    -6.09375,
                    -6.09375
                ],
                [
                    -6.375,
                    -6.375,
                    -6.375,
                    -6.375,
                    -7.8125,
                    -6.375,
                    -7.8125,
                    -6.375,
                    -6.375,
                    -6.375,
                    -6.375
                ],
                [
                    -6.25,
                    -6.25,
                    -6.25,
                    -6.25,
                    -6.875,
                    -6.25,
                    -6.875,
                    -6.25,
                    -6.25,
                    -6.25,
                    -6.25
                ]
            ]
        ],
        "prompt_sensitivities": [
            0.46988636363636366
        ],
        "posix": 0.46988636363636366
    }
}