{
    "file_name": "question_15_variants.json",
    "overall_posix": 0.0,
    "detailed_scores": [
        {
            "Variation 1": 0.0,
            "Variation 2": 0.0,
            "Variation 3": 0.0,
            "Variation 4": 0.0,
            "Variation 5": 0.0,
            "Variation 6": 0.0,
            "Variation 7": 0.0,
            "Variation 8": 0.0,
            "Variation 9": 0.0,
            "Variation 10": 0.0
        }
    ],
    "trace": {
        "prompts": [
            "Is there any evidence of pleural effusion on the chest X-ray? Please choose from the following two options: [yes, no]\n<image>"
        ],
        "responses": [
            [
                "yes",
                "yes",
                "yes",
                "yes",
                "yes",
                "yes",
                "yes",
                "yes",
                "yes",
                "yes",
                "yes"
            ]
        ],
        "logprob_matrices": [
            [
                [
                    -6.40625,
                    -6.40625,
                    -6.40625,
                    -6.40625,
                    -6.40625,
                    -6.40625,
                    -6.40625,
                    -6.40625,
                    -6.40625,
                    -6.40625,
                    -6.40625
                ],
                [
                    -5.96875,
                    -5.96875,
                    -5.96875,
                    -5.96875,
                    -5.96875,
                    -5.96875,
                    -5.96875,
                    -5.96875,
                    -5.96875,
                    -5.96875,
                    -5.96875
                ],
                [
                    -6.09375,
                    -6.09375,
                    -6.09375,
                    -6.09375,
                    -6.09375,
                    -6.09375,
                    -6.09375,
                    -6.09375,
                    -6.09375,
                    -6.09375,
                    -6.09375
                ],
                [
                    -6.03125,
                    -6.03125,
                    -6.03125,
                    -6.03125,
                    -6.03125,
                    -6.03125,
                    -6.03125,
                    -6.03125,
                    -6.03125,
                    -6.03125,
                    -6.03125
                ],
                [
                    -6.75,
                    -6.75,
                    -6.75,
                    -6.75,
                    -6.75,
                    -6.75,
                    -6.75,
                    -6.75,
                    -6.75,
                    -6.75,
                    -6.75
                ],
                [
                    -6.71875,
                    -6.71875,
                    -6.71875,
                    -6.71875,
                    -6.71875,
                    -6.71875,
                    -6.71875,
                    -6.71875,
                    -6.71875,
                    -6.71875,
                    -6.71875
                ],
                [
                    -6.375,
                    -6.375,
                    -6.375,
                    -6.375,
                    -6.375,
                    -6.375,
                    -6.375,
                    -6.375,
                    -6.375,
                    -6.375,
                    -6.375
                ],
                [
                    -5.25,
                    -5.25,
                    -5.25,
                    -5.25,
                    -5.25,
                    -5.25,
                    -5.25,
                    -5.25,
                    -5.25,
                    -5.25,
                    -5.25
                ],
                [
                    -5.3125,
                    -5.3125,
                    -5.3125,
                    -5.3125,
                    -5.3125,
                    -5.3125,
                    -5.3125,
                    -5.3125,
                    -5.3125,
                    -5.3125,
                    -5.3125
                ],
                [
                    -6.6875,
                    -6.6875,
                    -6.6875,
                    -6.6875,
                    -6.6875,
                    -6.6875,
                    -6.6875,
                    -6.6875,
                    -6.6875,
                    -6.6875,
                    -6.6875
                ],
                [
                    -6.75,
                    -6.75,
                    -6.75,
                    -6.75,
                    -6.75,
                    -6.75,
                    -6.75,
                    -6.75,
                    -6.75,
                    -6.75,
                    -6.75
                ]
            ]
        ],
        "prompt_sensitivities": [
            0.0
        ],
        "posix": 0.0
    }
}