{
    "file_name": "question_227_variants.json",
    "overall_posix": 0.09971590909090909,
    "detailed_scores": [
        {
            "Variation 1": 0.0,
            "Variation 2": 0.0,
            "Variation 3": 0.0,
            "Variation 4": 0.0,
            "Variation 5": 0.0,
            "Variation 6": 0.0,
            "Variation 7": 0.0,
            "Variation 8": 0.0,
            "Variation 9": 0.625,
            "Variation 10": 0.0
        }
    ],
    "trace": {
        "prompts": [
            "Is the heart silhouette of normal size on the chest X-ray? Please choose from the following two options: [yes, no]\n<image>"
        ],
        "responses": [
            [
                "yes",
                "yes",
                "yes",
                "yes",
                "yes",
                "yes",
                "yes",
                "yes",
                "yes",
                "no",
                "yes"
            ]
        ],
        "logprob_matrices": [
            [
                [
                    -8.0,
                    -8.0,
                    -8.0,
                    -8.0,
                    -8.0,
                    -8.0,
                    -8.0,
                    -8.0,
                    -8.0,
                    -7.375,
                    -8.0
                ],
                [
                    -6.84375,
                    -6.84375,
                    -6.84375,
                    -6.84375,
                    -6.84375,
                    -6.84375,
                    -6.84375,
                    -6.84375,
                    -6.84375,
                    -7.96875,
                    -6.84375
                ],
                [
                    -7.75,
                    -7.75,
                    -7.75,
                    -7.75,
                    -7.75,
                    -7.75,
                    -7.75,
                    -7.75,
                    -7.75,
                    -7.0625,
                    -7.75
                ],
                [
                    -8.0,
                    -8.0,
                    -8.0,
                    -8.0,
                    -8.0,
                    -8.0,
                    -8.0,
                    -8.0,
                    -8.0,
                    -7.375,
                    -8.0
                ],
                [
                    -6.34375,
                    -6.34375,
                    -6.34375,
                    -6.34375,
                    -6.34375,
                    -6.34375,
                    -6.34375,
                    -6.34375,
                    -6.34375,
                    -6.59375,
                    -6.34375
                ],
                [
                    -7.28125,
                    -7.28125,
                    -7.28125,
                    -7.28125,
                    -7.28125,
                    -7.28125,
                    -7.28125,
                    -7.28125,
                    -7.28125,
                    -6.78125,
                    -7.28125
                ],
                [
                    -7.3125,
                    -7.3125,
                    -7.3125,
                    -7.3125,
                    -7.3125,
                    -7.3125,
                    -7.3125,
                    -7.3125,
                    -7.3125,
                    -7.1875,
                    -7.3125
                ],
                [
                    -7.78125,
                    -7.78125,
                    -7.78125,
                    -7.78125,
                    -7.78125,
                    -7.78125,
                    -7.78125,
                    -7.78125,
                    -7.78125,
                    -8.0,
                    -7.78125
                ],
                [
                    -6.96875,
                    -6.96875,
                    -6.96875,
                    -6.96875,
                    -6.96875,
                    -6.96875,
                    -6.96875,
                    -6.96875,
                    -6.96875,
                    -7.96875,
                    -6.96875
                ],
                [
                    -9.1875,
                    -9.1875,
                    -9.1875,
                    -9.1875,
                    -9.1875,
                    -9.1875,
                    -9.1875,
                    -9.1875,
                    -9.1875,
                    -8.625,
                    -9.1875
                ],
                [
                    -6.96875,
                    -6.96875,
                    -6.96875,
                    -6.96875,
                    -6.96875,
                    -6.96875,
                    -6.96875,
                    -6.96875,
                    -6.96875,
                    -7.15625,
                    -6.96875
                ]
            ]
        ],
        "prompt_sensitivities": [
            0.09971590909090909
        ],
        "posix": 0.09971590909090909
    }
}