{
    "file_name": "question_251_variants.json",
    "overall_posix": 1.837784090909091,
    "detailed_scores": [
        {
            "Variation 1": 0.0,
            "Variation 2": 2.375,
            "Variation 3": 4.125,
            "Variation 4": 0.0,
            "Variation 5": 0.0,
            "Variation 6": 0.0,
            "Variation 7": 0.0,
            "Variation 8": 0.0,
            "Variation 9": 2.375,
            "Variation 10": 2.375
        }
    ],
    "trace": {
        "prompts": [
            "Is there any evidence of pulmonary pathology, such as pneumonia or a mass? Please choose from the following two options: [yes, no]\n<image>"
        ],
        "responses": [
            [
                "No",
                "No",
                "no",
                "yes",
                "No",
                "No",
                "No",
                "No",
                "No",
                "no",
                "no"
            ]
        ],
        "logprob_matrices": [
            [
                [
                    -10.9375,
                    -10.9375,
                    -8.5625,
                    -6.8125,
                    -10.9375,
                    -10.9375,
                    -10.9375,
                    -10.9375,
                    -10.9375,
                    -8.5625,
                    -8.5625
                ],
                [
                    -11.25,
                    -11.25,
                    -8.125,
                    -6.40625,
                    -11.25,
                    -11.25,
                    -11.25,
                    -11.25,
                    -11.25,
                    -8.125,
                    -8.125
                ],
                [
                    -11.625,
                    -11.625,
                    -8.1875,
                    -6.8125,
                    -11.625,
                    -11.625,
                    -11.625,
                    -11.625,
                    -11.625,
                    -8.1875,
                    -8.1875
                ],
                [
                    -11.125,
                    -11.125,
                    -8.25,
                    -6.40625,
                    -11.125,
                    -11.125,
                    -11.125,
                    -11.125,
                    -11.125,
                    -8.25,
                    -8.25
                ],
                [
                    -10.6875,
                    -10.6875,
                    -7.5625,
                    -5.375,
                    -10.6875,
                    -10.6875,
                    -10.6875,
                    -10.6875,
                    -10.6875,
                    -7.5625,
                    -7.5625
                ],
                [
                    -11.25,
                    -11.25,
                    -7.90625,
                    -6.15625,
                    -11.25,
                    -11.25,
                    -11.25,
                    -11.25,
                    -11.25,
                    -7.90625,
                    -7.90625
                ],
                [
                    -10.3125,
                    -10.3125,
                    -7.3125,
                    -5.5,
                    -10.3125,
                    -10.3125,
                    -10.3125,
                    -10.3125,
                    -10.3125,
                    -7.3125,
                    -7.3125
                ],
                [
                    -10.75,
                    -10.75,
                    -7.5625,
                    -6.25,
                    -10.75,
                    -10.75,
                    -10.75,
                    -10.75,
                    -10.75,
                    -7.5625,
                    -7.5625
                ],
                [
                    -10.4375,
                    -10.4375,
                    -7.9375,
                    -5.9375,
                    -10.4375,
                    -10.4375,
                    -10.4375,
                    -10.4375,
                    -10.4375,
                    -7.9375,
                    -7.9375
                ],
                [
                    -10.3125,
                    -10.3125,
                    -7.5625,
                    -6.25,
                    -10.3125,
                    -10.3125,
                    -10.3125,
                    -10.3125,
                    -10.3125,
                    -7.5625,
                    -7.5625
                ],
                [
                    -11.625,
                    -11.625,
                    -8.6875,
                    -6.8125,
                    -11.625,
                    -11.625,
                    -11.625,
                    -11.625,
                    -11.625,
                    -8.6875,
                    -8.6875
                ]
            ]
        ],
        "prompt_sensitivities": [
            1.837784090909091
        ],
        "posix": 1.837784090909091
    }
}