{
    "file_name": "question_61_variants.json",
    "overall_posix": 0.12556818181818183,
    "detailed_scores": [
        {
            "Variation 1": 0.125,
            "Variation 2": 0.0,
            "Variation 3": 0.0,
            "Variation 4": 0.0,
            "Variation 5": 0.0,
            "Variation 6": 0.0,
            "Variation 7": 0.0,
            "Variation 8": 0.0,
            "Variation 9": 0.0,
            "Variation 10": 0.0
        }
    ],
    "trace": {
        "prompts": [
            "Does the patient have clear lungs on the X-ray? Please choose from the following two options: [yes, no]\n<image>"
        ],
        "responses": [
            [
                "no",
                "yes",
                "no",
                "no",
                "no",
                "no",
                "no",
                "no",
                "no",
                "no",
                "no"
            ]
        ],
        "logprob_matrices": [
            [
                [
                    -8.3125,
                    -8.1875,
                    -8.3125,
                    -8.3125,
                    -8.3125,
                    -8.3125,
                    -8.3125,
                    -8.3125,
                    -8.3125,
                    -8.3125,
                    -8.3125
                ],
                [
                    -6.96875,
                    -6.15625,
                    -6.96875,
                    -6.96875,
                    -6.96875,
                    -6.96875,
                    -6.96875,
                    -6.96875,
                    -6.96875,
                    -6.96875,
                    -6.96875
                ],
                [
                    -7.59375,
                    -8.1875,
                    -7.59375,
                    -7.59375,
                    -7.59375,
                    -7.59375,
                    -7.59375,
                    -7.59375,
                    -7.59375,
                    -7.59375,
                    -7.59375
                ],
                [
                    -6.09375,
                    -6.21875,
                    -6.09375,
                    -6.09375,
                    -6.09375,
                    -6.09375,
                    -6.09375,
                    -6.09375,
                    -6.09375,
                    -6.09375,
                    -6.09375
                ],
                [
                    -7.96875,
                    -8.25,
                    -7.96875,
                    -7.96875,
                    -7.96875,
                    -7.96875,
                    -7.96875,
                    -7.96875,
                    -7.96875,
                    -7.96875,
                    -7.96875
                ],
                [
                    -6.6875,
                    -5.9375,
                    -6.6875,
                    -6.6875,
                    -6.6875,
                    -6.6875,
                    -6.6875,
                    -6.6875,
                    -6.6875,
                    -6.6875,
                    -6.6875
                ],
                [
                    -5.71875,
                    -6.15625,
                    -5.71875,
                    -5.71875,
                    -5.71875,
                    -5.71875,
                    -5.71875,
                    -5.71875,
                    -5.71875,
                    -5.71875,
                    -5.71875
                ],
                [
                    -7.625,
                    -7.1875,
                    -7.625,
                    -7.625,
                    -7.625,
                    -7.625,
                    -7.625,
                    -7.625,
                    -7.625,
                    -7.625,
                    -7.625
                ],
                [
                    -5.78125,
                    -7.71875,
                    -5.78125,
                    -5.78125,
                    -5.78125,
                    -5.78125,
                    -5.78125,
                    -5.78125,
                    -5.78125,
                    -5.78125,
                    -5.78125
                ],
                [
                    -4.09375,
                    -4.59375,
                    -4.09375,
                    -4.09375,
                    -4.09375,
                    -4.09375,
                    -4.09375,
                    -4.09375,
                    -4.09375,
                    -4.09375,
                    -4.09375
                ],
                [
                    -8.5,
                    -9.0,
                    -8.5,
                    -8.5,
                    -8.5,
                    -8.5,
                    -8.5,
                    -8.5,
                    -8.5,
                    -8.5,
                    -8.5
                ]
            ]
        ],
        "prompt_sensitivities": [
            0.12556818181818183
        ],
        "posix": 0.12556818181818183
    }
}