{
    "file_name": "question_49_variants.json",
    "overall_posix": 0.4090909090909091,
    "detailed_scores": [
        {
            "Variation 1": 0.0,
            "Variation 2": 1.25,
            "Variation 3": 1.25,
            "Variation 4": 0.0,
            "Variation 5": 1.25,
            "Variation 6": 0.0,
            "Variation 7": 1.25,
            "Variation 8": 1.25,
            "Variation 9": 0.0,
            "Variation 10": 0.0
        }
    ],
    "trace": {
        "prompts": [
            "Has the consolidation and blunting in the chest X-ray resolved since the last imaging? Please choose from the following two options: [yes, no]\n<image>"
        ],
        "responses": [
            [
                "no",
                "no",
                "yes",
                "yes",
                "no",
                "yes",
                "no",
                "yes",
                "yes",
                "no",
                "no"
            ]
        ],
        "logprob_matrices": [
            [
                [
                    -7.09375,
                    -7.09375,
                    -5.84375,
                    -5.84375,
                    -7.09375,
                    -5.84375,
                    -7.09375,
                    -5.84375,
                    -5.84375,
                    -7.09375,
                    -7.09375
                ],
                [
                    -6.96875,
                    -6.96875,
                    -6.46875,
                    -6.46875,
                    -6.96875,
                    -6.46875,
                    -6.96875,
                    -6.46875,
                    -6.46875,
                    -6.96875,
                    -6.96875
                ],
                [
                    -5.21875,
                    -5.21875,
                    -4.09375,
                    -4.09375,
                    -5.21875,
                    -4.09375,
                    -5.21875,
                    -4.09375,
                    -4.09375,
                    -5.21875,
                    -5.21875
                ],
                [
                    -6.28125,
                    -6.28125,
                    -5.53125,
                    -5.53125,
                    -6.28125,
                    -5.53125,
                    -6.28125,
                    -5.53125,
                    -5.53125,
                    -6.28125,
                    -6.28125
                ],
                [
                    -6.71875,
                    -6.71875,
                    -7.03125,
                    -7.03125,
                    -6.71875,
                    -7.03125,
                    -6.71875,
                    -7.03125,
                    -7.03125,
                    -6.71875,
                    -6.71875
                ],
                [
                    -7.03125,
                    -7.03125,
                    -6.28125,
                    -6.28125,
                    -7.03125,
                    -6.28125,
                    -7.03125,
                    -6.28125,
                    -6.28125,
                    -7.03125,
                    -7.03125
                ],
                [
                    -7.21875,
                    -7.21875,
                    -7.09375,
                    -7.09375,
                    -7.21875,
                    -7.09375,
                    -7.21875,
                    -7.09375,
                    -7.09375,
                    -7.21875,
                    -7.21875
                ],
                [
                    -6.03125,
                    -6.03125,
                    -4.78125,
                    -4.78125,
                    -6.03125,
                    -4.78125,
                    -6.03125,
                    -4.78125,
                    -4.78125,
                    -6.03125,
                    -6.03125
                ],
                [
                    -6.78125,
                    -6.78125,
                    -5.96875,
                    -5.96875,
                    -6.78125,
                    -5.96875,
                    -6.78125,
                    -5.96875,
                    -5.96875,
                    -6.78125,
                    -6.78125
                ],
                [
                    -5.5,
                    -5.5,
                    -5.6875,
                    -5.6875,
                    -5.5,
                    -5.6875,
                    -5.5,
                    -5.6875,
                    -5.6875,
                    -5.5,
                    -5.5
                ],
                [
                    -7.1875,
                    -7.1875,
                    -6.1875,
                    -6.1875,
                    -7.1875,
                    -6.1875,
                    -7.1875,
                    -6.1875,
                    -6.1875,
                    -7.1875,
                    -7.1875
                ]
            ]
        ],
        "prompt_sensitivities": [
            0.4090909090909091
        ],
        "posix": 0.4090909090909091
    }
}