{
    "file_name": "question_116_variants.json",
    "overall_posix": 0.0,
    "detailed_scores": [
        {
            "Variation 1": 0.0,
            "Variation 2": 0.0,
            "Variation 3": 0.0,
            "Variation 4": 0.0,
            "Variation 5": 0.0,
            "Variation 6": 0.0,
            "Variation 7": 0.0,
            "Variation 8": 0.0,
            "Variation 9": 0.0,
            "Variation 10": 0.0
        }
    ],
    "trace": {
        "prompts": [
            "Is there any indication of a pneumothorax in the chest X-ray? Please choose from the following two options: [yes, no]\n<image>"
        ],
        "responses": [
            [
                "yes",
                "yes",
                "yes",
                "yes",
                "yes",
                "yes",
                "yes",
                "yes",
                "yes",
                "yes",
                "yes"
            ]
        ],
        "logprob_matrices": [
            [
                [
                    -7.65625,
                    -7.65625,
                    -7.65625,
                    -7.65625,
                    -7.65625,
                    -7.65625,
                    -7.65625,
                    -7.65625,
                    -7.65625,
                    -7.65625,
                    -7.65625
                ],
                [
                    -6.59375,
                    -6.59375,
                    -6.59375,
                    -6.59375,
                    -6.59375,
                    -6.59375,
                    -6.59375,
                    -6.59375,
                    -6.59375,
                    -6.59375,
                    -6.59375
                ],
                [
                    -7.5,
                    -7.5,
                    -7.5,
                    -7.5,
                    -7.5,
                    -7.5,
                    -7.5,
                    -7.5,
                    -7.5,
                    -7.5,
                    -7.5
                ],
                [
                    -8.0,
                    -8.0,
                    -8.0,
                    -8.0,
                    -8.0,
                    -8.0,
                    -8.0,
                    -8.0,
                    -8.0,
                    -8.0,
                    -8.0
                ],
                [
                    -7.28125,
                    -7.28125,
                    -7.28125,
                    -7.28125,
                    -7.28125,
                    -7.28125,
                    -7.28125,
                    -7.28125,
                    -7.28125,
                    -7.28125,
                    -7.28125
                ],
                [
                    -8.1875,
                    -8.1875,
                    -8.1875,
                    -8.1875,
                    -8.1875,
                    -8.1875,
                    -8.1875,
                    -8.1875,
                    -8.1875,
                    -8.1875,
                    -8.1875
                ],
                [
                    -6.78125,
                    -6.78125,
                    -6.78125,
                    -6.78125,
                    -6.78125,
                    -6.78125,
                    -6.78125,
                    -6.78125,
                    -6.78125,
                    -6.78125,
                    -6.78125
                ],
                [
                    -7.5625,
                    -7.5625,
                    -7.5625,
                    -7.5625,
                    -7.5625,
                    -7.5625,
                    -7.5625,
                    -7.5625,
                    -7.5625,
                    -7.5625,
                    -7.5625
                ],
                [
                    -6.90625,
                    -6.90625,
                    -6.90625,
                    -6.90625,
                    -6.90625,
                    -6.90625,
                    -6.90625,
                    -6.90625,
                    -6.90625,
                    -6.90625,
                    -6.90625
                ],
                [
                    -7.59375,
                    -7.59375,
                    -7.59375,
                    -7.59375,
                    -7.59375,
                    -7.59375,
                    -7.59375,
                    -7.59375,
                    -7.59375,
                    -7.59375,
                    -7.59375
                ],
                [
                    -8.8125,
                    -8.8125,
                    -8.8125,
                    -8.8125,
                    -8.8125,
                    -8.8125,
                    -8.8125,
                    -8.8125,
                    -8.8125,
                    -8.8125,
                    -8.8125
                ]
            ]
        ],
        "prompt_sensitivities": [
            0.0
        ],
        "posix": 0.0
    }
}