{
    "file_name": "question_37_variants.json",
    "overall_posix": 0.11903409090909091,
    "detailed_scores": [
        {
            "Variation 1": 0.0,
            "Variation 2": 0.0,
            "Variation 3": 0.0,
            "Variation 4": 0.0,
            "Variation 5": 0.0,
            "Variation 6": 0.0,
            "Variation 7": 0.0,
            "Variation 8": 0.3125,
            "Variation 9": 0.0,
            "Variation 10": 0.0
        }
    ],
    "trace": {
        "prompts": [
            "Can a pleural effusion be seen on the X-ray? Please choose from the following two options: [yes, no]\n<image>"
        ],
        "responses": [
            [
                "yes",
                "yes",
                "yes",
                "yes",
                "yes",
                "yes",
                "yes",
                "yes",
                "Yes",
                "yes",
                "yes"
            ]
        ],
        "logprob_matrices": [
            [
                [
                    -7.125,
                    -7.125,
                    -7.125,
                    -7.125,
                    -7.125,
                    -7.125,
                    -7.125,
                    -7.125,
                    -7.4375,
                    -7.125,
                    -7.125
                ],
                [
                    -7.34375,
                    -7.34375,
                    -7.34375,
                    -7.34375,
                    -7.34375,
                    -7.34375,
                    -7.34375,
                    -7.34375,
                    -7.59375,
                    -7.34375,
                    -7.34375
                ],
                [
                    -6.59375,
                    -6.59375,
                    -6.59375,
                    -6.59375,
                    -6.59375,
                    -6.59375,
                    -6.59375,
                    -6.59375,
                    -6.78125,
                    -6.59375,
                    -6.59375
                ],
                [
                    -6.3125,
                    -6.3125,
                    -6.3125,
                    -6.3125,
                    -6.3125,
                    -6.3125,
                    -6.3125,
                    -6.3125,
                    -8.5,
                    -6.3125,
                    -6.3125
                ],
                [
                    -6.78125,
                    -6.78125,
                    -6.78125,
                    -6.78125,
                    -6.78125,
                    -6.78125,
                    -6.78125,
                    -6.78125,
                    -7.46875,
                    -6.78125,
                    -6.78125
                ],
                [
                    -6.15625,
                    -6.15625,
                    -6.15625,
                    -6.15625,
                    -6.15625,
                    -6.15625,
                    -6.15625,
                    -6.15625,
                    -7.53125,
                    -6.15625,
                    -6.15625
                ],
                [
                    -6.28125,
                    -6.28125,
                    -6.28125,
                    -6.28125,
                    -6.28125,
                    -6.28125,
                    -6.28125,
                    -6.28125,
                    -5.96875,
                    -6.28125,
                    -6.28125
                ],
                [
                    -6.125,
                    -6.125,
                    -6.125,
                    -6.125,
                    -6.125,
                    -6.125,
                    -6.125,
                    -6.125,
                    -7.4375,
                    -6.125,
                    -6.125
                ],
                [
                    -6.96875,
                    -6.96875,
                    -6.96875,
                    -6.96875,
                    -6.96875,
                    -6.96875,
                    -6.96875,
                    -6.96875,
                    -7.46875,
                    -6.96875,
                    -6.96875
                ],
                [
                    -7.28125,
                    -7.28125,
                    -7.28125,
                    -7.28125,
                    -7.28125,
                    -7.28125,
                    -7.28125,
                    -7.28125,
                    -8.4375,
                    -7.28125,
                    -7.28125
                ],
                [
                    -7.03125,
                    -7.03125,
                    -7.03125,
                    -7.03125,
                    -7.03125,
                    -7.03125,
                    -7.03125,
                    -7.03125,
                    -7.34375,
                    -7.03125,
                    -7.03125
                ]
            ]
        ],
        "prompt_sensitivities": [
            0.11903409090909091
        ],
        "posix": 0.11903409090909091
    }
}