{
    "file_name": "question_330_variants.json",
    "overall_posix": 0.0,
    "detailed_scores": [
        {
            "Variation 1": 0.0,
            "Variation 2": 0.0,
            "Variation 3": 0.0,
            "Variation 4": 0.0,
            "Variation 5": 0.0,
            "Variation 6": 0.0,
            "Variation 7": 0.0,
            "Variation 8": 0.0,
            "Variation 9": 0.0,
            "Variation 10": 0.0
        }
    ],
    "trace": {
        "prompts": [
            "Is there any evidence of focal airspace consolidation on the chest X-ray? Please choose from the following two options: [yes, no]\n<image>"
        ],
        "responses": [
            [
                "yes",
                "yes",
                "yes",
                "yes",
                "yes",
                "yes",
                "yes",
                "yes",
                "yes",
                "yes",
                "yes"
            ]
        ],
        "logprob_matrices": [
            [
                [
                    -5.1875,
                    -5.1875,
                    -5.1875,
                    -5.1875,
                    -5.1875,
                    -5.1875,
                    -5.1875,
                    -5.1875,
                    -5.1875,
                    -5.1875,
                    -5.1875
                ],
                [
                    -5.8125,
                    -5.8125,
                    -5.8125,
                    -5.8125,
                    -5.8125,
                    -5.8125,
                    -5.8125,
                    -5.8125,
                    -5.8125,
                    -5.8125,
                    -5.8125
                ],
                [
                    -4.6875,
                    -4.6875,
                    -4.6875,
                    -4.6875,
                    -4.6875,
                    -4.6875,
                    -4.6875,
                    -4.6875,
                    -4.6875,
                    -4.6875,
                    -4.6875
                ],
                [
                    -5.46875,
                    -5.46875,
                    -5.46875,
                    -5.46875,
                    -5.46875,
                    -5.46875,
                    -5.46875,
                    -5.46875,
                    -5.46875,
                    -5.46875,
                    -5.46875
                ],
                [
                    -5.46875,
                    -5.46875,
                    -5.46875,
                    -5.46875,
                    -5.46875,
                    -5.46875,
                    -5.46875,
                    -5.46875,
                    -5.46875,
                    -5.46875,
                    -5.46875
                ],
                [
                    -3.671875,
                    -3.671875,
                    -3.671875,
                    -3.671875,
                    -3.671875,
                    -3.671875,
                    -3.671875,
                    -3.671875,
                    -3.671875,
                    -3.671875,
                    -3.671875
                ],
                [
                    -5.59375,
                    -5.59375,
                    -5.59375,
                    -5.59375,
                    -5.59375,
                    -5.59375,
                    -5.59375,
                    -5.59375,
                    -5.59375,
                    -5.59375,
                    -5.59375
                ],
                [
                    -5.625,
                    -5.625,
                    -5.625,
                    -5.625,
                    -5.625,
                    -5.625,
                    -5.625,
                    -5.625,
                    -5.625,
                    -5.625,
                    -5.625
                ],
                [
                    -5.3125,
                    -5.3125,
                    -5.3125,
                    -5.3125,
                    -5.3125,
                    -5.3125,
                    -5.3125,
                    -5.3125,
                    -5.3125,
                    -5.3125,
                    -5.3125
                ],
                [
                    -5.84375,
                    -5.84375,
                    -5.84375,
                    -5.84375,
                    -5.84375,
                    -5.84375,
                    -5.84375,
                    -5.84375,
                    -5.84375,
                    -5.84375,
                    -5.84375
                ],
                [
                    -3.15625,
                    -3.15625,
                    -3.15625,
                    -3.15625,
                    -3.15625,
                    -3.15625,
                    -3.15625,
                    -3.15625,
                    -3.15625,
                    -3.15625,
                    -3.15625
                ]
            ]
        ],
        "prompt_sensitivities": [
            0.0
        ],
        "posix": 0.0
    }
}