{
    "file_name": "question_342_variants.json",
    "overall_posix": 1.158806818181818,
    "detailed_scores": [
        {
            "Variation 1": 0.0,
            "Variation 2": 0.0,
            "Variation 3": 2.8125,
            "Variation 4": 2.8125,
            "Variation 5": 0.0,
            "Variation 6": 0.0,
            "Variation 7": 2.8125,
            "Variation 8": 2.8125,
            "Variation 9": 2.8125,
            "Variation 10": 0.0
        }
    ],
    "trace": {
        "prompts": [
            "Is the chest X-ray indicative of any acute cardiopulmonary disease? Please choose from the following two options: [yes, no]\n<image>"
        ],
        "responses": [
            [
                "no",
                "no",
                "no",
                "yes",
                "yes",
                "no",
                "no",
                "yes",
                "yes",
                "yes",
                "no"
            ]
        ],
        "logprob_matrices": [
            [
                [
                    -8.5,
                    -8.5,
                    -8.5,
                    -5.6875,
                    -5.6875,
                    -8.5,
                    -8.5,
                    -5.6875,
                    -5.6875,
                    -5.6875,
                    -8.5
                ],
                [
                    -4.71875,
                    -4.71875,
                    -4.71875,
                    -6.65625,
                    -6.65625,
                    -4.71875,
                    -4.71875,
                    -6.65625,
                    -6.65625,
                    -6.65625,
                    -4.71875
                ],
                [
                    -8.5,
                    -8.5,
                    -8.5,
                    -5.84375,
                    -5.84375,
                    -8.5,
                    -8.5,
                    -5.84375,
                    -5.84375,
                    -5.84375,
                    -8.5
                ],
                [
                    -6.125,
                    -6.125,
                    -6.125,
                    -4.3125,
                    -4.3125,
                    -6.125,
                    -6.125,
                    -4.3125,
                    -4.3125,
                    -4.3125,
                    -6.125
                ],
                [
                    -8.0,
                    -8.0,
                    -8.0,
                    -5.6875,
                    -5.6875,
                    -8.0,
                    -8.0,
                    -5.6875,
                    -5.6875,
                    -5.6875,
                    -8.0
                ],
                [
                    -4.28125,
                    -4.28125,
                    -4.28125,
                    -6.59375,
                    -6.59375,
                    -4.28125,
                    -4.28125,
                    -6.59375,
                    -6.59375,
                    -6.59375,
                    -4.28125
                ],
                [
                    -7.875,
                    -7.875,
                    -7.875,
                    -5.5625,
                    -5.5625,
                    -7.875,
                    -7.875,
                    -5.5625,
                    -5.5625,
                    -5.5625,
                    -7.875
                ],
                [
                    -8.0,
                    -8.0,
                    -8.0,
                    -6.5625,
                    -6.5625,
                    -8.0,
                    -8.0,
                    -6.5625,
                    -6.5625,
                    -6.5625,
                    -8.0
                ],
                [
                    -8.4375,
                    -8.4375,
                    -8.4375,
                    -5.84375,
                    -5.84375,
                    -8.4375,
                    -8.4375,
                    -5.84375,
                    -5.84375,
                    -5.84375,
                    -8.4375
                ],
                [
                    -5.59375,
                    -5.59375,
                    -5.59375,
                    -4.09375,
                    -4.09375,
                    -5.59375,
                    -5.59375,
                    -4.09375,
                    -4.09375,
                    -4.09375,
                    -5.59375
                ],
                [
                    -7.15625,
                    -7.15625,
                    -7.15625,
                    -5.28125,
                    -5.28125,
                    -7.15625,
                    -7.15625,
                    -5.28125,
                    -5.28125,
                    -5.28125,
                    -7.15625
                ]
            ]
        ],
        "prompt_sensitivities": [
            1.158806818181818
        ],
        "posix": 1.158806818181818
    }
}