{
    "file_name": "question_185_variants.json",
    "overall_posix": 0.0,
    "detailed_scores": [
        {
            "Variation 1": 0.0,
            "Variation 2": 0.0,
            "Variation 3": 0.0,
            "Variation 4": 0.0,
            "Variation 5": 0.0,
            "Variation 6": 0.0,
            "Variation 7": 0.0,
            "Variation 8": 0.0,
            "Variation 9": 0.0,
            "Variation 10": 0.0
        }
    ],
    "trace": {
        "prompts": [
            "Does the frontal view of the chest X-ray indicate low lung volumes? Please choose from the following two options: [yes, no]\n<image>"
        ],
        "responses": [
            [
                "yes",
                "yes",
                "yes",
                "yes",
                "yes",
                "yes",
                "yes",
                "yes",
                "yes",
                "yes",
                "yes"
            ]
        ],
        "logprob_matrices": [
            [
                [
                    -8.125,
                    -8.125,
                    -8.125,
                    -8.125,
                    -8.125,
                    -8.125,
                    -8.125,
                    -8.125,
                    -8.125,
                    -8.125,
                    -8.125
                ],
                [
                    -7.6875,
                    -7.6875,
                    -7.6875,
                    -7.6875,
                    -7.6875,
                    -7.6875,
                    -7.6875,
                    -7.6875,
                    -7.6875,
                    -7.6875,
                    -7.6875
                ],
                [
                    -9.1875,
                    -9.1875,
                    -9.1875,
                    -9.1875,
                    -9.1875,
                    -9.1875,
                    -9.1875,
                    -9.1875,
                    -9.1875,
                    -9.1875,
                    -9.1875
                ],
                [
                    -7.15625,
                    -7.15625,
                    -7.15625,
                    -7.15625,
                    -7.15625,
                    -7.15625,
                    -7.15625,
                    -7.15625,
                    -7.15625,
                    -7.15625,
                    -7.15625
                ],
                [
                    -8.0625,
                    -8.0625,
                    -8.0625,
                    -8.0625,
                    -8.0625,
                    -8.0625,
                    -8.0625,
                    -8.0625,
                    -8.0625,
                    -8.0625,
                    -8.0625
                ],
                [
                    -7.0,
                    -7.0,
                    -7.0,
                    -7.0,
                    -7.0,
                    -7.0,
                    -7.0,
                    -7.0,
                    -7.0,
                    -7.0,
                    -7.0
                ],
                [
                    -7.6875,
                    -7.6875,
                    -7.6875,
                    -7.6875,
                    -7.6875,
                    -7.6875,
                    -7.6875,
                    -7.6875,
                    -7.6875,
                    -7.6875,
                    -7.6875
                ],
                [
                    -6.6875,
                    -6.6875,
                    -6.6875,
                    -6.6875,
                    -6.6875,
                    -6.6875,
                    -6.6875,
                    -6.6875,
                    -6.6875,
                    -6.6875,
                    -6.6875
                ],
                [
                    -6.3125,
                    -6.3125,
                    -6.3125,
                    -6.3125,
                    -6.3125,
                    -6.3125,
                    -6.3125,
                    -6.3125,
                    -6.3125,
                    -6.3125,
                    -6.3125
                ],
                [
                    -6.6875,
                    -6.6875,
                    -6.6875,
                    -6.6875,
                    -6.6875,
                    -6.6875,
                    -6.6875,
                    -6.6875,
                    -6.6875,
                    -6.6875,
                    -6.6875
                ],
                [
                    -8.125,
                    -8.125,
                    -8.125,
                    -8.125,
                    -8.125,
                    -8.125,
                    -8.125,
                    -8.125,
                    -8.125,
                    -8.125,
                    -8.125
                ]
            ]
        ],
        "prompt_sensitivities": [
            0.0
        ],
        "posix": 0.0
    }
}