{
    "file_name": "question_149_variants.json",
    "overall_posix": 1.1301136363636364,
    "detailed_scores": [
        {
            "Variation 1": 3.125,
            "Variation 2": 0.0,
            "Variation 3": 0.0,
            "Variation 4": 3.125,
            "Variation 5": 3.125,
            "Variation 6": 3.125,
            "Variation 7": 3.125,
            "Variation 8": 0.0,
            "Variation 9": 3.125,
            "Variation 10": 0.0
        }
    ],
    "trace": {
        "prompts": [
            "Does the chest X-ray show any signs of focal consolidation? Please choose from the following two options: [yes, no]\n<image>"
        ],
        "responses": [
            [
                "no",
                "yes",
                "no",
                "no",
                "yes",
                "yes",
                "yes",
                "yes",
                "no",
                "yes",
                "no"
            ]
        ],
        "logprob_matrices": [
            [
                [
                    -9.8125,
                    -6.6875,
                    -9.8125,
                    -9.8125,
                    -6.6875,
                    -6.6875,
                    -6.6875,
                    -6.6875,
                    -9.8125,
                    -6.6875,
                    -9.8125
                ],
                [
                    -8.3125,
                    -6.0,
                    -8.3125,
                    -8.3125,
                    -6.0,
                    -6.0,
                    -6.0,
                    -6.0,
                    -8.3125,
                    -6.0,
                    -8.3125
                ],
                [
                    -8.5,
                    -6.21875,
                    -8.5,
                    -8.5,
                    -6.21875,
                    -6.21875,
                    -6.21875,
                    -6.21875,
                    -8.5,
                    -6.21875,
                    -8.5
                ],
                [
                    -9.4375,
                    -6.96875,
                    -9.4375,
                    -9.4375,
                    -6.96875,
                    -6.96875,
                    -6.96875,
                    -6.96875,
                    -9.4375,
                    -6.96875,
                    -9.4375
                ],
                [
                    -8.8125,
                    -6.53125,
                    -8.8125,
                    -8.8125,
                    -6.53125,
                    -6.53125,
                    -6.53125,
                    -6.53125,
                    -8.8125,
                    -6.53125,
                    -8.8125
                ],
                [
                    -8.5625,
                    -6.15625,
                    -8.5625,
                    -8.5625,
                    -6.15625,
                    -6.15625,
                    -6.15625,
                    -6.15625,
                    -8.5625,
                    -6.15625,
                    -8.5625
                ],
                [
                    -8.875,
                    -6.5,
                    -8.875,
                    -8.875,
                    -6.5,
                    -6.5,
                    -6.5,
                    -6.5,
                    -8.875,
                    -6.5,
                    -8.875
                ],
                [
                    -8.8125,
                    -6.5,
                    -8.8125,
                    -8.8125,
                    -6.5,
                    -6.5,
                    -6.5,
                    -6.5,
                    -8.8125,
                    -6.5,
                    -8.8125
                ],
                [
                    -7.0,
                    -7.0625,
                    -7.0,
                    -7.0,
                    -7.0625,
                    -7.0625,
                    -7.0625,
                    -7.0625,
                    -7.0,
                    -7.0625,
                    -7.0
                ],
                [
                    -8.0625,
                    -6.0625,
                    -8.0625,
                    -8.0625,
                    -6.0625,
                    -6.0625,
                    -6.0625,
                    -6.0625,
                    -8.0625,
                    -6.0625,
                    -8.0625
                ],
                [
                    -7.28125,
                    -5.90625,
                    -7.28125,
                    -7.28125,
                    -5.90625,
                    -5.90625,
                    -5.90625,
                    -5.90625,
                    -7.28125,
                    -5.90625,
                    -7.28125
                ]
            ]
        ],
        "prompt_sensitivities": [
            1.1301136363636364
        ],
        "posix": 1.1301136363636364
    }
}