{
    "file_name": "question_192_variants.json",
    "overall_posix": 0.18295454545454545,
    "detailed_scores": [
        {
            "Variation 1": 0.0,
            "Variation 2": 0.0,
            "Variation 3": 0.0,
            "Variation 4": 0.0,
            "Variation 5": 0.625,
            "Variation 6": 0.0,
            "Variation 7": 0.0,
            "Variation 8": 0.0,
            "Variation 9": 0.0,
            "Variation 10": 0.0
        }
    ],
    "trace": {
        "prompts": [
            "Do the lungs appear to be fully expanded? Please choose from the following two options: [yes, no]\n<image>"
        ],
        "responses": [
            [
                "no",
                "no",
                "no",
                "no",
                "no",
                "yes",
                "no",
                "no",
                "no",
                "no",
                "no"
            ]
        ],
        "logprob_matrices": [
            [
                [
                    -6.5,
                    -6.5,
                    -6.5,
                    -6.5,
                    -6.5,
                    -5.875,
                    -6.5,
                    -6.5,
                    -6.5,
                    -6.5,
                    -6.5
                ],
                [
                    -5.28125,
                    -5.28125,
                    -5.28125,
                    -5.28125,
                    -5.28125,
                    -4.65625,
                    -5.28125,
                    -5.28125,
                    -5.28125,
                    -5.28125,
                    -5.28125
                ],
                [
                    -5.75,
                    -5.75,
                    -5.75,
                    -5.75,
                    -5.75,
                    -5.25,
                    -5.75,
                    -5.75,
                    -5.75,
                    -5.75,
                    -5.75
                ],
                [
                    -5.78125,
                    -5.78125,
                    -5.78125,
                    -5.78125,
                    -5.78125,
                    -5.15625,
                    -5.78125,
                    -5.78125,
                    -5.78125,
                    -5.78125,
                    -5.78125
                ],
                [
                    -4.375,
                    -4.375,
                    -4.375,
                    -4.375,
                    -4.375,
                    -4.4375,
                    -4.375,
                    -4.375,
                    -4.375,
                    -4.375,
                    -4.375
                ],
                [
                    -5.96875,
                    -5.96875,
                    -5.96875,
                    -5.96875,
                    -5.96875,
                    -4.53125,
                    -5.96875,
                    -5.96875,
                    -5.96875,
                    -5.96875,
                    -5.96875
                ],
                [
                    -7.03125,
                    -7.03125,
                    -7.03125,
                    -7.03125,
                    -7.03125,
                    -6.78125,
                    -7.03125,
                    -7.03125,
                    -7.03125,
                    -7.03125,
                    -7.03125
                ],
                [
                    -4.6875,
                    -4.6875,
                    -4.6875,
                    -4.6875,
                    -4.6875,
                    -4.125,
                    -4.6875,
                    -4.6875,
                    -4.6875,
                    -4.6875,
                    -4.6875
                ],
                [
                    -5.5625,
                    -5.5625,
                    -5.5625,
                    -5.5625,
                    -5.5625,
                    -4.6875,
                    -5.5625,
                    -5.5625,
                    -5.5625,
                    -5.5625,
                    -5.5625
                ],
                [
                    -6.03125,
                    -6.03125,
                    -6.03125,
                    -6.03125,
                    -6.03125,
                    -4.65625,
                    -6.03125,
                    -6.03125,
                    -6.03125,
                    -6.03125,
                    -6.03125
                ],
                [
                    -5.84375,
                    -5.84375,
                    -5.84375,
                    -5.84375,
                    -5.84375,
                    -6.09375,
                    -5.84375,
                    -5.84375,
                    -5.84375,
                    -5.84375,
                    -5.84375
                ]
            ]
        ],
        "prompt_sensitivities": [
            0.18295454545454545
        ],
        "posix": 0.18295454545454545
    }
}