{
    "file_name": "question_10_variants.json",
    "overall_posix": 1.1144886363636364,
    "detailed_scores": [
        {
            "Variation 1": 0.0,
            "Variation 2": 0.0,
            "Variation 3": 0.0,
            "Variation 4": 2.46875,
            "Variation 5": 0.0,
            "Variation 6": 0.0,
            "Variation 7": 2.46875,
            "Variation 8": 0.0,
            "Variation 9": 0.0,
            "Variation 10": 2.8125
        }
    ],
    "trace": {
        "prompts": [
            "Can any lung nodules or masses be identified in the patient's chest X-ray? Please choose from the following two options: [yes, no]\n<image>"
        ],
        "responses": [
            [
                "no",
                "no",
                "no",
                "no",
                "yes",
                "no",
                "no",
                "yes",
                "no",
                "no",
                "No"
            ]
        ],
        "logprob_matrices": [
            [
                [
                    -8.5625,
                    -8.5625,
                    -8.5625,
                    -8.5625,
                    -6.09375,
                    -8.5625,
                    -8.5625,
                    -6.09375,
                    -8.5625,
                    -8.5625,
                    -11.375
                ],
                [
                    -9.5625,
                    -9.5625,
                    -9.5625,
                    -9.5625,
                    -7.4375,
                    -9.5625,
                    -9.5625,
                    -7.4375,
                    -9.5625,
                    -9.5625,
                    -12.8125
                ],
                [
                    -6.1875,
                    -6.1875,
                    -6.1875,
                    -6.1875,
                    -4.0,
                    -6.1875,
                    -6.1875,
                    -4.0,
                    -6.1875,
                    -6.1875,
                    -9.1875
                ],
                [
                    -8.125,
                    -8.125,
                    -8.125,
                    -8.125,
                    -6.3125,
                    -8.125,
                    -8.125,
                    -6.3125,
                    -8.125,
                    -8.125,
                    -11.375
                ],
                [
                    -8.4375,
                    -8.4375,
                    -8.4375,
                    -8.4375,
                    -6.25,
                    -8.4375,
                    -8.4375,
                    -6.25,
                    -8.4375,
                    -8.4375,
                    -10.9375
                ],
                [
                    -5.40625,
                    -5.40625,
                    -5.40625,
                    -5.40625,
                    -4.09375,
                    -5.40625,
                    -5.40625,
                    -4.09375,
                    -5.40625,
                    -5.40625,
                    -9.9375
                ],
                [
                    -8.625,
                    -8.625,
                    -8.625,
                    -8.625,
                    -6.4375,
                    -8.625,
                    -8.625,
                    -6.4375,
                    -8.625,
                    -8.625,
                    -11.9375
                ],
                [
                    -7.6875,
                    -7.6875,
                    -7.6875,
                    -7.6875,
                    -5.625,
                    -7.6875,
                    -7.6875,
                    -5.625,
                    -7.6875,
                    -7.6875,
                    -11.1875
                ],
                [
                    -8.5625,
                    -8.5625,
                    -8.5625,
                    -8.5625,
                    -7.09375,
                    -8.5625,
                    -8.5625,
                    -7.09375,
                    -8.5625,
                    -8.5625,
                    -12.75
                ],
                [
                    -8.4375,
                    -8.4375,
                    -8.4375,
                    -8.4375,
                    -6.40625,
                    -8.4375,
                    -8.4375,
                    -6.40625,
                    -8.4375,
                    -8.4375,
                    -11.5625
                ],
                [
                    -6.21875,
                    -6.21875,
                    -6.21875,
                    -6.21875,
                    -7.46875,
                    -6.21875,
                    -6.21875,
                    -7.46875,
                    -6.21875,
                    -6.21875,
                    -8.4375
                ]
            ]
        ],
        "prompt_sensitivities": [
            1.1144886363636364
        ],
        "posix": 1.1144886363636364
    }
}