{
    "file_name": "question_8_variants.json",
    "overall_posix": 0.33181818181818185,
    "detailed_scores": [
        {
            "Variation 1": 0.4375,
            "Variation 2": 0.0,
            "Variation 3": 0.4375,
            "Variation 4": 0.0,
            "Variation 5": 0.4375,
            "Variation 6": 0.4375,
            "Variation 7": 0.0,
            "Variation 8": 0.4375,
            "Variation 9": 0.0,
            "Variation 10": 0.4375
        }
    ],
    "trace": {
        "prompts": [
            "Is there a need for immediate intervention based on heart or lung findings on this X-ray? Please choose from the following two options: [yes, no]\n<image>"
        ],
        "responses": [
            [
                "Yes",
                "yes",
                "Yes",
                "yes",
                "Yes",
                "yes",
                "yes",
                "Yes",
                "yes",
                "Yes",
                "yes"
            ]
        ],
        "logprob_matrices": [
            [
                [
                    -6.8125,
                    -6.375,
                    -6.8125,
                    -6.375,
                    -6.8125,
                    -6.375,
                    -6.375,
                    -6.8125,
                    -6.375,
                    -6.8125,
                    -6.375
                ],
                [
                    -6.5625,
                    -5.6875,
                    -6.5625,
                    -5.6875,
                    -6.5625,
                    -5.6875,
                    -5.6875,
                    -6.5625,
                    -5.6875,
                    -6.5625,
                    -5.6875
                ],
                [
                    -6.375,
                    -6.375,
                    -6.375,
                    -6.375,
                    -6.375,
                    -6.375,
                    -6.375,
                    -6.375,
                    -6.375,
                    -6.375,
                    -6.375
                ],
                [
                    -6.21875,
                    -5.59375,
                    -6.21875,
                    -5.59375,
                    -6.21875,
                    -5.59375,
                    -5.59375,
                    -6.21875,
                    -5.59375,
                    -6.21875,
                    -5.59375
                ],
                [
                    -6.53125,
                    -5.53125,
                    -6.53125,
                    -5.53125,
                    -6.53125,
                    -5.53125,
                    -5.53125,
                    -6.53125,
                    -5.53125,
                    -6.53125,
                    -5.53125
                ],
                [
                    -7.125,
                    -6.75,
                    -7.125,
                    -6.75,
                    -7.125,
                    -6.75,
                    -6.75,
                    -7.125,
                    -6.75,
                    -7.125,
                    -6.75
                ],
                [
                    -6.28125,
                    -5.59375,
                    -6.28125,
                    -5.59375,
                    -6.28125,
                    -5.59375,
                    -5.59375,
                    -6.28125,
                    -5.59375,
                    -6.28125,
                    -5.59375
                ],
                [
                    -6.71875,
                    -6.21875,
                    -6.71875,
                    -6.21875,
                    -6.71875,
                    -6.21875,
                    -6.21875,
                    -6.71875,
                    -6.21875,
                    -6.71875,
                    -6.21875
                ],
                [
                    -6.78125,
                    -6.09375,
                    -6.78125,
                    -6.09375,
                    -6.78125,
                    -6.09375,
                    -6.09375,
                    -6.78125,
                    -6.09375,
                    -6.78125,
                    -6.09375
                ],
                [
                    -5.65625,
                    -5.15625,
                    -5.65625,
                    -5.15625,
                    -5.65625,
                    -5.15625,
                    -5.15625,
                    -5.65625,
                    -5.15625,
                    -5.65625,
                    -5.15625
                ],
                [
                    -6.5625,
                    -5.4375,
                    -6.5625,
                    -5.4375,
                    -6.5625,
                    -5.4375,
                    -5.4375,
                    -6.5625,
                    -5.4375,
                    -6.5625,
                    -5.4375
                ]
            ]
        ],
        "prompt_sensitivities": [
            0.33181818181818185
        ],
        "posix": 0.33181818181818185
    }
}