{
    "file_name": "question_278_variants.json",
    "overall_posix": 0.10625,
    "detailed_scores": [
        {
            "Variation 1": 0.0,
            "Variation 2": 0.0,
            "Variation 3": 0.0,
            "Variation 4": 0.0,
            "Variation 5": 0.0,
            "Variation 6": 0.6875,
            "Variation 7": 0.0,
            "Variation 8": 0.0,
            "Variation 9": 0.0,
            "Variation 10": 0.0
        }
    ],
    "trace": {
        "prompts": [
            "Does the patient have an enlarged cardiomediastinal silhouette? Please choose from the following two options: [yes, no]\n<image>"
        ],
        "responses": [
            [
                "yes",
                "yes",
                "yes",
                "yes",
                "yes",
                "yes",
                "Yes",
                "yes",
                "yes",
                "yes",
                "yes"
            ]
        ],
        "logprob_matrices": [
            [
                [
                    -6.5625,
                    -6.5625,
                    -6.5625,
                    -6.5625,
                    -6.5625,
                    -6.5625,
                    -5.875,
                    -6.5625,
                    -6.5625,
                    -6.5625,
                    -6.5625
                ],
                [
                    -7.875,
                    -7.875,
                    -7.875,
                    -7.875,
                    -7.875,
                    -7.875,
                    -6.75,
                    -7.875,
                    -7.875,
                    -7.875,
                    -7.875
                ],
                [
                    -6.8125,
                    -6.8125,
                    -6.8125,
                    -6.8125,
                    -6.8125,
                    -6.8125,
                    -5.9375,
                    -6.8125,
                    -6.8125,
                    -6.8125,
                    -6.8125
                ],
                [
                    -7.28125,
                    -7.28125,
                    -7.28125,
                    -7.28125,
                    -7.28125,
                    -7.28125,
                    -6.59375,
                    -7.28125,
                    -7.28125,
                    -7.28125,
                    -7.28125
                ],
                [
                    -7.21875,
                    -7.21875,
                    -7.21875,
                    -7.21875,
                    -7.21875,
                    -7.21875,
                    -7.46875,
                    -7.21875,
                    -7.21875,
                    -7.21875,
                    -7.21875
                ],
                [
                    -5.96875,
                    -5.96875,
                    -5.96875,
                    -5.96875,
                    -5.96875,
                    -5.96875,
                    -5.84375,
                    -5.96875,
                    -5.96875,
                    -5.96875,
                    -5.96875
                ],
                [
                    -6.8125,
                    -6.8125,
                    -6.8125,
                    -6.8125,
                    -6.8125,
                    -6.8125,
                    -7.4375,
                    -6.8125,
                    -6.8125,
                    -6.8125,
                    -6.8125
                ],
                [
                    -6.71875,
                    -6.71875,
                    -6.71875,
                    -6.71875,
                    -6.71875,
                    -6.71875,
                    -5.90625,
                    -6.71875,
                    -6.71875,
                    -6.71875,
                    -6.71875
                ],
                [
                    -7.46875,
                    -7.46875,
                    -7.46875,
                    -7.46875,
                    -7.46875,
                    -7.46875,
                    -7.53125,
                    -7.46875,
                    -7.46875,
                    -7.46875,
                    -7.46875
                ],
                [
                    -7.09375,
                    -7.09375,
                    -7.09375,
                    -7.09375,
                    -7.09375,
                    -7.09375,
                    -6.53125,
                    -7.09375,
                    -7.09375,
                    -7.09375,
                    -7.09375
                ],
                [
                    -7.71875,
                    -7.71875,
                    -7.71875,
                    -7.71875,
                    -7.71875,
                    -7.71875,
                    -7.46875,
                    -7.71875,
                    -7.71875,
                    -7.71875,
                    -7.71875
                ]
            ]
        ],
        "prompt_sensitivities": [
            0.10625
        ],
        "posix": 0.10625
    }
}