{
    "file_name": "question_241_variants.json",
    "overall_posix": 0.0,
    "detailed_scores": [
        {
            "Variation 1": 0.0,
            "Variation 2": 0.0,
            "Variation 3": 0.0,
            "Variation 4": 0.0,
            "Variation 5": 0.0,
            "Variation 6": 0.0,
            "Variation 7": 0.0,
            "Variation 8": 0.0,
            "Variation 9": 0.0,
            "Variation 10": 0.0
        }
    ],
    "trace": {
        "prompts": [
            "Are there any abnormalities in the mediastinum as seen on the chest X-ray? Please choose from the following two options: [yes, no]\n<image>"
        ],
        "responses": [
            [
                "yes",
                "yes",
                "yes",
                "yes",
                "yes",
                "yes",
                "yes",
                "yes",
                "yes",
                "yes",
                "yes"
            ]
        ],
        "logprob_matrices": [
            [
                [
                    -6.75,
                    -6.75,
                    -6.75,
                    -6.75,
                    -6.75,
                    -6.75,
                    -6.75,
                    -6.75,
                    -6.75,
                    -6.75,
                    -6.75
                ],
                [
                    -4.84375,
                    -4.84375,
                    -4.84375,
                    -4.84375,
                    -4.84375,
                    -4.84375,
                    -4.84375,
                    -4.84375,
                    -4.84375,
                    -4.84375,
                    -4.84375
                ],
                [
                    -6.0,
                    -6.0,
                    -6.0,
                    -6.0,
                    -6.0,
                    -6.0,
                    -6.0,
                    -6.0,
                    -6.0,
                    -6.0,
                    -6.0
                ],
                [
                    -4.25,
                    -4.25,
                    -4.25,
                    -4.25,
                    -4.25,
                    -4.25,
                    -4.25,
                    -4.25,
                    -4.25,
                    -4.25,
                    -4.25
                ],
                [
                    -5.90625,
                    -5.90625,
                    -5.90625,
                    -5.90625,
                    -5.90625,
                    -5.90625,
                    -5.90625,
                    -5.90625,
                    -5.90625,
                    -5.90625,
                    -5.90625
                ],
                [
                    -5.0625,
                    -5.0625,
                    -5.0625,
                    -5.0625,
                    -5.0625,
                    -5.0625,
                    -5.0625,
                    -5.0625,
                    -5.0625,
                    -5.0625,
                    -5.0625
                ],
                [
                    -7.03125,
                    -7.03125,
                    -7.03125,
                    -7.03125,
                    -7.03125,
                    -7.03125,
                    -7.03125,
                    -7.03125,
                    -7.03125,
                    -7.03125,
                    -7.03125
                ],
                [
                    -6.875,
                    -6.875,
                    -6.875,
                    -6.875,
                    -6.875,
                    -6.875,
                    -6.875,
                    -6.875,
                    -6.875,
                    -6.875,
                    -6.875
                ],
                [
                    -6.09375,
                    -6.09375,
                    -6.09375,
                    -6.09375,
                    -6.09375,
                    -6.09375,
                    -6.09375,
                    -6.09375,
                    -6.09375,
                    -6.09375,
                    -6.09375
                ],
                [
                    -4.40625,
                    -4.40625,
                    -4.40625,
                    -4.40625,
                    -4.40625,
                    -4.40625,
                    -4.40625,
                    -4.40625,
                    -4.40625,
                    -4.40625,
                    -4.40625
                ],
                [
                    -4.34375,
                    -4.34375,
                    -4.34375,
                    -4.34375,
                    -4.34375,
                    -4.34375,
                    -4.34375,
                    -4.34375,
                    -4.34375,
                    -4.34375,
                    -4.34375
                ]
            ]
        ],
        "prompt_sensitivities": [
            0.0
        ],
        "posix": 0.0
    }
}