{
    "file_name": "question_173_variants.json",
    "overall_posix": 0.6713778409090909,
    "detailed_scores": [
        {
            "Variation 1": 0.0,
            "Variation 2": 0.0,
            "Variation 3": 1.2578125,
            "Variation 4": 0.0,
            "Variation 5": 0.0,
            "Variation 6": 0.0,
            "Variation 7": 0.0,
            "Variation 8": 0.0,
            "Variation 9": 1.2578125,
            "Variation 10": 0.0
        }
    ],
    "trace": {
        "prompts": [
            "Does the chest X-ray suggest any current lung infection? Please choose from the following two options: [yes, no]\n<image>"
        ],
        "responses": [
            [
                "yes",
                "yes",
                "yes",
                "Yes.",
                "yes",
                "yes",
                "yes",
                "yes",
                "yes",
                "Yes.",
                "yes"
            ]
        ],
        "logprob_matrices": [
            [
                [
                    -8.125,
                    -8.125,
                    -8.125,
                    -10.640625,
                    -8.125,
                    -8.125,
                    -8.125,
                    -8.125,
                    -8.125,
                    -10.640625,
                    -8.125
                ],
                [
                    -9.25,
                    -9.25,
                    -9.25,
                    -10.609375,
                    -9.25,
                    -9.25,
                    -9.25,
                    -9.25,
                    -9.25,
                    -10.609375,
                    -9.25
                ],
                [
                    -5.9375,
                    -5.9375,
                    -5.9375,
                    -9.359375,
                    -5.9375,
                    -5.9375,
                    -5.9375,
                    -5.9375,
                    -5.9375,
                    -9.359375,
                    -5.9375
                ],
                [
                    -7.5,
                    -7.5,
                    -7.5,
                    -10.21875,
                    -7.5,
                    -7.5,
                    -7.5,
                    -7.5,
                    -7.5,
                    -10.21875,
                    -7.5
                ],
                [
                    -8.1875,
                    -8.1875,
                    -8.1875,
                    -10.46875,
                    -8.1875,
                    -8.1875,
                    -8.1875,
                    -8.1875,
                    -8.1875,
                    -10.46875,
                    -8.1875
                ],
                [
                    -7.5625,
                    -7.5625,
                    -7.5625,
                    -10.765625,
                    -7.5625,
                    -7.5625,
                    -7.5625,
                    -7.5625,
                    -7.5625,
                    -10.765625,
                    -7.5625
                ],
                [
                    -7.125,
                    -7.125,
                    -7.125,
                    -9.046875,
                    -7.125,
                    -7.125,
                    -7.125,
                    -7.125,
                    -7.125,
                    -9.046875,
                    -7.125
                ],
                [
                    -7.4375,
                    -7.4375,
                    -7.4375,
                    -11.71875,
                    -7.4375,
                    -7.4375,
                    -7.4375,
                    -7.4375,
                    -7.4375,
                    -11.71875,
                    -7.4375
                ],
                [
                    -8.0,
                    -8.0,
                    -8.0,
                    -8.5078125,
                    -8.0,
                    -8.0,
                    -8.0,
                    -8.0,
                    -8.0,
                    -8.5078125,
                    -8.0
                ],
                [
                    -7.09375,
                    -7.09375,
                    -7.09375,
                    -10.140625,
                    -7.09375,
                    -7.09375,
                    -7.09375,
                    -7.09375,
                    -7.09375,
                    -10.140625,
                    -7.09375
                ],
                [
                    -5.96875,
                    -5.96875,
                    -5.96875,
                    -8.4375,
                    -5.96875,
                    -5.96875,
                    -5.96875,
                    -5.96875,
                    -5.96875,
                    -8.4375,
                    -5.96875
                ]
            ]
        ],
        "prompt_sensitivities": [
            0.6713778409090909
        ],
        "posix": 0.6713778409090909
    }
}