{
    "file_name": "question_50_variants.json",
    "overall_posix": 1.4952769886363637,
    "detailed_scores": [
        {
            "Variation 1": 0.40625,
            "Variation 2": 4.09375,
            "Variation 3": 0.0,
            "Variation 4": 0.0,
            "Variation 5": 0.40625,
            "Variation 6": 0.87109375,
            "Variation 7": 4.09375,
            "Variation 8": 4.09375,
            "Variation 9": 0.40625,
            "Variation 10": 0.40625
        }
    ],
    "trace": {
        "prompts": [
            "Is the cardiac silhouette within normal limits on the X-ray? Please choose from the following two options: [yes, no]\n<image>"
        ],
        "responses": [
            [
                "yes",
                "Yes",
                "No",
                "yes",
                "yes",
                "Yes",
                "Yes.",
                "No",
                "No",
                "Yes",
                "Yes"
            ]
        ],
        "logprob_matrices": [
            [
                [
                    -7.71875,
                    -8.125,
                    -11.8125,
                    -7.71875,
                    -7.71875,
                    -8.125,
                    -9.4609375,
                    -11.8125,
                    -11.8125,
                    -8.125,
                    -8.125
                ],
                [
                    -6.875,
                    -6.75,
                    -9.9375,
                    -6.875,
                    -6.875,
                    -6.75,
                    -9.90625,
                    -9.9375,
                    -9.9375,
                    -6.75,
                    -6.75
                ],
                [
                    -7.4375,
                    -5.25,
                    -9.0,
                    -7.4375,
                    -7.4375,
                    -5.25,
                    -8.53125,
                    -9.0,
                    -9.0,
                    -5.25,
                    -5.25
                ],
                [
                    -9.8125,
                    -7.0625,
                    -10.3125,
                    -9.8125,
                    -9.8125,
                    -7.0625,
                    -9.234375,
                    -10.3125,
                    -10.3125,
                    -7.0625,
                    -7.0625
                ],
                [
                    -7.09375,
                    -7.09375,
                    -9.6875,
                    -7.09375,
                    -7.09375,
                    -7.09375,
                    -9.3125,
                    -9.6875,
                    -9.6875,
                    -7.09375,
                    -7.09375
                ],
                [
                    -6.71875,
                    -5.84375,
                    -9.4375,
                    -6.71875,
                    -6.71875,
                    -5.84375,
                    -8.09375,
                    -9.4375,
                    -9.4375,
                    -5.84375,
                    -5.84375
                ],
                [
                    -9.375,
                    -6.71875,
                    -8.5,
                    -9.375,
                    -9.375,
                    -6.71875,
                    -8.078125,
                    -8.5,
                    -8.5,
                    -6.71875,
                    -6.71875
                ],
                [
                    -8.125,
                    -5.78125,
                    -9.4375,
                    -8.125,
                    -8.125,
                    -5.78125,
                    -8.75,
                    -9.4375,
                    -9.4375,
                    -5.78125,
                    -5.78125
                ],
                [
                    -7.15625,
                    -5.78125,
                    -9.5625,
                    -7.15625,
                    -7.15625,
                    -5.78125,
                    -8.515625,
                    -9.5625,
                    -9.5625,
                    -5.78125,
                    -5.78125
                ],
                [
                    -7.8125,
                    -6.25,
                    -9.4375,
                    -7.8125,
                    -7.8125,
                    -6.25,
                    -8.421875,
                    -9.4375,
                    -9.4375,
                    -6.25,
                    -6.25
                ],
                [
                    -8.1875,
                    -6.75,
                    -9.875,
                    -8.1875,
                    -8.1875,
                    -6.75,
                    -8.078125,
                    -9.875,
                    -9.875,
                    -6.75,
                    -6.75
                ]
            ]
        ],
        "prompt_sensitivities": [
            1.4952769886363637
        ],
        "posix": 1.4952769886363637
    }
}