{
    "file_name": "question_246_variants.json",
    "overall_posix": 0.9340399482033469,
    "detailed_scores": [
        {
            "Variation 1": 0.6672139167785645,
            "Variation 2": 0.0,
            "Variation 3": 1.1875,
            "Variation 4": 1.1875,
            "Variation 5": 0.0,
            "Variation 6": 0.0,
            "Variation 7": 0.0,
            "Variation 8": 0.0,
            "Variation 9": 0.0,
            "Variation 10": 0.0
        }
    ],
    "trace": {
        "prompts": [
            "Is there any sign of a collapsed lung on the chest X-ray? Please choose from the following two options: [yes, no]\n<image>"
        ],
        "responses": [
            [
                "yes",
                "Yes, there is a collapse of the right lung in the chest X-ray.",
                "yes",
                "Yes",
                "Yes",
                "yes",
                "yes",
                "yes",
                "yes",
                "yes",
                "yes"
            ]
        ],
        "logprob_matrices": [
            [
                [
                    -7.8125,
                    -18.48792266845703,
                    -7.8125,
                    -9.0,
                    -9.0,
                    -7.8125,
                    -7.8125,
                    -7.8125,
                    -7.8125,
                    -7.8125,
                    -7.8125
                ],
                [
                    -7.0,
                    -14.416519165039062,
                    -7.0,
                    -6.875,
                    -6.875,
                    -7.0,
                    -7.0,
                    -7.0,
                    -7.0,
                    -7.0,
                    -7.0
                ],
                [
                    -7.71875,
                    -15.811492919921875,
                    -7.71875,
                    -6.59375,
                    -6.59375,
                    -7.71875,
                    -7.71875,
                    -7.71875,
                    -7.71875,
                    -7.71875,
                    -7.71875
                ],
                [
                    -8.0,
                    -16.584625244140625,
                    -8.0,
                    -7.28125,
                    -7.28125,
                    -8.0,
                    -8.0,
                    -8.0,
                    -8.0,
                    -8.0,
                    -8.0
                ],
                [
                    -5.46875,
                    -16.085227966308594,
                    -5.46875,
                    -5.71875,
                    -5.71875,
                    -5.46875,
                    -5.46875,
                    -5.46875,
                    -5.46875,
                    -5.46875,
                    -5.46875
                ],
                [
                    -5.21875,
                    -14.951416015625,
                    -5.21875,
                    -5.65625,
                    -5.65625,
                    -5.21875,
                    -5.21875,
                    -5.21875,
                    -5.21875,
                    -5.21875,
                    -5.21875
                ],
                [
                    -6.5625,
                    -15.268295288085938,
                    -6.5625,
                    -5.6875,
                    -5.6875,
                    -6.5625,
                    -6.5625,
                    -6.5625,
                    -6.5625,
                    -6.5625,
                    -6.5625
                ],
                [
                    -6.71875,
                    -17.09636688232422,
                    -6.71875,
                    -5.96875,
                    -5.96875,
                    -6.71875,
                    -6.71875,
                    -6.71875,
                    -6.71875,
                    -6.71875,
                    -6.71875
                ],
                [
                    -6.59375,
                    -17.856369018554688,
                    -6.59375,
                    -8.0625,
                    -8.0625,
                    -6.59375,
                    -6.59375,
                    -6.59375,
                    -6.59375,
                    -6.59375,
                    -6.59375
                ],
                [
                    -7.1875,
                    -16.204025268554688,
                    -7.1875,
                    -6.0,
                    -6.0,
                    -7.1875,
                    -7.1875,
                    -7.1875,
                    -7.1875,
                    -7.1875,
                    -7.1875
                ],
                [
                    -5.875,
                    -16.60900115966797,
                    -5.875,
                    -6.0625,
                    -6.0625,
                    -5.875,
                    -5.875,
                    -5.875,
                    -5.875,
                    -5.875,
                    -5.875
                ]
            ]
        ],
        "prompt_sensitivities": [
            0.9340399482033469
        ],
        "posix": 0.9340399482033469
    }
}