{
    "file_name": "question_228_variants.json",
    "overall_posix": 1.4392045454545455,
    "detailed_scores": [
        {
            "Variation 1": 2.75,
            "Variation 2": 0.0,
            "Variation 3": 2.75,
            "Variation 4": 2.75,
            "Variation 5": 2.75,
            "Variation 6": 0.0,
            "Variation 7": 2.75,
            "Variation 8": 2.75,
            "Variation 9": 0.0,
            "Variation 10": 2.75
        }
    ],
    "trace": {
        "prompts": [
            "Are the pulmonary markings within normal limits on the chest X-ray? Please choose from the following two options: [yes, no]\n<image>"
        ],
        "responses": [
            [
                "no",
                "No",
                "no",
                "No",
                "No",
                "No",
                "no",
                "No",
                "No",
                "no",
                "No"
            ]
        ],
        "logprob_matrices": [
            [
                [
                    -8.0625,
                    -10.8125,
                    -8.0625,
                    -10.8125,
                    -10.8125,
                    -10.8125,
                    -8.0625,
                    -10.8125,
                    -10.8125,
                    -8.0625,
                    -10.8125
                ],
                [
                    -6.625,
                    -8.9375,
                    -6.625,
                    -8.9375,
                    -8.9375,
                    -8.9375,
                    -6.625,
                    -8.9375,
                    -8.9375,
                    -6.625,
                    -8.9375
                ],
                [
                    -8.125,
                    -12.6875,
                    -8.125,
                    -12.6875,
                    -12.6875,
                    -12.6875,
                    -8.125,
                    -12.6875,
                    -12.6875,
                    -8.125,
                    -12.6875
                ],
                [
                    -7.90625,
                    -10.125,
                    -7.90625,
                    -10.125,
                    -10.125,
                    -10.125,
                    -7.90625,
                    -10.125,
                    -10.125,
                    -7.90625,
                    -10.125
                ],
                [
                    -7.65625,
                    -9.75,
                    -7.65625,
                    -9.75,
                    -9.75,
                    -9.75,
                    -7.65625,
                    -9.75,
                    -9.75,
                    -7.65625,
                    -9.75
                ],
                [
                    -7.625,
                    -11.125,
                    -7.625,
                    -11.125,
                    -11.125,
                    -11.125,
                    -7.625,
                    -11.125,
                    -11.125,
                    -7.625,
                    -11.125
                ],
                [
                    -6.03125,
                    -9.5,
                    -6.03125,
                    -9.5,
                    -9.5,
                    -9.5,
                    -6.03125,
                    -9.5,
                    -9.5,
                    -6.03125,
                    -9.5
                ],
                [
                    -9.75,
                    -11.5625,
                    -9.75,
                    -11.5625,
                    -11.5625,
                    -11.5625,
                    -9.75,
                    -11.5625,
                    -11.5625,
                    -9.75,
                    -11.5625
                ],
                [
                    -7.65625,
                    -11.1875,
                    -7.65625,
                    -11.1875,
                    -11.1875,
                    -11.1875,
                    -7.65625,
                    -11.1875,
                    -11.1875,
                    -7.65625,
                    -11.1875
                ],
                [
                    -7.84375,
                    -10.25,
                    -7.84375,
                    -10.25,
                    -10.25,
                    -10.25,
                    -7.84375,
                    -10.25,
                    -10.25,
                    -7.84375,
                    -10.25
                ],
                [
                    -9.0,
                    -7.96875,
                    -9.0,
                    -7.96875,
                    -7.96875,
                    -7.96875,
                    -9.0,
                    -7.96875,
                    -7.96875,
                    -9.0,
                    -7.96875
                ]
            ]
        ],
        "prompt_sensitivities": [
            1.4392045454545455
        ],
        "posix": 1.4392045454545455
    }
}