{
    "file_name": "question_56_variants.json",
    "overall_posix": 0.5,
    "detailed_scores": [
        {
            "Variation 1": 0.6875,
            "Variation 2": 0.0,
            "Variation 3": 0.6875,
            "Variation 4": 0.0,
            "Variation 5": 0.6875,
            "Variation 6": 0.6875,
            "Variation 7": 0.6875,
            "Variation 8": 0.6875,
            "Variation 9": 0.6875,
            "Variation 10": 0.6875
        }
    ],
    "trace": {
        "prompts": [
            "Is the heart size abnormal in the chest X-ray? Please choose from the following two options: [yes, no]\n<image>"
        ],
        "responses": [
            [
                "yes",
                "Yes",
                "yes",
                "Yes",
                "yes",
                "Yes",
                "Yes",
                "Yes",
                "Yes",
                "Yes",
                "Yes"
            ]
        ],
        "logprob_matrices": [
            [
                [
                    -8.125,
                    -8.8125,
                    -8.125,
                    -8.8125,
                    -8.125,
                    -8.8125,
                    -8.8125,
                    -8.8125,
                    -8.8125,
                    -8.8125,
                    -8.8125
                ],
                [
                    -9.125,
                    -8.0,
                    -9.125,
                    -8.0,
                    -9.125,
                    -8.0,
                    -8.0,
                    -8.0,
                    -8.0,
                    -8.0,
                    -8.0
                ],
                [
                    -8.4375,
                    -6.15625,
                    -8.4375,
                    -6.15625,
                    -8.4375,
                    -6.15625,
                    -6.15625,
                    -6.15625,
                    -6.15625,
                    -6.15625,
                    -6.15625
                ],
                [
                    -6.59375,
                    -6.53125,
                    -6.59375,
                    -6.53125,
                    -6.59375,
                    -6.53125,
                    -6.53125,
                    -6.53125,
                    -6.53125,
                    -6.53125,
                    -6.53125
                ],
                [
                    -9.375,
                    -7.71875,
                    -9.375,
                    -7.71875,
                    -9.375,
                    -7.71875,
                    -7.71875,
                    -7.71875,
                    -7.71875,
                    -7.71875,
                    -7.71875
                ],
                [
                    -5.5,
                    -5.5,
                    -5.5,
                    -5.5,
                    -5.5,
                    -5.5,
                    -5.5,
                    -5.5,
                    -5.5,
                    -5.5,
                    -5.5
                ],
                [
                    -7.65625,
                    -6.65625,
                    -7.65625,
                    -6.65625,
                    -7.65625,
                    -6.65625,
                    -6.65625,
                    -6.65625,
                    -6.65625,
                    -6.65625,
                    -6.65625
                ],
                [
                    -6.71875,
                    -8.125,
                    -6.71875,
                    -8.125,
                    -6.71875,
                    -8.125,
                    -8.125,
                    -8.125,
                    -8.125,
                    -8.125,
                    -8.125
                ],
                [
                    -7.65625,
                    -6.65625,
                    -7.65625,
                    -6.65625,
                    -7.65625,
                    -6.65625,
                    -6.65625,
                    -6.65625,
                    -6.65625,
                    -6.65625,
                    -6.65625
                ],
                [
                    -8.25,
                    -7.65625,
                    -8.25,
                    -7.65625,
                    -8.25,
                    -7.65625,
                    -7.65625,
                    -7.65625,
                    -7.65625,
                    -7.65625,
                    -7.65625
                ],
                [
                    -8.3125,
                    -7.5,
                    -8.3125,
                    -7.5,
                    -8.3125,
                    -7.5,
                    -7.5,
                    -7.5,
                    -7.5,
                    -7.5,
                    -7.5
                ]
            ]
        ],
        "prompt_sensitivities": [
            0.5
        ],
        "posix": 0.5
    }
}