{
    "file_name": "question_269_variants.json",
    "overall_posix": 1.7535511363636365,
    "detailed_scores": [
        {
            "Variation 1": 0.0,
            "Variation 2": 0.125,
            "Variation 3": 0.953125,
            "Variation 4": 0.0,
            "Variation 5": 0.953125,
            "Variation 6": 3.21875,
            "Variation 7": 3.21875,
            "Variation 8": 3.21875,
            "Variation 9": 3.21875,
            "Variation 10": 3.21875
        }
    ],
    "trace": {
        "prompts": [
            "Are the lungs clear of any focal consolidation or infection? Please choose from the following two options: [yes, no]\n<image>"
        ],
        "responses": [
            [
                "yes",
                "yes",
                "Yes",
                "Yes.",
                "yes",
                "Yes.",
                "No",
                "No",
                "No",
                "No",
                "No"
            ]
        ],
        "logprob_matrices": [
            [
                [
                    -7.15625,
                    -7.15625,
                    -7.28125,
                    -9.0625,
                    -7.15625,
                    -9.0625,
                    -10.375,
                    -10.375,
                    -10.375,
                    -10.375,
                    -10.375
                ],
                [
                    -4.375,
                    -4.375,
                    -4.875,
                    -6.90625,
                    -4.375,
                    -6.90625,
                    -8.375,
                    -8.375,
                    -8.375,
                    -8.375,
                    -8.375
                ],
                [
                    -4.78125,
                    -4.78125,
                    -4.90625,
                    -7.703125,
                    -4.78125,
                    -7.703125,
                    -8.3125,
                    -8.3125,
                    -8.3125,
                    -8.3125,
                    -8.3125
                ],
                [
                    -5.53125,
                    -5.53125,
                    -5.53125,
                    -8.515625,
                    -5.53125,
                    -8.515625,
                    -9.6875,
                    -9.6875,
                    -9.6875,
                    -9.6875,
                    -9.6875
                ],
                [
                    -4.5625,
                    -4.5625,
                    -4.5,
                    -6.453125,
                    -4.5625,
                    -6.453125,
                    -7.78125,
                    -7.78125,
                    -7.78125,
                    -7.78125,
                    -7.78125
                ],
                [
                    -7.53125,
                    -7.53125,
                    -6.65625,
                    -10.265625,
                    -7.53125,
                    -10.265625,
                    -10.875,
                    -10.875,
                    -10.875,
                    -10.875,
                    -10.875
                ],
                [
                    -6.75,
                    -6.75,
                    -5.5625,
                    -8.875,
                    -6.75,
                    -8.875,
                    -9.625,
                    -9.625,
                    -9.625,
                    -9.625,
                    -9.625
                ],
                [
                    -5.375,
                    -5.375,
                    -5.4375,
                    -7.953125,
                    -5.375,
                    -7.953125,
                    -8.9375,
                    -8.9375,
                    -8.9375,
                    -8.9375,
                    -8.9375
                ],
                [
                    -7.25,
                    -7.25,
                    -5.6875,
                    -8.328125,
                    -7.25,
                    -8.328125,
                    -10.8125,
                    -10.8125,
                    -10.8125,
                    -10.8125,
                    -10.8125
                ],
                [
                    -7.25,
                    -7.25,
                    -5.6875,
                    -8.328125,
                    -7.25,
                    -8.328125,
                    -10.8125,
                    -10.8125,
                    -10.8125,
                    -10.8125,
                    -10.8125
                ],
                [
                    -5.65625,
                    -5.65625,
                    -6.78125,
                    -8.75,
                    -5.65625,
                    -8.75,
                    -9.625,
                    -9.625,
                    -9.625,
                    -9.625,
                    -9.625
                ]
            ]
        ],
        "prompt_sensitivities": [
            1.7535511363636365
        ],
        "posix": 1.7535511363636365
    }
}