{
    "file_name": "question_235_variants.json",
    "overall_posix": 0.0,
    "detailed_scores": [
        {
            "Variation 1": 0.0,
            "Variation 2": 0.0,
            "Variation 3": 0.0,
            "Variation 4": 0.0,
            "Variation 5": 0.0,
            "Variation 6": 0.0,
            "Variation 7": 0.0,
            "Variation 8": 0.0,
            "Variation 9": 0.0,
            "Variation 10": 0.0
        }
    ],
    "trace": {
        "prompts": [
            "Is there a device present within the right chest on the X-ray image? Please choose from the following two options: [yes, no]\n<image>"
        ],
        "responses": [
            [
                "yes",
                "yes",
                "yes",
                "yes",
                "yes",
                "yes",
                "yes",
                "yes",
                "yes",
                "yes",
                "yes"
            ]
        ],
        "logprob_matrices": [
            [
                [
                    -6.09375,
                    -6.09375,
                    -6.09375,
                    -6.09375,
                    -6.09375,
                    -6.09375,
                    -6.09375,
                    -6.09375,
                    -6.09375,
                    -6.09375,
                    -6.09375
                ],
                [
                    -5.90625,
                    -5.90625,
                    -5.90625,
                    -5.90625,
                    -5.90625,
                    -5.90625,
                    -5.90625,
                    -5.90625,
                    -5.90625,
                    -5.90625,
                    -5.90625
                ],
                [
                    -4.375,
                    -4.375,
                    -4.375,
                    -4.375,
                    -4.375,
                    -4.375,
                    -4.375,
                    -4.375,
                    -4.375,
                    -4.375,
                    -4.375
                ],
                [
                    -3.953125,
                    -3.953125,
                    -3.953125,
                    -3.953125,
                    -3.953125,
                    -3.953125,
                    -3.953125,
                    -3.953125,
                    -3.953125,
                    -3.953125,
                    -3.953125
                ],
                [
                    -4.90625,
                    -4.90625,
                    -4.90625,
                    -4.90625,
                    -4.90625,
                    -4.90625,
                    -4.90625,
                    -4.90625,
                    -4.90625,
                    -4.90625,
                    -4.90625
                ],
                [
                    -5.4375,
                    -5.4375,
                    -5.4375,
                    -5.4375,
                    -5.4375,
                    -5.4375,
                    -5.4375,
                    -5.4375,
                    -5.4375,
                    -5.4375,
                    -5.4375
                ],
                [
                    -4.34375,
                    -4.34375,
                    -4.34375,
                    -4.34375,
                    -4.34375,
                    -4.34375,
                    -4.34375,
                    -4.34375,
                    -4.34375,
                    -4.34375,
                    -4.34375
                ],
                [
                    -4.0625,
                    -4.0625,
                    -4.0625,
                    -4.0625,
                    -4.0625,
                    -4.0625,
                    -4.0625,
                    -4.0625,
                    -4.0625,
                    -4.0625,
                    -4.0625
                ],
                [
                    -5.21875,
                    -5.21875,
                    -5.21875,
                    -5.21875,
                    -5.21875,
                    -5.21875,
                    -5.21875,
                    -5.21875,
                    -5.21875,
                    -5.21875,
                    -5.21875
                ],
                [
                    -4.40625,
                    -4.40625,
                    -4.40625,
                    -4.40625,
                    -4.40625,
                    -4.40625,
                    -4.40625,
                    -4.40625,
                    -4.40625,
                    -4.40625,
                    -4.40625
                ],
                [
                    -3.078125,
                    -3.078125,
                    -3.078125,
                    -3.078125,
                    -3.078125,
                    -3.078125,
                    -3.078125,
                    -3.078125,
                    -3.078125,
                    -3.078125,
                    -3.078125
                ]
            ]
        ],
        "prompt_sensitivities": [
            0.0
        ],
        "posix": 0.0
    }
}