{
    "file_name": "question_374_variants.json",
    "overall_posix": 0.4347027979113839,
    "detailed_scores": [
        {
            "Variation 1": 0.90625,
            "Variation 2": 0.22447652369737625,
            "Variation 3": 0.0,
            "Variation 4": 0.22447652369737625,
            "Variation 5": 0.0,
            "Variation 6": 0.22447652369737625,
            "Variation 7": 0.90625,
            "Variation 8": 0.0,
            "Variation 9": 0.90625,
            "Variation 10": 0.90625
        }
    ],
    "trace": {
        "prompts": [
            "Can a pneumothorax be seen on the chest X-ray? Please choose from the following two options: [yes, no]\n<image>"
        ],
        "responses": [
            [
                "yes",
                "Yes",
                "Yes, a pneumothorax can be seen on a chest X-ray.",
                "yes",
                "Yes, a pneumothorax can be seen on a chest X-ray.",
                "yes",
                "Yes, a pneumothorax can be seen on a chest X-ray.",
                "Yes",
                "yes",
                "Yes",
                "Yes"
            ]
        ],
        "logprob_matrices": [
            [
                [
                    -7.28125,
                    -8.1875,
                    -10.87287437915802,
                    -7.28125,
                    -10.87287437915802,
                    -7.28125,
                    -10.87287437915802,
                    -8.1875,
                    -7.28125,
                    -8.1875,
                    -8.1875
                ],
                [
                    -6.0,
                    -6.0,
                    -7.170174837112427,
                    -6.0,
                    -7.170174837112427,
                    -6.0,
                    -7.170174837112427,
                    -6.0,
                    -6.0,
                    -6.0,
                    -6.0
                ],
                [
                    -5.03125,
                    -4.65625,
                    -6.01911985874176,
                    -5.03125,
                    -6.01911985874176,
                    -5.03125,
                    -6.01911985874176,
                    -4.65625,
                    -5.03125,
                    -4.65625,
                    -4.65625
                ],
                [
                    -5.1875,
                    -5.6875,
                    -7.321738004684448,
                    -5.1875,
                    -7.321738004684448,
                    -5.1875,
                    -7.321738004684448,
                    -5.6875,
                    -5.1875,
                    -5.6875,
                    -5.6875
                ],
                [
                    -5.59375,
                    -6.21875,
                    -7.499118208885193,
                    -5.59375,
                    -7.499118208885193,
                    -5.59375,
                    -7.499118208885193,
                    -6.21875,
                    -5.59375,
                    -6.21875,
                    -6.21875
                ],
                [
                    -6.75,
                    -5.75,
                    -6.504577398300171,
                    -6.75,
                    -6.504577398300171,
                    -6.75,
                    -6.504577398300171,
                    -5.75,
                    -6.75,
                    -5.75,
                    -5.75
                ],
                [
                    -7.125,
                    -5.875,
                    -6.597649812698364,
                    -7.125,
                    -6.597649812698364,
                    -7.125,
                    -6.597649812698364,
                    -5.875,
                    -7.125,
                    -5.875,
                    -5.875
                ],
                [
                    -5.75,
                    -5.5625,
                    -6.782790541648865,
                    -5.75,
                    -6.782790541648865,
                    -5.75,
                    -6.782790541648865,
                    -5.5625,
                    -5.75,
                    -5.5625,
                    -5.5625
                ],
                [
                    -5.1875,
                    -5.9375,
                    -7.320718169212341,
                    -5.1875,
                    -7.320718169212341,
                    -5.1875,
                    -7.320718169212341,
                    -5.9375,
                    -5.1875,
                    -5.9375,
                    -5.9375
                ],
                [
                    -7.375,
                    -6.9375,
                    -7.737120509147644,
                    -7.375,
                    -7.737120509147644,
                    -7.375,
                    -7.737120509147644,
                    -6.9375,
                    -7.375,
                    -6.9375,
                    -6.9375
                ],
                [
                    -5.9375,
                    -5.1875,
                    -7.473728179931641,
                    -5.9375,
                    -7.473728179931641,
                    -5.9375,
                    -7.473728179931641,
                    -5.1875,
                    -5.9375,
                    -5.1875,
                    -5.1875
                ]
            ]
        ],
        "prompt_sensitivities": [
            0.4347027979113839
        ],
        "posix": 0.4347027979113839
    }
}