{
    "file_name": "question_320_variants.json",
    "overall_posix": 0.5154829545454546,
    "detailed_scores": [
        {
            "Variation 1": 0.0,
            "Variation 2": 0.0,
            "Variation 3": 1.3203125,
            "Variation 4": 0.0,
            "Variation 5": 0.0,
            "Variation 6": 0.25,
            "Variation 7": 0.0,
            "Variation 8": 0.0,
            "Variation 9": 0.0,
            "Variation 10": 0.0
        }
    ],
    "trace": {
        "prompts": [
            "Are there any signs of pleural effusions on the chest X-ray? Please choose from the following two options: [yes, no]\n<image>"
        ],
        "responses": [
            [
                "yes",
                "yes",
                "yes",
                "Yes.",
                "yes",
                "yes",
                "Yes",
                "yes",
                "yes",
                "yes",
                "yes"
            ]
        ],
        "logprob_matrices": [
            [
                [
                    -5.90625,
                    -5.90625,
                    -5.90625,
                    -8.546875,
                    -5.90625,
                    -5.90625,
                    -5.65625,
                    -5.90625,
                    -5.90625,
                    -5.90625,
                    -5.90625
                ],
                [
                    -5.09375,
                    -5.09375,
                    -5.09375,
                    -10.109375,
                    -5.09375,
                    -5.09375,
                    -6.34375,
                    -5.09375,
                    -5.09375,
                    -5.09375,
                    -5.09375
                ],
                [
                    -8.4375,
                    -8.4375,
                    -8.4375,
                    -11.53125,
                    -8.4375,
                    -8.4375,
                    -7.0,
                    -8.4375,
                    -8.4375,
                    -8.4375,
                    -8.4375
                ],
                [
                    -6.21875,
                    -6.21875,
                    -6.21875,
                    -8.9375,
                    -6.21875,
                    -6.21875,
                    -5.40625,
                    -6.21875,
                    -6.21875,
                    -6.21875,
                    -6.21875
                ],
                [
                    -6.375,
                    -6.375,
                    -6.375,
                    -9.421875,
                    -6.375,
                    -6.375,
                    -6.0625,
                    -6.375,
                    -6.375,
                    -6.375,
                    -6.375
                ],
                [
                    -5.0,
                    -5.0,
                    -5.0,
                    -7.5625,
                    -5.0,
                    -5.0,
                    -4.5625,
                    -5.0,
                    -5.0,
                    -5.0,
                    -5.0
                ],
                [
                    -4.84375,
                    -4.84375,
                    -4.84375,
                    -9.09375,
                    -4.84375,
                    -4.84375,
                    -4.40625,
                    -4.84375,
                    -4.84375,
                    -4.84375,
                    -4.84375
                ],
                [
                    -6.46875,
                    -6.46875,
                    -6.46875,
                    -6.984375,
                    -6.46875,
                    -6.46875,
                    -4.71875,
                    -6.46875,
                    -6.46875,
                    -6.46875,
                    -6.46875
                ],
                [
                    -4.46875,
                    -4.46875,
                    -4.46875,
                    -8.96875,
                    -4.46875,
                    -4.46875,
                    -4.65625,
                    -4.46875,
                    -4.46875,
                    -4.46875,
                    -4.46875
                ],
                [
                    -5.9375,
                    -5.9375,
                    -5.9375,
                    -10.640625,
                    -5.9375,
                    -5.9375,
                    -7.8125,
                    -5.9375,
                    -5.9375,
                    -5.9375,
                    -5.9375
                ],
                [
                    -8.0625,
                    -8.0625,
                    -8.0625,
                    -11.453125,
                    -8.0625,
                    -8.0625,
                    -7.875,
                    -8.0625,
                    -8.0625,
                    -8.0625,
                    -8.0625
                ]
            ]
        ],
        "prompt_sensitivities": [
            0.5154829545454546
        ],
        "posix": 0.5154829545454546
    }
}