{
    "file_name": "question_291_variants.json",
    "overall_posix": 0.23561789772727273,
    "detailed_scores": [
        {
            "Variation 1": 1.06640625,
            "Variation 2": 0.0,
            "Variation 3": 0.0,
            "Variation 4": 0.0,
            "Variation 5": 0.0,
            "Variation 6": 0.0,
            "Variation 7": 0.0,
            "Variation 8": 0.0,
            "Variation 9": 0.0,
            "Variation 10": 0.0
        }
    ],
    "trace": {
        "prompts": [
            "Are small calcified lymph nodes identified on the chest X-ray? Please choose from the following two options: [yes, no]\n<image>"
        ],
        "responses": [
            [
                "yes",
                "Yes.",
                "yes",
                "yes",
                "yes",
                "yes",
                "yes",
                "yes",
                "yes",
                "yes",
                "yes"
            ]
        ],
        "logprob_matrices": [
            [
                [
                    -6.625,
                    -8.7578125,
                    -6.625,
                    -6.625,
                    -6.625,
                    -6.625,
                    -6.625,
                    -6.625,
                    -6.625,
                    -6.625,
                    -6.625
                ],
                [
                    -5.75,
                    -7.25,
                    -5.75,
                    -5.75,
                    -5.75,
                    -5.75,
                    -5.75,
                    -5.75,
                    -5.75,
                    -5.75,
                    -5.75
                ],
                [
                    -9.75,
                    -11.109375,
                    -9.75,
                    -9.75,
                    -9.75,
                    -9.75,
                    -9.75,
                    -9.75,
                    -9.75,
                    -9.75,
                    -9.75
                ],
                [
                    -6.125,
                    -10.71875,
                    -6.125,
                    -6.125,
                    -6.125,
                    -6.125,
                    -6.125,
                    -6.125,
                    -6.125,
                    -6.125,
                    -6.125
                ],
                [
                    -7.90625,
                    -10.046875,
                    -7.90625,
                    -7.90625,
                    -7.90625,
                    -7.90625,
                    -7.90625,
                    -7.90625,
                    -7.90625,
                    -7.90625,
                    -7.90625
                ],
                [
                    -6.84375,
                    -10.0625,
                    -6.84375,
                    -6.84375,
                    -6.84375,
                    -6.84375,
                    -6.84375,
                    -6.84375,
                    -6.84375,
                    -6.84375,
                    -6.84375
                ],
                [
                    -10.0,
                    -11.15625,
                    -10.0,
                    -10.0,
                    -10.0,
                    -10.0,
                    -10.0,
                    -10.0,
                    -10.0,
                    -10.0,
                    -10.0
                ],
                [
                    -5.9375,
                    -9.765625,
                    -5.9375,
                    -5.9375,
                    -5.9375,
                    -5.9375,
                    -5.9375,
                    -5.9375,
                    -5.9375,
                    -5.9375,
                    -5.9375
                ],
                [
                    -9.8125,
                    -11.015625,
                    -9.8125,
                    -9.8125,
                    -9.8125,
                    -9.8125,
                    -9.8125,
                    -9.8125,
                    -9.8125,
                    -9.8125,
                    -9.8125
                ],
                [
                    -8.25,
                    -7.78125,
                    -8.25,
                    -8.25,
                    -8.25,
                    -8.25,
                    -8.25,
                    -8.25,
                    -8.25,
                    -8.25,
                    -8.25
                ],
                [
                    -7.125,
                    -8.859375,
                    -7.125,
                    -7.125,
                    -7.125,
                    -7.125,
                    -7.125,
                    -7.125,
                    -7.125,
                    -7.125,
                    -7.125
                ]
            ]
        ],
        "prompt_sensitivities": [
            0.23561789772727273
        ],
        "posix": 0.23561789772727273
    }
}