{
    "file_name": "question_79_variants.json",
    "overall_posix": 1.2601691214933417,
    "detailed_scores": [
        {
            "Variation 1": 1.6100830078125,
            "Variation 2": 3.4765625,
            "Variation 3": 3.4765625,
            "Variation 4": 3.4765625,
            "Variation 5": 0.842718505859375,
            "Variation 6": 0.5787591934204102,
            "Variation 7": 3.4765625,
            "Variation 8": 0.5693935326167515,
            "Variation 9": 0.4727628371294807,
            "Variation 10": 2.4388020833333335
        }
    ],
    "trace": {
        "prompts": [
            "Are there any noteworthy findings in the bones or soft tissues in the chest X-ray? Please choose from the following two options: [yes, no]\n<image>"
        ],
        "responses": [
            [
                "Yes",
                "There is a small foreign object in the chest.",
                "No.",
                "No.",
                "No.",
                "Yes, there is a bullet in the chest.",
                "Yes, there is a small amount of fluid in the right pleural cavity.",
                "No.",
                "Yes, there is a small nodule in the right upper lung.",
                "Yes, there is a small pleural effusion present in the chest X-ray.",
                "<image>"
            ]
        ],
        "logprob_matrices": [
            [
                [
                    -6.90625,
                    -23.007080078125,
                    -13.859375,
                    -13.859375,
                    -13.859375,
                    -15.33343505859375,
                    -16.166397094726562,
                    -13.859375,
                    -14.877759456634521,
                    -14.943218231201172,
                    -14.22265625
                ],
                [
                    -7.125,
                    -18.796173095703125,
                    -13.34375,
                    -13.34375,
                    -13.34375,
                    -15.815765380859375,
                    -16.768295288085938,
                    -13.34375,
                    -15.02227246761322,
                    -14.502866744995117,
                    -16.078125
                ],
                [
                    -4.0,
                    -18.902587890625,
                    -12.4375,
                    -12.4375,
                    -12.4375,
                    -11.221771240234375,
                    -12.172821044921875,
                    -12.4375,
                    -11.396588802337646,
                    -10.688469886779785,
                    -15.951171875
                ],
                [
                    -4.65625,
                    -15.69921875,
                    -10.1875,
                    -10.1875,
                    -10.1875,
                    -12.07269287109375,
                    -13.01861572265625,
                    -10.1875,
                    -12.048987865447998,
                    -10.886821746826172,
                    -14.89453125
                ],
                [
                    -7.3125,
                    -18.52880859375,
                    -16.15625,
                    -16.15625,
                    -16.15625,
                    -14.322235107421875,
                    -15.326484680175781,
                    -16.15625,
                    -15.416278839111328,
                    -13.801045417785645,
                    -16.57421875
                ],
                [
                    -5.96875,
                    -17.337890625,
                    -12.890625,
                    -12.890625,
                    -12.890625,
                    -12.710479736328125,
                    -14.727500915527344,
                    -12.890625,
                    -14.189282178878784,
                    -12.788407325744629,
                    -16.3203125
                ],
                [
                    -6.46875,
                    -18.72259521484375,
                    -13.046875,
                    -13.046875,
                    -13.046875,
                    -12.975311279296875,
                    -14.663589477539062,
                    -13.046875,
                    -15.072770118713379,
                    -13.2349271774292,
                    -16.8515625
                ],
                [
                    -3.953125,
                    -19.789306640625,
                    -11.71875,
                    -11.71875,
                    -11.71875,
                    -11.32269287109375,
                    -12.453052520751953,
                    -11.71875,
                    -12.179183721542358,
                    -11.189197540283203,
                    -15.310546875
                ],
                [
                    -4.90625,
                    -19.279541015625,
                    -11.375,
                    -11.375,
                    -11.375,
                    -12.7713623046875,
                    -14.223556518554688,
                    -11.375,
                    -13.350857496261597,
                    -12.691890716552734,
                    -13.9375
                ],
                [
                    -5.1875,
                    -17.653564453125,
                    -12.75,
                    -12.75,
                    -12.75,
                    -12.434860229492188,
                    -13.684341430664062,
                    -12.75,
                    -11.782129883766174,
                    -11.395683288574219,
                    -14.54296875
                ],
                [
                    -6.90625,
                    -17.740966796875,
                    -12.015625,
                    -12.015625,
                    -12.015625,
                    -14.01416015625,
                    -15.012069702148438,
                    -12.015625,
                    -15.241754055023193,
                    -13.490715980529785,
                    -13.16796875
                ]
            ]
        ],
        "prompt_sensitivities": [
            1.2601691214933417
        ],
        "posix": 1.2601691214933417
    }
}