{
    "file_name": "question_120_variants.json",
    "overall_posix": 0.11534090909090909,
    "detailed_scores": [
        {
            "Variation 1": 0.0,
            "Variation 2": 0.0,
            "Variation 3": 0.0,
            "Variation 4": 0.0,
            "Variation 5": 0.0,
            "Variation 6": 0.0,
            "Variation 7": 0.0,
            "Variation 8": 0.0,
            "Variation 9": 0.0625,
            "Variation 10": 0.0
        }
    ],
    "trace": {
        "prompts": [
            "Are there any focal areas of lung consolidation on this chest X-ray? Please choose from the following two options: [yes, no]\n<image>"
        ],
        "responses": [
            [
                "yes",
                "yes",
                "yes",
                "yes",
                "yes",
                "yes",
                "yes",
                "yes",
                "yes",
                "Yes",
                "yes"
            ]
        ],
        "logprob_matrices": [
            [
                [
                    -7.25,
                    -7.25,
                    -7.25,
                    -7.25,
                    -7.25,
                    -7.25,
                    -7.25,
                    -7.25,
                    -7.25,
                    -7.1875,
                    -7.25
                ],
                [
                    -4.53125,
                    -4.53125,
                    -4.53125,
                    -4.53125,
                    -4.53125,
                    -4.53125,
                    -4.53125,
                    -4.53125,
                    -4.53125,
                    -4.09375,
                    -4.53125
                ],
                [
                    -4.625,
                    -4.625,
                    -4.625,
                    -4.625,
                    -4.625,
                    -4.625,
                    -4.625,
                    -4.625,
                    -4.625,
                    -6.0625,
                    -4.625
                ],
                [
                    -5.1875,
                    -5.1875,
                    -5.1875,
                    -5.1875,
                    -5.1875,
                    -5.1875,
                    -5.1875,
                    -5.1875,
                    -5.1875,
                    -5.5625,
                    -5.1875
                ],
                [
                    -5.03125,
                    -5.03125,
                    -5.03125,
                    -5.03125,
                    -5.03125,
                    -5.03125,
                    -5.03125,
                    -5.03125,
                    -5.03125,
                    -4.46875,
                    -5.03125
                ],
                [
                    -6.03125,
                    -6.03125,
                    -6.03125,
                    -6.03125,
                    -6.03125,
                    -6.03125,
                    -6.03125,
                    -6.03125,
                    -6.03125,
                    -5.46875,
                    -6.03125
                ],
                [
                    -7.25,
                    -7.25,
                    -7.25,
                    -7.25,
                    -7.25,
                    -7.25,
                    -7.25,
                    -7.25,
                    -7.25,
                    -6.1875,
                    -7.25
                ],
                [
                    -6.25,
                    -6.25,
                    -6.25,
                    -6.25,
                    -6.25,
                    -6.25,
                    -6.25,
                    -6.25,
                    -6.25,
                    -4.3125,
                    -6.25
                ],
                [
                    -4.40625,
                    -4.40625,
                    -4.40625,
                    -4.40625,
                    -4.40625,
                    -4.40625,
                    -4.40625,
                    -4.40625,
                    -4.40625,
                    -4.09375,
                    -4.40625
                ],
                [
                    -4.40625,
                    -4.40625,
                    -4.40625,
                    -4.40625,
                    -4.40625,
                    -4.40625,
                    -4.40625,
                    -4.40625,
                    -4.40625,
                    -3.96875,
                    -4.40625
                ],
                [
                    -6.625,
                    -6.625,
                    -6.625,
                    -6.625,
                    -6.625,
                    -6.625,
                    -6.625,
                    -6.625,
                    -6.625,
                    -5.0625,
                    -6.625
                ]
            ]
        ],
        "prompt_sensitivities": [
            0.11534090909090909
        ],
        "posix": 0.11534090909090909
    }
}