{
    "file_name": "question_149_variants.json",
    "overall_posix": 1.402840909090909,
    "detailed_scores": [
        {
            "Variation 1": 2.25,
            "Variation 2": 2.25,
            "Variation 3": 2.25,
            "Variation 4": 3.125,
            "Variation 5": 2.25,
            "Variation 6": 2.25,
            "Variation 7": 2.25,
            "Variation 8": 2.5,
            "Variation 9": 2.25,
            "Variation 10": 2.25
        }
    ],
    "trace": {
        "prompts": [
            "Does the chest X-ray show any signs of focal consolidation? Please choose from the following two options: [yes, no]\n<image>"
        ],
        "responses": [
            [
                "no",
                "No",
                "No",
                "No",
                "yes",
                "No",
                "No",
                "No",
                "Yes",
                "No",
                "No"
            ]
        ],
        "logprob_matrices": [
            [
                [
                    -9.8125,
                    -12.0625,
                    -12.0625,
                    -12.0625,
                    -6.6875,
                    -12.0625,
                    -12.0625,
                    -12.0625,
                    -7.3125,
                    -12.0625,
                    -12.0625
                ],
                [
                    -10.0625,
                    -8.6875,
                    -8.6875,
                    -8.6875,
                    -7.59375,
                    -8.6875,
                    -8.6875,
                    -8.6875,
                    -5.34375,
                    -8.6875,
                    -8.6875
                ],
                [
                    -8.625,
                    -8.8125,
                    -8.8125,
                    -8.8125,
                    -6.71875,
                    -8.8125,
                    -8.8125,
                    -8.8125,
                    -5.78125,
                    -8.8125,
                    -8.8125
                ],
                [
                    -9.375,
                    -9.75,
                    -9.75,
                    -9.75,
                    -8.375,
                    -9.75,
                    -9.75,
                    -9.75,
                    -6.3125,
                    -9.75,
                    -9.75
                ],
                [
                    -7.53125,
                    -11.0,
                    -11.0,
                    -11.0,
                    -5.90625,
                    -11.0,
                    -11.0,
                    -11.0,
                    -7.21875,
                    -11.0,
                    -11.0
                ],
                [
                    -8.1875,
                    -10.3125,
                    -10.3125,
                    -10.3125,
                    -7.8125,
                    -10.3125,
                    -10.3125,
                    -10.3125,
                    -5.6875,
                    -10.3125,
                    -10.3125
                ],
                [
                    -7.53125,
                    -8.1875,
                    -8.1875,
                    -8.1875,
                    -5.96875,
                    -8.1875,
                    -8.1875,
                    -8.1875,
                    -6.03125,
                    -8.1875,
                    -8.1875
                ],
                [
                    -10.1875,
                    -11.875,
                    -11.875,
                    -11.875,
                    -8.8125,
                    -11.875,
                    -11.875,
                    -11.875,
                    -8.1875,
                    -11.875,
                    -11.875
                ],
                [
                    -7.3125,
                    -9.5625,
                    -9.5625,
                    -9.5625,
                    -6.1875,
                    -9.5625,
                    -9.5625,
                    -9.5625,
                    -5.3125,
                    -9.5625,
                    -9.5625
                ],
                [
                    -9.6875,
                    -9.5,
                    -9.5,
                    -9.5,
                    -8.5625,
                    -9.5,
                    -9.5,
                    -9.5,
                    -6.0625,
                    -9.5,
                    -9.5
                ],
                [
                    -7.65625,
                    -8.5625,
                    -8.5625,
                    -8.5625,
                    -6.28125,
                    -8.5625,
                    -8.5625,
                    -8.5625,
                    -5.21875,
                    -8.5625,
                    -8.5625
                ]
            ]
        ],
        "prompt_sensitivities": [
            1.402840909090909
        ],
        "posix": 1.402840909090909
    }
}