{
    "file_name": "question_285_variants.json",
    "overall_posix": 1.3058357007575758,
    "detailed_scores": [
        {
            "Variation 1": 0.890625,
            "Variation 2": 0.0,
            "Variation 3": 0.0,
            "Variation 4": 0.0,
            "Variation 5": 0.0,
            "Variation 6": 0.625,
            "Variation 7": 0.0,
            "Variation 8": 0.0,
            "Variation 9": 3.1796875,
            "Variation 10": 0.625
        }
    ],
    "trace": {
        "prompts": [
            "Are the lungs clear on the chest X-ray? Please choose from the following two options: [yes, no]\n<image>"
        ],
        "responses": [
            [
                "yes",
                "Yes.",
                "yes",
                "yes",
                "yes",
                "yes",
                "no",
                "yes",
                "yes",
                "<image>",
                "no"
            ]
        ],
        "logprob_matrices": [
            [
                [
                    -7.25,
                    -9.03125,
                    -7.25,
                    -7.25,
                    -7.25,
                    -7.25,
                    -6.625,
                    -7.25,
                    -7.25,
                    -16.7890625,
                    -6.625
                ],
                [
                    -6.3125,
                    -6.7265625,
                    -6.3125,
                    -6.3125,
                    -6.3125,
                    -6.3125,
                    -7.4375,
                    -6.3125,
                    -6.3125,
                    -17.5,
                    -7.4375
                ],
                [
                    -6.90625,
                    -8.9375,
                    -6.90625,
                    -6.90625,
                    -6.90625,
                    -6.90625,
                    -8.4375,
                    -6.90625,
                    -6.90625,
                    -15.46875,
                    -8.4375
                ],
                [
                    -8.0,
                    -8.796875,
                    -8.0,
                    -8.0,
                    -8.0,
                    -8.0,
                    -8.5625,
                    -8.0,
                    -8.0,
                    -19.3984375,
                    -8.5625
                ],
                [
                    -7.75,
                    -6.3828125,
                    -7.75,
                    -7.75,
                    -7.75,
                    -7.75,
                    -8.125,
                    -7.75,
                    -7.75,
                    -16.32421875,
                    -8.125
                ],
                [
                    -7.53125,
                    -8.046875,
                    -7.53125,
                    -7.53125,
                    -7.53125,
                    -7.53125,
                    -7.59375,
                    -7.53125,
                    -7.53125,
                    -18.7109375,
                    -7.59375
                ],
                [
                    -5.3125,
                    -8.9375,
                    -5.3125,
                    -5.3125,
                    -5.3125,
                    -5.3125,
                    -6.9375,
                    -5.3125,
                    -5.3125,
                    -14.1171875,
                    -6.9375
                ],
                [
                    -7.09375,
                    -10.1015625,
                    -7.09375,
                    -7.09375,
                    -7.09375,
                    -7.09375,
                    -7.09375,
                    -7.09375,
                    -7.09375,
                    -19.8828125,
                    -7.09375
                ],
                [
                    -5.21875,
                    -7.3125,
                    -5.21875,
                    -5.21875,
                    -5.21875,
                    -5.21875,
                    -5.34375,
                    -5.21875,
                    -5.21875,
                    -14.375,
                    -5.34375
                ],
                [
                    -7.65625,
                    -9.0703125,
                    -7.65625,
                    -7.65625,
                    -7.65625,
                    -7.65625,
                    -8.3125,
                    -7.65625,
                    -7.65625,
                    -16.0390625,
                    -8.3125
                ],
                [
                    -6.28125,
                    -8.046875,
                    -6.28125,
                    -6.28125,
                    -6.28125,
                    -6.28125,
                    -6.78125,
                    -6.28125,
                    -6.28125,
                    -16.140625,
                    -6.78125
                ]
            ]
        ],
        "prompt_sensitivities": [
            1.3058357007575758
        ],
        "posix": 1.3058357007575758
    }
}