{
    "file_name": "question_32_variants.json",
    "overall_posix": 0.4192826704545455,
    "detailed_scores": [
        {
            "Variation 1": 0.86328125,
            "Variation 2": 0.86328125,
            "Variation 3": 0.86328125,
            "Variation 4": 0.86328125,
            "Variation 5": 0.86328125,
            "Variation 6": 0.86328125,
            "Variation 7": 0.125,
            "Variation 8": 0.86328125,
            "Variation 9": 0.86328125,
            "Variation 10": 0.86328125
        }
    ],
    "trace": {
        "prompts": [
            "Does the chest X-ray suggest the patient might have heart failure? Please choose from the following two options: [yes, no]\n<image>"
        ],
        "responses": [
            [
                "yes",
                "Yes.",
                "Yes.",
                "Yes.",
                "Yes.",
                "Yes.",
                "Yes.",
                "Yes",
                "Yes.",
                "Yes.",
                "Yes."
            ]
        ],
        "logprob_matrices": [
            [
                [
                    -7.78125,
                    -9.5078125,
                    -9.5078125,
                    -9.5078125,
                    -9.5078125,
                    -9.5078125,
                    -9.5078125,
                    -7.90625,
                    -9.5078125,
                    -9.5078125,
                    -9.5078125
                ],
                [
                    -7.125,
                    -9.46875,
                    -9.46875,
                    -9.46875,
                    -9.46875,
                    -9.46875,
                    -9.46875,
                    -6.9375,
                    -9.46875,
                    -9.46875,
                    -9.46875
                ],
                [
                    -8.1875,
                    -8.140625,
                    -8.140625,
                    -8.140625,
                    -8.140625,
                    -8.140625,
                    -8.140625,
                    -5.65625,
                    -8.140625,
                    -8.140625,
                    -8.140625
                ],
                [
                    -8.1875,
                    -8.140625,
                    -8.140625,
                    -8.140625,
                    -8.140625,
                    -8.140625,
                    -8.140625,
                    -5.65625,
                    -8.140625,
                    -8.140625,
                    -8.140625
                ],
                [
                    -7.625,
                    -7.828125,
                    -7.828125,
                    -7.828125,
                    -7.828125,
                    -7.828125,
                    -7.828125,
                    -5.8125,
                    -7.828125,
                    -7.828125,
                    -7.828125
                ],
                [
                    -6.6875,
                    -6.703125,
                    -6.703125,
                    -6.703125,
                    -6.703125,
                    -6.703125,
                    -6.703125,
                    -4.75,
                    -6.703125,
                    -6.703125,
                    -6.703125
                ],
                [
                    -8.125,
                    -8.65625,
                    -8.65625,
                    -8.65625,
                    -8.65625,
                    -8.65625,
                    -8.65625,
                    -5.8125,
                    -8.65625,
                    -8.65625,
                    -8.65625
                ],
                [
                    -6.6875,
                    -8.515625,
                    -8.515625,
                    -8.515625,
                    -8.515625,
                    -8.515625,
                    -8.515625,
                    -5.8125,
                    -8.515625,
                    -8.515625,
                    -8.515625
                ],
                [
                    -7.5625,
                    -5.7890625,
                    -5.7890625,
                    -5.7890625,
                    -5.7890625,
                    -5.7890625,
                    -5.7890625,
                    -4.5625,
                    -5.7890625,
                    -5.7890625,
                    -5.7890625
                ],
                [
                    -6.625,
                    -5.37109375,
                    -5.37109375,
                    -5.37109375,
                    -5.37109375,
                    -5.37109375,
                    -5.37109375,
                    -4.375,
                    -5.37109375,
                    -5.37109375,
                    -5.37109375
                ],
                [
                    -6.28125,
                    -6.65625,
                    -6.65625,
                    -6.65625,
                    -6.65625,
                    -6.65625,
                    -6.65625,
                    -4.59375,
                    -6.65625,
                    -6.65625,
                    -6.65625
                ]
            ]
        ],
        "prompt_sensitivities": [
            0.4192826704545455
        ],
        "posix": 0.4192826704545455
    }
}