{
    "file_name": "question_66_variants.json",
    "overall_posix": 1.7479015366597606,
    "detailed_scores": [
        {
            "Variation 1": 4.125,
            "Variation 2": 4.125,
            "Variation 3": 4.125,
            "Variation 4": 0.1985318660736084,
            "Variation 5": 4.0859375,
            "Variation 6": 4.125,
            "Variation 7": 4.0859375,
            "Variation 8": 0.3125,
            "Variation 9": 4.125,
            "Variation 10": 4.125
        }
    ],
    "trace": {
        "prompts": [
            "Does the chest X-ray show any signs of gross consolidation? Please choose from the following two options: [yes, no]\n<image>"
        ],
        "responses": [
            [
                "yes",
                "No",
                "No",
                "No",
                "Yes, the chest X-ray shows signs of gross consolidation.",
                "No.",
                "No",
                "No.",
                "Yes",
                "No",
                "No"
            ]
        ],
        "logprob_matrices": [
            [
                [
                    -9.375,
                    -13.5,
                    -13.5,
                    -13.5,
                    -11.7573823928833,
                    -17.546875,
                    -13.5,
                    -17.546875,
                    -9.0625,
                    -13.5,
                    -13.5
                ],
                [
                    -6.90625,
                    -7.59375,
                    -7.59375,
                    -7.59375,
                    -8.733320951461792,
                    -12.78125,
                    -7.59375,
                    -12.78125,
                    -5.71875,
                    -7.59375,
                    -7.59375
                ],
                [
                    -8.3125,
                    -9.25,
                    -9.25,
                    -9.25,
                    -8.38258147239685,
                    -14.0,
                    -9.25,
                    -14.0,
                    -6.5625,
                    -9.25,
                    -9.25
                ],
                [
                    -7.71875,
                    -9.4375,
                    -9.4375,
                    -9.4375,
                    -8.598333835601807,
                    -12.875,
                    -9.4375,
                    -12.875,
                    -5.90625,
                    -9.4375,
                    -9.4375
                ],
                [
                    -8.25,
                    -9.5625,
                    -9.5625,
                    -9.5625,
                    -9.298629760742188,
                    -11.96875,
                    -9.5625,
                    -11.96875,
                    -6.5,
                    -9.5625,
                    -9.5625
                ],
                [
                    -7.5,
                    -8.8125,
                    -8.8125,
                    -8.8125,
                    -7.3830989599227905,
                    -10.5703125,
                    -8.8125,
                    -10.5703125,
                    -5.125,
                    -8.8125,
                    -8.8125
                ],
                [
                    -9.4375,
                    -10.5,
                    -10.5,
                    -10.5,
                    -8.379154205322266,
                    -15.46875,
                    -10.5,
                    -15.46875,
                    -6.75,
                    -10.5,
                    -10.5
                ],
                [
                    -9.375,
                    -11.5625,
                    -11.5625,
                    -11.5625,
                    -7.5277968645095825,
                    -15.6875,
                    -11.5625,
                    -15.6875,
                    -6.59375,
                    -11.5625,
                    -11.5625
                ],
                [
                    -8.8125,
                    -10.375,
                    -10.375,
                    -10.375,
                    -7.64944314956665,
                    -14.3125,
                    -10.375,
                    -14.3125,
                    -6.09375,
                    -10.375,
                    -10.375
                ],
                [
                    -8.3125,
                    -10.625,
                    -10.625,
                    -10.625,
                    -9.085078239440918,
                    -14.296875,
                    -10.625,
                    -14.296875,
                    -7.09375,
                    -10.625,
                    -10.625
                ],
                [
                    -8.1875,
                    -11.1875,
                    -11.1875,
                    -11.1875,
                    -9.39410138130188,
                    -13.890625,
                    -11.1875,
                    -13.890625,
                    -7.875,
                    -11.1875,
                    -11.1875
                ]
            ]
        ],
        "prompt_sensitivities": [
            1.7479015366597606
        ],
        "posix": 1.7479015366597606
    }
}