{
    "file_name": "question_152_variants.json",
    "overall_posix": 0.6460609644651413,
    "detailed_scores": [
        {
            "Variation 1": 0.0,
            "Variation 2": 0.0,
            "Variation 3": 0.3125,
            "Variation 4": 0.0,
            "Variation 5": 0.0,
            "Variation 6": 0.0,
            "Variation 7": 0.0,
            "Variation 8": 0.1238323450088501,
            "Variation 9": 1.65625,
            "Variation 10": 0.0
        }
    ],
    "trace": {
        "prompts": [
            "Is there any evidence of mediastinal widening on the chest X-ray? Please choose from the following two options: [yes, no]\n<image>"
        ],
        "responses": [
            [
                "yes",
                "yes",
                "yes",
                "Yes",
                "yes",
                "yes",
                "yes",
                "yes",
                "Yes, there is evidence of mediastinal widening on the chest X-ray.",
                "Yes.",
                "yes"
            ]
        ],
        "logprob_matrices": [
            [
                [
                    -7.65625,
                    -7.65625,
                    -7.65625,
                    -7.96875,
                    -7.65625,
                    -7.65625,
                    -7.65625,
                    -7.65625,
                    -9.637567520141602,
                    -10.96875,
                    -7.65625
                ],
                [
                    -7.4375,
                    -7.4375,
                    -7.4375,
                    -5.5,
                    -7.4375,
                    -7.4375,
                    -7.4375,
                    -7.4375,
                    -7.511849522590637,
                    -9.0625,
                    -7.4375
                ],
                [
                    -6.28125,
                    -6.28125,
                    -6.28125,
                    -6.59375,
                    -6.28125,
                    -6.28125,
                    -6.28125,
                    -6.28125,
                    -7.477449059486389,
                    -10.28125,
                    -6.28125
                ],
                [
                    -4.53125,
                    -4.53125,
                    -4.53125,
                    -5.21875,
                    -4.53125,
                    -4.53125,
                    -4.53125,
                    -4.53125,
                    -6.231021761894226,
                    -10.53125,
                    -4.53125
                ],
                [
                    -3.65625,
                    -3.65625,
                    -3.65625,
                    -4.90625,
                    -3.65625,
                    -3.65625,
                    -3.65625,
                    -3.65625,
                    -6.143460035324097,
                    -9.75,
                    -3.65625
                ],
                [
                    -4.875,
                    -4.875,
                    -4.875,
                    -6.125,
                    -4.875,
                    -4.875,
                    -4.875,
                    -4.875,
                    -6.816633820533752,
                    -11.0625,
                    -4.875
                ],
                [
                    -6.59375,
                    -6.59375,
                    -6.59375,
                    -6.15625,
                    -6.59375,
                    -6.59375,
                    -6.59375,
                    -6.59375,
                    -7.21144711971283,
                    -10.84375,
                    -6.59375
                ],
                [
                    -6.0,
                    -6.0,
                    -6.0,
                    -5.1875,
                    -6.0,
                    -6.0,
                    -6.0,
                    -6.0,
                    -5.7642741203308105,
                    -10.71875,
                    -6.0
                ],
                [
                    -5.40625,
                    -5.40625,
                    -5.40625,
                    -5.46875,
                    -5.40625,
                    -5.40625,
                    -5.40625,
                    -5.40625,
                    -6.815410375595093,
                    -8.921875,
                    -5.40625
                ],
                [
                    -5.3125,
                    -5.3125,
                    -5.3125,
                    -4.875,
                    -5.3125,
                    -5.3125,
                    -5.3125,
                    -5.3125,
                    -5.907519221305847,
                    -7.921875,
                    -5.3125
                ],
                [
                    -6.0,
                    -6.0,
                    -6.0,
                    -5.1875,
                    -6.0,
                    -6.0,
                    -6.0,
                    -6.0,
                    -5.7642741203308105,
                    -10.71875,
                    -6.0
                ]
            ]
        ],
        "prompt_sensitivities": [
            0.6460609644651413
        ],
        "posix": 0.6460609644651413
    }
}