{
    "file_name": "question_21_variants.json",
    "overall_posix": 0.3721590909090909,
    "detailed_scores": [
        {
            "Variation 1": 0.0,
            "Variation 2": 0.0,
            "Variation 3": 0.0,
            "Variation 4": 0.75,
            "Variation 5": 0.0,
            "Variation 6": 0.75,
            "Variation 7": 0.0,
            "Variation 8": 0.0,
            "Variation 9": 0.0,
            "Variation 10": 0.0
        }
    ],
    "trace": {
        "prompts": [
            "Is a pneumothorax present on the chest X-ray? Please choose from the following two options: [yes, no]\n<image>"
        ],
        "responses": [
            [
                "yes",
                "yes",
                "yes",
                "yes",
                "Yes",
                "yes",
                "Yes",
                "yes",
                "yes",
                "yes",
                "yes"
            ]
        ],
        "logprob_matrices": [
            [
                [
                    -6.46875,
                    -6.46875,
                    -6.46875,
                    -6.46875,
                    -7.21875,
                    -6.46875,
                    -7.21875,
                    -6.46875,
                    -6.46875,
                    -6.46875,
                    -6.46875
                ],
                [
                    -6.375,
                    -6.375,
                    -6.375,
                    -6.375,
                    -5.4375,
                    -6.375,
                    -5.4375,
                    -6.375,
                    -6.375,
                    -6.375,
                    -6.375
                ],
                [
                    -8.1875,
                    -8.1875,
                    -8.1875,
                    -8.1875,
                    -5.28125,
                    -8.1875,
                    -5.28125,
                    -8.1875,
                    -8.1875,
                    -8.1875,
                    -8.1875
                ],
                [
                    -8.25,
                    -8.25,
                    -8.25,
                    -8.25,
                    -6.8125,
                    -8.25,
                    -6.8125,
                    -8.25,
                    -8.25,
                    -8.25,
                    -8.25
                ],
                [
                    -8.5,
                    -8.5,
                    -8.5,
                    -8.5,
                    -6.8125,
                    -8.5,
                    -6.8125,
                    -8.5,
                    -8.5,
                    -8.5,
                    -8.5
                ],
                [
                    -6.8125,
                    -6.8125,
                    -6.8125,
                    -6.8125,
                    -4.625,
                    -6.8125,
                    -4.625,
                    -6.8125,
                    -6.8125,
                    -6.8125,
                    -6.8125
                ],
                [
                    -6.53125,
                    -6.53125,
                    -6.53125,
                    -6.53125,
                    -6.09375,
                    -6.53125,
                    -6.09375,
                    -6.53125,
                    -6.53125,
                    -6.53125,
                    -6.53125
                ],
                [
                    -7.21875,
                    -7.21875,
                    -7.21875,
                    -7.21875,
                    -5.46875,
                    -7.21875,
                    -5.46875,
                    -7.21875,
                    -7.21875,
                    -7.21875,
                    -7.21875
                ],
                [
                    -7.0,
                    -7.0,
                    -7.0,
                    -7.0,
                    -6.3125,
                    -7.0,
                    -6.3125,
                    -7.0,
                    -7.0,
                    -7.0,
                    -7.0
                ],
                [
                    -5.59375,
                    -5.59375,
                    -5.59375,
                    -5.59375,
                    -5.59375,
                    -5.59375,
                    -5.59375,
                    -5.59375,
                    -5.59375,
                    -5.59375,
                    -5.59375
                ],
                [
                    -5.28125,
                    -5.28125,
                    -5.28125,
                    -5.28125,
                    -5.03125,
                    -5.28125,
                    -5.03125,
                    -5.28125,
                    -5.28125,
                    -5.28125,
                    -5.28125
                ]
            ]
        ],
        "prompt_sensitivities": [
            0.3721590909090909
        ],
        "posix": 0.3721590909090909
    }
}