{
    "file_name": "question_46_variants.json",
    "overall_posix": 0.1746418975820445,
    "detailed_scores": [
        {
            "Variation 1": 0.0,
            "Variation 2": 0.0,
            "Variation 3": 0.0,
            "Variation 4": 0.0,
            "Variation 5": 0.0,
            "Variation 6": 0.0,
            "Variation 7": 0.20779526895946926,
            "Variation 8": 0.0,
            "Variation 9": 0.0,
            "Variation 10": 0.0
        }
    ],
    "trace": {
        "prompts": [
            "Is there a pneumothorax present on the chest X-ray? Please choose from the following two options: [yes, no]\n<image>"
        ],
        "responses": [
            [
                "yes",
                "yes",
                "yes",
                "yes",
                "yes",
                "yes",
                "yes",
                "Yes, there is a left-sided pneumothorax present on the chest X-ray.",
                "yes",
                "yes",
                "yes"
            ]
        ],
        "logprob_matrices": [
            [
                [
                    -7.59375,
                    -7.59375,
                    -7.59375,
                    -7.59375,
                    -7.59375,
                    -7.59375,
                    -7.59375,
                    -11.334064841270447,
                    -7.59375,
                    -7.59375,
                    -7.59375
                ],
                [
                    -6.59375,
                    -6.59375,
                    -6.59375,
                    -6.59375,
                    -6.59375,
                    -6.59375,
                    -6.59375,
                    -8.668813109397888,
                    -6.59375,
                    -6.59375,
                    -6.59375
                ],
                [
                    -6.96875,
                    -6.96875,
                    -6.96875,
                    -6.96875,
                    -6.96875,
                    -6.96875,
                    -6.96875,
                    -8.190042853355408,
                    -6.96875,
                    -6.96875,
                    -6.96875
                ],
                [
                    -6.96875,
                    -6.96875,
                    -6.96875,
                    -6.96875,
                    -6.96875,
                    -6.96875,
                    -6.96875,
                    -8.190042853355408,
                    -6.96875,
                    -6.96875,
                    -6.96875
                ],
                [
                    -3.734375,
                    -3.734375,
                    -3.734375,
                    -3.734375,
                    -3.734375,
                    -3.734375,
                    -3.734375,
                    -7.405510187149048,
                    -3.734375,
                    -3.734375,
                    -3.734375
                ],
                [
                    -8.125,
                    -8.125,
                    -8.125,
                    -8.125,
                    -8.125,
                    -8.125,
                    -8.125,
                    -8.722982287406921,
                    -8.125,
                    -8.125,
                    -8.125
                ],
                [
                    -6.4375,
                    -6.4375,
                    -6.4375,
                    -6.4375,
                    -6.4375,
                    -6.4375,
                    -6.4375,
                    -8.685717463493347,
                    -6.4375,
                    -6.4375,
                    -6.4375
                ],
                [
                    -5.78125,
                    -5.78125,
                    -5.78125,
                    -5.78125,
                    -5.78125,
                    -5.78125,
                    -5.78125,
                    -7.5717527866363525,
                    -5.78125,
                    -5.78125,
                    -5.78125
                ],
                [
                    -5.5625,
                    -5.5625,
                    -5.5625,
                    -5.5625,
                    -5.5625,
                    -5.5625,
                    -5.5625,
                    -9.278924942016602,
                    -5.5625,
                    -5.5625,
                    -5.5625
                ],
                [
                    -6.09375,
                    -6.09375,
                    -6.09375,
                    -6.09375,
                    -6.09375,
                    -6.09375,
                    -6.09375,
                    -8.566236734390259,
                    -6.09375,
                    -6.09375,
                    -6.09375
                ],
                [
                    -5.53125,
                    -5.53125,
                    -5.53125,
                    -5.53125,
                    -5.53125,
                    -5.53125,
                    -5.53125,
                    -8.067495346069336,
                    -5.53125,
                    -5.53125,
                    -5.53125
                ]
            ]
        ],
        "prompt_sensitivities": [
            0.1746418975820445
        ],
        "posix": 0.1746418975820445
    }
}