{
    "file_name": "question_336_variants.json",
    "overall_posix": 0.4522549715909091,
    "detailed_scores": [
        {
            "Variation 1": 1.5625,
            "Variation 2": 0.0,
            "Variation 3": 1.5625,
            "Variation 4": 1.5625,
            "Variation 5": 1.73828125,
            "Variation 6": 0.0,
            "Variation 7": 0.0,
            "Variation 8": 1.5625,
            "Variation 9": 0.0,
            "Variation 10": 0.0
        }
    ],
    "trace": {
        "prompts": [
            "According to the chest X-ray, are the lungs well-inflated and without collapse? Please choose from the following two options: [yes, no]\n<image>"
        ],
        "responses": [
            [
                "yes",
                "Yes",
                "yes",
                "Yes",
                "Yes",
                "Yes.",
                "yes",
                "yes",
                "Yes",
                "yes",
                "yes"
            ]
        ],
        "logprob_matrices": [
            [
                [
                    -6.5625,
                    -8.125,
                    -6.5625,
                    -8.125,
                    -8.125,
                    -10.0390625,
                    -6.5625,
                    -6.5625,
                    -8.125,
                    -6.5625,
                    -6.5625
                ],
                [
                    -7.03125,
                    -6.03125,
                    -7.03125,
                    -6.03125,
                    -6.03125,
                    -8.328125,
                    -7.03125,
                    -7.03125,
                    -6.03125,
                    -7.03125,
                    -7.03125
                ],
                [
                    -5.03125,
                    -4.96875,
                    -5.03125,
                    -4.96875,
                    -4.96875,
                    -7.5625,
                    -5.03125,
                    -5.03125,
                    -4.96875,
                    -5.03125,
                    -5.03125
                ],
                [
                    -4.46875,
                    -5.03125,
                    -4.46875,
                    -5.03125,
                    -5.03125,
                    -7.296875,
                    -4.46875,
                    -4.46875,
                    -5.03125,
                    -4.46875,
                    -4.46875
                ],
                [
                    -7.5625,
                    -6.625,
                    -7.5625,
                    -6.625,
                    -6.625,
                    -10.625,
                    -7.5625,
                    -7.5625,
                    -6.625,
                    -7.5625,
                    -7.5625
                ],
                [
                    -7.125,
                    -7.5,
                    -7.125,
                    -7.5,
                    -7.5,
                    -7.98828125,
                    -7.125,
                    -7.125,
                    -7.5,
                    -7.125,
                    -7.125
                ],
                [
                    -8.25,
                    -7.4375,
                    -8.25,
                    -7.4375,
                    -7.4375,
                    -8.17578125,
                    -8.25,
                    -8.25,
                    -7.4375,
                    -8.25,
                    -8.25
                ],
                [
                    -7.46875,
                    -6.28125,
                    -7.46875,
                    -6.28125,
                    -6.28125,
                    -8.875,
                    -7.46875,
                    -7.46875,
                    -6.28125,
                    -7.46875,
                    -7.46875
                ],
                [
                    -3.515625,
                    -3.515625,
                    -3.515625,
                    -3.515625,
                    -3.515625,
                    -5.1484375,
                    -3.515625,
                    -3.515625,
                    -3.515625,
                    -3.515625,
                    -3.515625
                ],
                [
                    -4.46875,
                    -4.40625,
                    -4.46875,
                    -4.40625,
                    -4.40625,
                    -6.703125,
                    -4.46875,
                    -4.46875,
                    -4.40625,
                    -4.46875,
                    -4.46875
                ],
                [
                    -7.53125,
                    -6.90625,
                    -7.53125,
                    -6.90625,
                    -6.90625,
                    -8.34375,
                    -7.53125,
                    -7.53125,
                    -6.90625,
                    -7.53125,
                    -7.53125
                ]
            ]
        ],
        "prompt_sensitivities": [
            0.4522549715909091
        ],
        "posix": 0.4522549715909091
    }
}