{
    "file_name": "question_25_variants.json",
    "overall_posix": 1.0664033221114766,
    "detailed_scores": [
        {
            "Variation 1": 0.0,
            "Variation 2": 0.0,
            "Variation 3": 0.032985687255859375,
            "Variation 4": 0.21277497944078946,
            "Variation 5": 0.21277497944078946,
            "Variation 6": 3.1875,
            "Variation 7": 0.26455039978027345,
            "Variation 8": 0.032985687255859375,
            "Variation 9": 0.032985687255859375,
            "Variation 10": 2.28125
        }
    ],
    "trace": {
        "prompts": [
            "Is there any evidence of a foreign body in the chest on the X-ray? Please choose from the following two options: [yes, no]\n<image>"
        ],
        "responses": [
            [
                "no",
                "no",
                "no",
                "Yes, there is a foreign body present in the chest on the X-ray.",
                "Yes, there is a foreign body (screw) in the chest on the X-ray.",
                "Yes, there is a foreign body (screw) in the chest on the X-ray.",
                "No.",
                "Yes, there is a foreign body (sulfur) in the chest on the X-ray.",
                "Yes, there is a foreign body present in the chest on the X-ray.",
                "Yes, there is a foreign body present in the chest on the X-ray.",
                "yes"
            ]
        ],
        "logprob_matrices": [
            [
                [
                    -9.875,
                    -9.875,
                    -9.875,
                    -10.40277099609375,
                    -13.917724609375,
                    -13.917724609375,
                    -16.25,
                    -15.166007995605469,
                    -10.40277099609375,
                    -10.40277099609375,
                    -7.59375
                ],
                [
                    -6.3125,
                    -6.3125,
                    -6.3125,
                    -7.80426025390625,
                    -10.484375,
                    -10.484375,
                    -12.484375,
                    -12.909492492675781,
                    -7.80426025390625,
                    -7.80426025390625,
                    -5.8125
                ],
                [
                    -8.0625,
                    -8.0625,
                    -8.0625,
                    -9.521484375,
                    -10.643866539001465,
                    -10.643866539001465,
                    -13.75,
                    -12.07003402709961,
                    -9.521484375,
                    -9.521484375,
                    -6.9375
                ],
                [
                    -5.8125,
                    -5.8125,
                    -5.8125,
                    -7.0397491455078125,
                    -11.700468063354492,
                    -11.700468063354492,
                    -12.1875,
                    -13.805717468261719,
                    -7.0397491455078125,
                    -7.0397491455078125,
                    -5.0
                ],
                [
                    -8.25,
                    -8.25,
                    -8.25,
                    -9.14227294921875,
                    -11.143115997314453,
                    -11.143115997314453,
                    -11.71875,
                    -12.506698608398438,
                    -9.14227294921875,
                    -9.14227294921875,
                    -6.65625
                ],
                [
                    -8.3125,
                    -8.3125,
                    -8.3125,
                    -8.90704345703125,
                    -9.033585548400879,
                    -9.033585548400879,
                    -14.5,
                    -10.31484603881836,
                    -8.90704345703125,
                    -8.90704345703125,
                    -6.96875
                ],
                [
                    -9.125,
                    -9.125,
                    -9.125,
                    -9.903778076171875,
                    -12.362028121948242,
                    -12.362028121948242,
                    -12.703125,
                    -13.482223510742188,
                    -9.903778076171875,
                    -9.903778076171875,
                    -7.40625
                ],
                [
                    -8.1875,
                    -8.1875,
                    -8.1875,
                    -9.723846435546875,
                    -11.307170867919922,
                    -11.307170867919922,
                    -13.34375,
                    -13.633316040039062,
                    -9.723846435546875,
                    -9.723846435546875,
                    -7.5625
                ],
                [
                    -6.59375,
                    -6.59375,
                    -6.59375,
                    -7.671165466308594,
                    -10.694302320480347,
                    -10.694302320480347,
                    -13.234375,
                    -12.071590423583984,
                    -7.671165466308594,
                    -7.671165466308594,
                    -5.34375
                ],
                [
                    -6.6875,
                    -6.6875,
                    -6.6875,
                    -9.635467529296875,
                    -12.135942459106445,
                    -12.135942459106445,
                    -14.21875,
                    -14.193992614746094,
                    -9.635467529296875,
                    -9.635467529296875,
                    -5.625
                ],
                [
                    -8.375,
                    -8.375,
                    -8.375,
                    -9.974578857421875,
                    -10.94754409790039,
                    -10.94754409790039,
                    -14.6875,
                    -12.75665283203125,
                    -9.974578857421875,
                    -9.974578857421875,
                    -7.59375
                ]
            ]
        ],
        "prompt_sensitivities": [
            1.0664033221114766
        ],
        "posix": 1.0664033221114766
    }
}