{
    "file_name": "question_341_variants.json",
    "overall_posix": 0.16875,
    "detailed_scores": [
        {
            "Variation 1": 0.0,
            "Variation 2": 0.0,
            "Variation 3": 0.0,
            "Variation 4": 0.125,
            "Variation 5": 0.0,
            "Variation 6": 0.0,
            "Variation 7": 0.0,
            "Variation 8": 0.0,
            "Variation 9": 0.0,
            "Variation 10": 0.0
        }
    ],
    "trace": {
        "prompts": [
            "Is the pulmonary vasculature reported as abnormal in the X-ray? Please choose from the following two options: [yes, no]\n<image>"
        ],
        "responses": [
            [
                "yes",
                "yes",
                "yes",
                "yes",
                "Yes",
                "yes",
                "yes",
                "yes",
                "yes",
                "yes",
                "yes"
            ]
        ],
        "logprob_matrices": [
            [
                [
                    -8.625,
                    -8.625,
                    -8.625,
                    -8.625,
                    -8.5,
                    -8.625,
                    -8.625,
                    -8.625,
                    -8.625,
                    -8.625,
                    -8.625
                ],
                [
                    -6.90625,
                    -6.90625,
                    -6.90625,
                    -6.90625,
                    -6.28125,
                    -6.90625,
                    -6.90625,
                    -6.90625,
                    -6.90625,
                    -6.90625,
                    -6.90625
                ],
                [
                    -8.3125,
                    -8.3125,
                    -8.3125,
                    -8.3125,
                    -6.34375,
                    -8.3125,
                    -8.3125,
                    -8.3125,
                    -8.3125,
                    -8.3125,
                    -8.3125
                ],
                [
                    -9.375,
                    -9.375,
                    -9.375,
                    -9.375,
                    -8.9375,
                    -9.375,
                    -9.375,
                    -9.375,
                    -9.375,
                    -9.375,
                    -9.375
                ],
                [
                    -9.625,
                    -9.625,
                    -9.625,
                    -9.625,
                    -8.5625,
                    -9.625,
                    -9.625,
                    -9.625,
                    -9.625,
                    -9.625,
                    -9.625
                ],
                [
                    -7.34375,
                    -7.34375,
                    -7.34375,
                    -7.34375,
                    -7.15625,
                    -7.34375,
                    -7.34375,
                    -7.34375,
                    -7.34375,
                    -7.34375,
                    -7.34375
                ],
                [
                    -6.34375,
                    -6.34375,
                    -6.34375,
                    -6.34375,
                    -6.90625,
                    -6.34375,
                    -6.34375,
                    -6.34375,
                    -6.34375,
                    -6.34375,
                    -6.34375
                ],
                [
                    -8.6875,
                    -8.6875,
                    -8.6875,
                    -8.6875,
                    -8.8125,
                    -8.6875,
                    -8.6875,
                    -8.6875,
                    -8.6875,
                    -8.6875,
                    -8.6875
                ],
                [
                    -6.15625,
                    -6.15625,
                    -6.15625,
                    -6.15625,
                    -7.28125,
                    -6.15625,
                    -6.15625,
                    -6.15625,
                    -6.15625,
                    -6.15625,
                    -6.15625
                ],
                [
                    -9.5,
                    -9.5,
                    -9.5,
                    -9.5,
                    -7.46875,
                    -9.5,
                    -9.5,
                    -9.5,
                    -9.5,
                    -9.5,
                    -9.5
                ],
                [
                    -9.5625,
                    -9.5625,
                    -9.5625,
                    -9.5625,
                    -8.8125,
                    -9.5625,
                    -9.5625,
                    -9.5625,
                    -9.5625,
                    -9.5625,
                    -9.5625
                ]
            ]
        ],
        "prompt_sensitivities": [
            0.16875
        ],
        "posix": 0.16875
    }
}