{
    "file_name": "question_357_variants.json",
    "overall_posix": 3.9418635573107874,
    "detailed_scores": [
        {
            "Variation 1": 0.6848955154418945,
            "Variation 2": 2.390625,
            "Variation 3": 2.25,
            "Variation 4": 2.875,
            "Variation 5": 2.25,
            "Variation 6": 0.8676061263451209,
            "Variation 7": 2.25,
            "Variation 8": 2.875,
            "Variation 9": 1.875,
            "Variation 10": 2.25
        }
    ],
    "trace": {
        "prompts": [
            "Does the chest X-ray show any acute bony abnormalities? Please choose from the following two options: [yes, no]\n<image>"
        ],
        "responses": [
            [
                "no",
                "Yes, there is a left-sided rib fracture visible on the chest X-ray.",
                "No.",
                "No",
                "yes",
                "No",
                "Yes, there is a left-sided chest X-ray showing a left-sided densities which is a type of acute bony abnormality.",
                "No",
                "yes",
                "Yes",
                "No"
            ]
        ],
        "logprob_matrices": [
            [
                [
                    -8.75,
                    -19.708328247070312,
                    -13.53125,
                    -11.0,
                    -5.875,
                    -11.0,
                    -31.307759284973145,
                    -11.0,
                    -5.875,
                    -6.875,
                    -11.0
                ],
                [
                    -7.75,
                    -17.889450073242188,
                    -11.34375,
                    -9.0,
                    -5.625,
                    -9.0,
                    -32.79559373855591,
                    -9.0,
                    -5.625,
                    -6.5,
                    -9.0
                ],
                [
                    -9.375,
                    -16.283140182495117,
                    -10.5625,
                    -8.9375,
                    -5.90625,
                    -8.9375,
                    -26.464722156524658,
                    -8.9375,
                    -5.90625,
                    -4.90625,
                    -8.9375
                ],
                [
                    -9.1875,
                    -17.720199584960938,
                    -11.375,
                    -9.25,
                    -6.46875,
                    -9.25,
                    -29.587329387664795,
                    -9.25,
                    -6.46875,
                    -6.15625,
                    -9.25
                ],
                [
                    -8.0,
                    -19.970703125,
                    -13.140625,
                    -11.125,
                    -5.96875,
                    -11.125,
                    -34.095449924468994,
                    -11.125,
                    -5.96875,
                    -7.9375,
                    -11.125
                ],
                [
                    -9.0,
                    -17.991400718688965,
                    -12.015625,
                    -9.4375,
                    -7.0,
                    -9.4375,
                    -29.2440447807312,
                    -9.4375,
                    -7.0,
                    -6.8125,
                    -9.4375
                ],
                [
                    -6.71875,
                    -16.382293701171875,
                    -11.0,
                    -9.0625,
                    -4.84375,
                    -9.0625,
                    -31.298596382141113,
                    -9.0625,
                    -4.84375,
                    -4.59375,
                    -9.0625
                ],
                [
                    -10.1875,
                    -19.104938507080078,
                    -12.5,
                    -9.9375,
                    -9.0625,
                    -9.9375,
                    -31.17316174507141,
                    -9.9375,
                    -9.0625,
                    -7.6875,
                    -9.9375
                ],
                [
                    -9.1875,
                    -18.266098022460938,
                    -11.75,
                    -9.25,
                    -6.96875,
                    -9.25,
                    -32.1884491443634,
                    -9.25,
                    -6.96875,
                    -7.28125,
                    -9.25
                ],
                [
                    -9.0625,
                    -18.901004791259766,
                    -12.265625,
                    -9.6875,
                    -8.125,
                    -9.6875,
                    -31.385428190231323,
                    -9.6875,
                    -8.125,
                    -7.28125,
                    -9.6875
                ],
                [
                    -9.0,
                    -17.468931436538696,
                    -12.640625,
                    -9.1875,
                    -8.125,
                    -9.1875,
                    -27.21466088294983,
                    -9.1875,
                    -8.125,
                    -6.375,
                    -9.1875
                ]
            ]
        ],
        "prompt_sensitivities": [
            3.9418635573107874
        ],
        "posix": 3.9418635573107874
    }
}