{
    "file_name": "question_76_variants.json",
    "overall_posix": 2.3381275397358516,
    "detailed_scores": [
        {
            "Variation 1": 0.5,
            "Variation 2": 0.5,
            "Variation 3": 0.5,
            "Variation 4": 0.5980972316530015,
            "Variation 5": 0.5,
            "Variation 6": 1.65625,
            "Variation 7": 1.65625,
            "Variation 8": 1.65625,
            "Variation 9": 0.5,
            "Variation 10": 1.65625
        }
    ],
    "trace": {
        "prompts": [
            "Does the chest X-ray show any signs of lung consolidation? Please choose from the following two options: [yes, no]\n<image>"
        ],
        "responses": [
            [
                "yes",
                "Yes",
                "Yes",
                "Yes",
                "Yes, the chest X-ray shows signs of lung consolidation, which is a condition in which the\u80ba\u90e8\u6709\u708e\u75c7\u6216\u611f\u67d3\u5bfc\u81f4\u80ba\u90e8\u7ec4\u7ec7\u80bf\u80c0\u548c\u79ef\u805a\u6db2\u4f53\u3002",
                "Yes",
                "Yes.",
                "Yes.",
                "Yes.",
                "Yes",
                "Yes."
            ]
        ],
        "logprob_matrices": [
            [
                [
                    -7.28125,
                    -7.78125,
                    -7.78125,
                    -7.78125,
                    -28.812750339508057,
                    -7.78125,
                    -10.59375,
                    -10.59375,
                    -10.59375,
                    -7.78125,
                    -10.59375
                ],
                [
                    -8.625,
                    -7.34375,
                    -7.34375,
                    -7.34375,
                    -25.37628173828125,
                    -7.34375,
                    -10.328125,
                    -10.328125,
                    -10.328125,
                    -7.34375,
                    -10.328125
                ],
                [
                    -5.03125,
                    -5.40625,
                    -5.40625,
                    -5.40625,
                    -22.427171230316162,
                    -5.40625,
                    -9.4375,
                    -9.4375,
                    -9.4375,
                    -5.40625,
                    -9.4375
                ],
                [
                    -7.34375,
                    -6.46875,
                    -6.46875,
                    -6.46875,
                    -28.54526948928833,
                    -6.46875,
                    -8.671875,
                    -8.671875,
                    -8.671875,
                    -6.46875,
                    -8.671875
                ],
                [
                    -6.0,
                    -5.5,
                    -5.5,
                    -5.5,
                    -23.840139389038086,
                    -5.5,
                    -9.84375,
                    -9.84375,
                    -9.84375,
                    -5.5,
                    -9.84375
                ],
                [
                    -5.875,
                    -7.25,
                    -7.25,
                    -7.25,
                    -25.144927501678467,
                    -7.25,
                    -10.421875,
                    -10.421875,
                    -10.421875,
                    -7.25,
                    -10.421875
                ],
                [
                    -6.875,
                    -6.8125,
                    -6.8125,
                    -6.8125,
                    -25.397924423217773,
                    -6.8125,
                    -10.109375,
                    -10.109375,
                    -10.109375,
                    -6.8125,
                    -10.109375
                ],
                [
                    -9.125,
                    -7.5625,
                    -7.5625,
                    -7.5625,
                    -25.520644903182983,
                    -7.5625,
                    -10.5625,
                    -10.5625,
                    -10.5625,
                    -7.5625,
                    -10.5625
                ],
                [
                    -9.125,
                    -7.5625,
                    -7.5625,
                    -7.5625,
                    -25.520644903182983,
                    -7.5625,
                    -10.5625,
                    -10.5625,
                    -10.5625,
                    -7.5625,
                    -10.5625
                ],
                [
                    -6.1875,
                    -6.625,
                    -6.625,
                    -6.625,
                    -24.937515258789062,
                    -6.625,
                    -11.125,
                    -11.125,
                    -11.125,
                    -6.625,
                    -11.125
                ],
                [
                    -5.625,
                    -5.625,
                    -5.625,
                    -5.625,
                    -28.16990852355957,
                    -5.625,
                    -8.09375,
                    -8.09375,
                    -8.09375,
                    -5.625,
                    -8.09375
                ]
            ]
        ],
        "prompt_sensitivities": [
            2.3381275397358516
        ],
        "posix": 2.3381275397358516
    }
}