{
    "file_name": "question_201_variants.json",
    "overall_posix": 1.2737541232572982,
    "detailed_scores": [
        {
            "Variation 1": 0.0,
            "Variation 2": 0.3125,
            "Variation 3": 1.109375,
            "Variation 4": 0.3755214876598782,
            "Variation 5": 0.3909413689061215,
            "Variation 6": 1.109375,
            "Variation 7": 0.0,
            "Variation 8": 0.3909413689061215,
            "Variation 9": 0.4100809494654338,
            "Variation 10": 1.109375
        }
    ],
    "trace": {
        "prompts": [
            "Does the X-ray show any signs of lung congestion? Please choose from the following two options: [yes, no]\n<image>"
        ],
        "responses": [
            [
                "yes",
                "yes",
                "Yes",
                "Yes.",
                "Yes, the X-ray shows signs of lung congestion in the areas indicated by the arrow.",
                "Yes, the X-ray shows signs of lung congestion in the areas denoted by the arrows.",
                "Yes.",
                "yes",
                "Yes, the X-ray shows signs of lung congestion in the areas denoted by the arrows.",
                "Yes, the X-ray shows signs of lung congestion in the areas indicated by the arrows.",
                "Yes."
            ]
        ],
        "logprob_matrices": [
            [
                [
                    -7.75,
                    -7.75,
                    -7.4375,
                    -9.96875,
                    -14.509386777877808,
                    -15.177886009216309,
                    -9.96875,
                    -7.75,
                    -15.177886009216309,
                    -15.131457090377808,
                    -9.96875
                ],
                [
                    -7.375,
                    -7.375,
                    -6.75,
                    -10.21875,
                    -12.06061315536499,
                    -12.031590461730957,
                    -10.21875,
                    -7.375,
                    -12.031590461730957,
                    -12.18622350692749,
                    -10.21875
                ],
                [
                    -6.34375,
                    -6.34375,
                    -5.71875,
                    -8.3125,
                    -12.054458379745483,
                    -12.287689208984375,
                    -8.3125,
                    -6.34375,
                    -12.287689208984375,
                    -12.178359746932983,
                    -8.3125
                ],
                [
                    -5.53125,
                    -5.53125,
                    -5.28125,
                    -9.109375,
                    -10.986769199371338,
                    -11.75047254562378,
                    -9.109375,
                    -5.53125,
                    -11.75047254562378,
                    -11.863020420074463,
                    -9.109375
                ],
                [
                    -6.78125,
                    -6.78125,
                    -5.09375,
                    -8.609375,
                    -10.366734266281128,
                    -10.853803396224976,
                    -8.609375,
                    -6.78125,
                    -10.853803396224976,
                    -11.041477918624878,
                    -8.609375
                ],
                [
                    -8.1875,
                    -8.1875,
                    -5.78125,
                    -10.25,
                    -10.418795704841614,
                    -10.932552814483643,
                    -10.25,
                    -8.1875,
                    -10.932552814483643,
                    -10.980563282966614,
                    -10.25
                ],
                [
                    -5.28125,
                    -5.28125,
                    -4.53125,
                    -6.234375,
                    -11.992923259735107,
                    -12.180280447006226,
                    -6.234375,
                    -5.28125,
                    -12.180280447006226,
                    -12.114017009735107,
                    -6.234375
                ],
                [
                    -6.4375,
                    -6.4375,
                    -7.625,
                    -10.109375,
                    -13.163248062133789,
                    -13.351491451263428,
                    -10.109375,
                    -6.4375,
                    -13.351491451263428,
                    -12.656381607055664,
                    -10.109375
                ],
                [
                    -5.84375,
                    -5.84375,
                    -5.78125,
                    -10.21875,
                    -11.026066184043884,
                    -11.286057472229004,
                    -10.21875,
                    -5.84375,
                    -11.286057472229004,
                    -10.77792775630951,
                    -10.21875
                ],
                [
                    -7.0,
                    -7.0,
                    -5.625,
                    -8.4375,
                    -12.503213882446289,
                    -13.449210166931152,
                    -8.4375,
                    -7.0,
                    -13.449210166931152,
                    -12.405557632446289,
                    -8.4375
                ],
                [
                    -8.5625,
                    -8.5625,
                    -6.3125,
                    -9.625,
                    -11.548331022262573,
                    -12.121917724609375,
                    -9.625,
                    -8.5625,
                    -12.121917724609375,
                    -12.291434049606323,
                    -9.625
                ]
            ]
        ],
        "prompt_sensitivities": [
            1.2737541232572982
        ],
        "posix": 1.2737541232572982
    }
}