{
    "file_name": "question_102_variants.json",
    "overall_posix": 0.8238991477272727,
    "detailed_scores": [
        {
            "Variation 1": 1.234375,
            "Variation 2": 0.0625,
            "Variation 3": 0.0,
            "Variation 4": 0.0,
            "Variation 5": 0.0,
            "Variation 6": 3.4375,
            "Variation 7": 0.0,
            "Variation 8": 0.0,
            "Variation 9": 0.0,
            "Variation 10": 0.0
        }
    ],
    "trace": {
        "prompts": [
            "Is the heart size abnormal on this X-ray? Please choose from the following two options: [yes, no]\n<image>"
        ],
        "responses": [
            [
                "yes",
                "Yes.",
                "no",
                "yes",
                "yes",
                "yes",
                "No",
                "yes",
                "yes",
                "yes",
                "yes"
            ]
        ],
        "logprob_matrices": [
            [
                [
                    -7.5,
                    -9.96875,
                    -7.4375,
                    -7.5,
                    -7.5,
                    -7.5,
                    -10.9375,
                    -7.5,
                    -7.5,
                    -7.5,
                    -7.5
                ],
                [
                    -5.75,
                    -9.0,
                    -7.125,
                    -5.75,
                    -5.75,
                    -5.75,
                    -9.8125,
                    -5.75,
                    -5.75,
                    -5.75,
                    -5.75
                ],
                [
                    -6.90625,
                    -8.875,
                    -6.65625,
                    -6.90625,
                    -6.90625,
                    -6.90625,
                    -9.0625,
                    -6.90625,
                    -6.90625,
                    -6.90625,
                    -6.90625
                ],
                [
                    -7.4375,
                    -9.03125,
                    -7.125,
                    -7.4375,
                    -7.4375,
                    -7.4375,
                    -10.1875,
                    -7.4375,
                    -7.4375,
                    -7.4375,
                    -7.4375
                ],
                [
                    -5.03125,
                    -8.234375,
                    -6.46875,
                    -5.03125,
                    -5.03125,
                    -5.03125,
                    -8.625,
                    -5.03125,
                    -5.03125,
                    -5.03125,
                    -5.03125
                ],
                [
                    -7.09375,
                    -8.3125,
                    -7.78125,
                    -7.09375,
                    -7.09375,
                    -7.09375,
                    -9.5,
                    -7.09375,
                    -7.09375,
                    -7.09375,
                    -7.09375
                ],
                [
                    -8.125,
                    -8.3125,
                    -7.5,
                    -8.125,
                    -8.125,
                    -8.125,
                    -9.6875,
                    -8.125,
                    -8.125,
                    -8.125,
                    -8.125
                ],
                [
                    -6.34375,
                    -8.953125,
                    -6.78125,
                    -6.34375,
                    -6.34375,
                    -6.34375,
                    -11.0,
                    -6.34375,
                    -6.34375,
                    -6.34375,
                    -6.34375
                ],
                [
                    -6.96875,
                    -7.7109375,
                    -8.1875,
                    -6.96875,
                    -6.96875,
                    -6.96875,
                    -9.9375,
                    -6.96875,
                    -6.96875,
                    -6.96875,
                    -6.96875
                ],
                [
                    -6.21875,
                    -7.21875,
                    -7.40625,
                    -6.21875,
                    -6.21875,
                    -6.21875,
                    -9.3125,
                    -6.21875,
                    -6.21875,
                    -6.21875,
                    -6.21875
                ],
                [
                    -6.25,
                    -9.140625,
                    -6.9375,
                    -6.25,
                    -6.25,
                    -6.25,
                    -10.5,
                    -6.25,
                    -6.25,
                    -6.25,
                    -6.25
                ]
            ]
        ],
        "prompt_sensitivities": [
            0.8238991477272727
        ],
        "posix": 0.8238991477272727
    }
}