{
    "file_name": "question_229_variants.json",
    "overall_posix": 0.5594032479158211,
    "detailed_scores": [
        {
            "Variation 1": 1.546875,
            "Variation 2": 0.0,
            "Variation 3": 0.0,
            "Variation 4": 0.208038330078125,
            "Variation 5": 0.23785196940104167,
            "Variation 6": 0.208038330078125,
            "Variation 7": 0.23785196940104167,
            "Variation 8": 0.208038330078125,
            "Variation 9": 0.208038330078125,
            "Variation 10": 0.25179944719587055
        }
    ],
    "trace": {
        "prompts": [
            "Is there evidence of a lung tumor on the chest X-ray? Please choose from the following two options: [yes, no]\n<image>"
        ],
        "responses": [
            [
                "yes",
                "Yes.",
                "yes",
                "yes",
                "Yes, there is a lung tumor present on the chest X-ray.",
                "Yes, there is evidence of a lung tumor on the chest X-ray.",
                "Yes, there is a lung tumor present on the chest X-ray.",
                "Yes, there is evidence of a lung tumor on the chest X-ray.",
                "Yes, there is a lung tumor present on the chest X-ray.",
                "Yes, there is a lung tumor present on the chest X-ray.",
                "Yes, there is a lung tumor visible on the chest X-ray."
            ]
        ],
        "logprob_matrices": [
            [
                [
                    -6.75,
                    -9.84375,
                    -6.75,
                    -6.75,
                    -9.66253662109375,
                    -10.317779541015625,
                    -9.66253662109375,
                    -10.317779541015625,
                    -9.66253662109375,
                    -9.66253662109375,
                    -10.275192260742188
                ],
                [
                    -5.15625,
                    -8.3125,
                    -5.15625,
                    -5.15625,
                    -6.7677154541015625,
                    -7.8954362869262695,
                    -6.7677154541015625,
                    -7.8954362869262695,
                    -6.7677154541015625,
                    -6.7677154541015625,
                    -7.021514892578125
                ],
                [
                    -7.25,
                    -9.65625,
                    -7.25,
                    -7.25,
                    -9.0714111328125,
                    -8.143282890319824,
                    -9.0714111328125,
                    -8.143282890319824,
                    -9.0714111328125,
                    -9.0714111328125,
                    -8.89398193359375
                ],
                [
                    -6.90625,
                    -10.4375,
                    -6.90625,
                    -6.90625,
                    -11.17047119140625,
                    -10.515220642089844,
                    -11.17047119140625,
                    -10.515220642089844,
                    -11.17047119140625,
                    -11.17047119140625,
                    -10.115142822265625
                ],
                [
                    -6.65625,
                    -9.578125,
                    -6.65625,
                    -6.65625,
                    -8.888290405273438,
                    -8.651057720184326,
                    -8.888290405273438,
                    -8.651057720184326,
                    -8.888290405273438,
                    -8.888290405273438,
                    -8.328636169433594
                ],
                [
                    -5.46875,
                    -9.984375,
                    -5.46875,
                    -5.46875,
                    -8.9671630859375,
                    -8.15438461303711,
                    -8.9671630859375,
                    -8.15438461303711,
                    -8.9671630859375,
                    -8.9671630859375,
                    -8.522636413574219
                ],
                [
                    -7.375,
                    -9.328125,
                    -7.375,
                    -7.375,
                    -10.4171142578125,
                    -9.73809814453125,
                    -10.4171142578125,
                    -9.73809814453125,
                    -10.4171142578125,
                    -10.4171142578125,
                    -9.8328857421875
                ],
                [
                    -6.28125,
                    -9.8125,
                    -6.28125,
                    -6.28125,
                    -8.876724243164062,
                    -7.668272018432617,
                    -8.876724243164062,
                    -7.668272018432617,
                    -8.876724243164062,
                    -8.876724243164062,
                    -8.467758178710938
                ],
                [
                    -7.21875,
                    -8.875,
                    -7.21875,
                    -7.21875,
                    -7.802581787109375,
                    -7.519071578979492,
                    -7.802581787109375,
                    -7.519071578979492,
                    -7.802581787109375,
                    -7.802581787109375,
                    -7.813377380371094
                ],
                [
                    -9.0,
                    -9.484375,
                    -9.0,
                    -9.0,
                    -9.340469360351562,
                    -8.777747631072998,
                    -9.340469360351562,
                    -8.777747631072998,
                    -9.340469360351562,
                    -9.340469360351562,
                    -9.096328735351562
                ],
                [
                    -5.90625,
                    -8.578125,
                    -5.90625,
                    -5.90625,
                    -8.52423095703125,
                    -8.445608139038086,
                    -8.52423095703125,
                    -8.445608139038086,
                    -8.52423095703125,
                    -8.52423095703125,
                    -8.308563232421875
                ]
            ]
        ],
        "prompt_sensitivities": [
            0.5594032479158211
        ],
        "posix": 0.5594032479158211
    }
}