{
    "file_name": "question_146_variants.json",
    "overall_posix": 0.39161931818181817,
    "detailed_scores": [
        {
            "Variation 1": 0.0,
            "Variation 2": 0.0,
            "Variation 3": 0.0,
            "Variation 4": 0.0,
            "Variation 5": 2.0078125,
            "Variation 6": 0.0,
            "Variation 7": 0.0,
            "Variation 8": 0.0,
            "Variation 9": 0.0,
            "Variation 10": 0.0
        }
    ],
    "trace": {
        "prompts": [
            "Is there any sign of focal opacification in the lungs on the X-ray? Please choose from the following two options: [yes, no]\n<image>"
        ],
        "responses": [
            [
                "yes",
                "yes",
                "yes",
                "yes",
                "yes",
                "Yes.",
                "yes",
                "yes",
                "yes",
                "yes",
                "yes"
            ]
        ],
        "logprob_matrices": [
            [
                [
                    -6.9375,
                    -6.9375,
                    -6.9375,
                    -6.9375,
                    -6.9375,
                    -10.953125,
                    -6.9375,
                    -6.9375,
                    -6.9375,
                    -6.9375,
                    -6.9375
                ],
                [
                    -5.8125,
                    -5.8125,
                    -5.8125,
                    -5.8125,
                    -5.8125,
                    -9.59375,
                    -5.8125,
                    -5.8125,
                    -5.8125,
                    -5.8125,
                    -5.8125
                ],
                [
                    -4.53125,
                    -4.53125,
                    -4.53125,
                    -4.53125,
                    -4.53125,
                    -9.8125,
                    -4.53125,
                    -4.53125,
                    -4.53125,
                    -4.53125,
                    -4.53125
                ],
                [
                    -5.75,
                    -5.75,
                    -5.75,
                    -5.75,
                    -5.75,
                    -8.625,
                    -5.75,
                    -5.75,
                    -5.75,
                    -5.75,
                    -5.75
                ],
                [
                    -5.6875,
                    -5.6875,
                    -5.6875,
                    -5.6875,
                    -5.6875,
                    -9.3125,
                    -5.6875,
                    -5.6875,
                    -5.6875,
                    -5.6875,
                    -5.6875
                ],
                [
                    -6.53125,
                    -6.53125,
                    -6.53125,
                    -6.53125,
                    -6.53125,
                    -8.875,
                    -6.53125,
                    -6.53125,
                    -6.53125,
                    -6.53125,
                    -6.53125
                ],
                [
                    -5.40625,
                    -5.40625,
                    -5.40625,
                    -5.40625,
                    -5.40625,
                    -9.40625,
                    -5.40625,
                    -5.40625,
                    -5.40625,
                    -5.40625,
                    -5.40625
                ],
                [
                    -4.625,
                    -4.625,
                    -4.625,
                    -4.625,
                    -4.625,
                    -9.75,
                    -4.625,
                    -4.625,
                    -4.625,
                    -4.625,
                    -4.625
                ],
                [
                    -6.46875,
                    -6.46875,
                    -6.46875,
                    -6.46875,
                    -6.46875,
                    -9.84375,
                    -6.46875,
                    -6.46875,
                    -6.46875,
                    -6.46875,
                    -6.46875
                ],
                [
                    -5.8125,
                    -5.8125,
                    -5.8125,
                    -5.8125,
                    -5.8125,
                    -9.59375,
                    -5.8125,
                    -5.8125,
                    -5.8125,
                    -5.8125,
                    -5.8125
                ],
                [
                    -5.6875,
                    -5.6875,
                    -5.6875,
                    -5.6875,
                    -5.6875,
                    -9.109375,
                    -5.6875,
                    -5.6875,
                    -5.6875,
                    -5.6875,
                    -5.6875
                ]
            ]
        ],
        "prompt_sensitivities": [
            0.39161931818181817
        ],
        "posix": 0.39161931818181817
    }
}