{
    "file_name": "question_59_variants.json",
    "overall_posix": 0.7502324600653215,
    "detailed_scores": [
        {
            "Variation 1": 1.5546875,
            "Variation 2": 1.5546875,
            "Variation 3": 0.15061692595481874,
            "Variation 4": 0.15061692595481874,
            "Variation 5": 0.15061692595481874,
            "Variation 6": 0.25,
            "Variation 7": 0.0,
            "Variation 8": 0.15061692595481874,
            "Variation 9": 1.5546875,
            "Variation 10": 1.5546875
        }
    ],
    "trace": {
        "prompts": [
            "Are there any signs of a focal infiltrate in the patient's lungs on the X-ray? Please choose from the following two options: [yes, no]\n<image>"
        ],
        "responses": [
            [
                "yes",
                "Yes.",
                "Yes.",
                "Yes, there are signs of a focal infiltrate in the patient's lungs on the X-ray.",
                "Yes, there are signs of a focal infiltrate in the patient's lungs on the X-ray.",
                "Yes, there are signs of a focal infiltrate in the patient's lungs on the X-ray.",
                "Yes",
                "yes",
                "Yes, there are signs of a focal infiltrate in the patient's lungs on the X-ray.",
                "Yes.",
                "Yes."
            ]
        ],
        "logprob_matrices": [
            [
                [
                    -6.65625,
                    -9.765625,
                    -9.765625,
                    -9.668588519096375,
                    -9.668588519096375,
                    -9.668588519096375,
                    -6.90625,
                    -6.65625,
                    -9.668588519096375,
                    -9.765625,
                    -9.765625
                ],
                [
                    -7.59375,
                    -8.71875,
                    -8.71875,
                    -8.575804591178894,
                    -8.575804591178894,
                    -8.575804591178894,
                    -6.96875,
                    -7.59375,
                    -8.575804591178894,
                    -8.71875,
                    -8.71875
                ],
                [
                    -5.4375,
                    -7.59375,
                    -7.59375,
                    -5.642532706260681,
                    -5.642532706260681,
                    -5.642532706260681,
                    -4.875,
                    -5.4375,
                    -5.642532706260681,
                    -7.59375,
                    -7.59375
                ],
                [
                    -6.15625,
                    -9.9375,
                    -9.9375,
                    -6.662776708602905,
                    -6.662776708602905,
                    -6.662776708602905,
                    -5.65625,
                    -6.15625,
                    -6.662776708602905,
                    -9.9375,
                    -9.9375
                ],
                [
                    -8.5,
                    -12.75,
                    -12.75,
                    -7.981133460998535,
                    -7.981133460998535,
                    -7.981133460998535,
                    -6.5625,
                    -8.5,
                    -7.981133460998535,
                    -12.75,
                    -12.75
                ],
                [
                    -7.625,
                    -9.671875,
                    -9.671875,
                    -8.629331588745117,
                    -8.629331588745117,
                    -8.629331588745117,
                    -6.625,
                    -7.625,
                    -8.629331588745117,
                    -9.671875,
                    -9.671875
                ],
                [
                    -5.3125,
                    -7.3125,
                    -7.3125,
                    -6.497420787811279,
                    -6.497420787811279,
                    -6.497420787811279,
                    -4.5625,
                    -5.3125,
                    -6.497420787811279,
                    -7.3125,
                    -7.3125
                ],
                [
                    -5.65625,
                    -7.3125,
                    -7.3125,
                    -6.604823589324951,
                    -6.604823589324951,
                    -6.604823589324951,
                    -4.40625,
                    -5.65625,
                    -6.604823589324951,
                    -7.3125,
                    -7.3125
                ],
                [
                    -8.75,
                    -11.203125,
                    -11.203125,
                    -8.87452495098114,
                    -8.87452495098114,
                    -8.87452495098114,
                    -7.34375,
                    -8.75,
                    -8.87452495098114,
                    -11.203125,
                    -11.203125
                ],
                [
                    -9.6875,
                    -11.640625,
                    -11.640625,
                    -9.323522329330444,
                    -9.323522329330444,
                    -9.323522329330444,
                    -7.96875,
                    -9.6875,
                    -9.323522329330444,
                    -11.640625,
                    -11.640625
                ],
                [
                    -9.4375,
                    -12.3125,
                    -12.3125,
                    -9.154784560203552,
                    -9.154784560203552,
                    -9.154784560203552,
                    -7.96875,
                    -9.4375,
                    -9.154784560203552,
                    -12.3125,
                    -12.3125
                ]
            ]
        ],
        "prompt_sensitivities": [
            0.7502324600653215
        ],
        "posix": 0.7502324600653215
    }
}