{
    "file_name": "question_85_variants.json",
    "overall_posix": 0.5824573863636363,
    "detailed_scores": [
        {
            "Variation 1": 1.34765625,
            "Variation 2": 0.0,
            "Variation 3": 1.34765625,
            "Variation 4": 1.0625,
            "Variation 5": 1.34765625,
            "Variation 6": 1.34765625,
            "Variation 7": 1.34765625,
            "Variation 8": 0.0,
            "Variation 9": 1.34765625,
            "Variation 10": 1.34765625
        }
    ],
    "trace": {
        "prompts": [
            "Has the previously noted right midlung opacity resolved on the follow-up chest X-ray? Please choose from the following two options: [yes, no]\n<image>"
        ],
        "responses": [
            [
                "yes",
                "Yes.",
                "yes",
                "Yes.",
                "Yes",
                "Yes.",
                "Yes.",
                "Yes.",
                "yes",
                "Yes.",
                "Yes."
            ]
        ],
        "logprob_matrices": [
            [
                [
                    -6.125,
                    -8.8203125,
                    -6.125,
                    -8.8203125,
                    -7.1875,
                    -8.8203125,
                    -8.8203125,
                    -8.8203125,
                    -6.125,
                    -8.8203125,
                    -8.8203125
                ],
                [
                    -3.828125,
                    -5.890625,
                    -3.828125,
                    -5.890625,
                    -4.03125,
                    -5.890625,
                    -5.890625,
                    -5.890625,
                    -3.828125,
                    -5.890625,
                    -5.890625
                ],
                [
                    -6.09375,
                    -9.3984375,
                    -6.09375,
                    -9.3984375,
                    -7.46875,
                    -9.3984375,
                    -9.3984375,
                    -9.3984375,
                    -6.09375,
                    -9.3984375,
                    -9.3984375
                ],
                [
                    -7.75,
                    -7.625,
                    -7.75,
                    -7.625,
                    -5.5,
                    -7.625,
                    -7.625,
                    -7.625,
                    -7.75,
                    -7.625,
                    -7.625
                ],
                [
                    -5.0625,
                    -7.296875,
                    -5.0625,
                    -7.296875,
                    -5.25,
                    -7.296875,
                    -7.296875,
                    -7.296875,
                    -5.0625,
                    -7.296875,
                    -7.296875
                ],
                [
                    -6.5,
                    -6.53125,
                    -6.5,
                    -6.53125,
                    -5.3125,
                    -6.53125,
                    -6.53125,
                    -6.53125,
                    -6.5,
                    -6.53125,
                    -6.53125
                ],
                [
                    -9.5625,
                    -8.4375,
                    -9.5625,
                    -8.4375,
                    -7.125,
                    -8.4375,
                    -8.4375,
                    -8.4375,
                    -9.5625,
                    -8.4375,
                    -8.4375
                ],
                [
                    -8.4375,
                    -8.71875,
                    -8.4375,
                    -8.71875,
                    -6.8125,
                    -8.71875,
                    -8.71875,
                    -8.71875,
                    -8.4375,
                    -8.71875,
                    -8.71875
                ],
                [
                    -5.28125,
                    -6.625,
                    -5.28125,
                    -6.625,
                    -4.96875,
                    -6.625,
                    -6.625,
                    -6.625,
                    -5.28125,
                    -6.625,
                    -6.625
                ],
                [
                    -4.28125,
                    -5.8515625,
                    -4.28125,
                    -5.8515625,
                    -4.34375,
                    -5.8515625,
                    -5.8515625,
                    -5.8515625,
                    -4.28125,
                    -5.8515625,
                    -5.8515625
                ],
                [
                    -8.5625,
                    -8.515625,
                    -8.5625,
                    -8.515625,
                    -6.28125,
                    -8.515625,
                    -8.515625,
                    -8.515625,
                    -8.5625,
                    -8.515625,
                    -8.515625
                ]
            ]
        ],
        "prompt_sensitivities": [
            0.5824573863636363
        ],
        "posix": 0.5824573863636363
    }
}