{
    "file_name": "question_389_variants.json",
    "overall_posix": 1.2482954545454545,
    "detailed_scores": [
        {
            "Variation 1": 4.40625,
            "Variation 2": 4.40625,
            "Variation 3": 4.40625,
            "Variation 4": 4.40625,
            "Variation 5": 4.40625,
            "Variation 6": 0.5625,
            "Variation 7": 4.40625,
            "Variation 8": 4.40625,
            "Variation 9": 4.40625,
            "Variation 10": 4.40625
        }
    ],
    "trace": {
        "prompts": [
            "Is the cardiac silhouette size within normal limits on this chest X-ray? Please choose from the following two options: [yes, no]\n<image>"
        ],
        "responses": [
            [
                "yes",
                "No",
                "No",
                "No",
                "No",
                "No",
                "Yes",
                "No",
                "No",
                "No",
                "No"
            ]
        ],
        "logprob_matrices": [
            [
                [
                    -6.40625,
                    -10.8125,
                    -10.8125,
                    -10.8125,
                    -10.8125,
                    -10.8125,
                    -6.96875,
                    -10.8125,
                    -10.8125,
                    -10.8125,
                    -10.8125
                ],
                [
                    -6.65625,
                    -8.5,
                    -8.5,
                    -8.5,
                    -8.5,
                    -8.5,
                    -4.90625,
                    -8.5,
                    -8.5,
                    -8.5,
                    -8.5
                ],
                [
                    -5.59375,
                    -9.125,
                    -9.125,
                    -9.125,
                    -9.125,
                    -9.125,
                    -4.96875,
                    -9.125,
                    -9.125,
                    -9.125,
                    -9.125
                ],
                [
                    -6.21875,
                    -9.125,
                    -9.125,
                    -9.125,
                    -9.125,
                    -9.125,
                    -4.46875,
                    -9.125,
                    -9.125,
                    -9.125,
                    -9.125
                ],
                [
                    -5.84375,
                    -7.65625,
                    -7.65625,
                    -7.65625,
                    -7.65625,
                    -7.65625,
                    -3.796875,
                    -7.65625,
                    -7.65625,
                    -7.65625,
                    -7.65625
                ],
                [
                    -5.125,
                    -9.0,
                    -9.0,
                    -9.0,
                    -9.0,
                    -9.0,
                    -4.4375,
                    -9.0,
                    -9.0,
                    -9.0,
                    -9.0
                ],
                [
                    -5.875,
                    -7.8125,
                    -7.8125,
                    -7.8125,
                    -7.8125,
                    -7.8125,
                    -4.8125,
                    -7.8125,
                    -7.8125,
                    -7.8125,
                    -7.8125
                ],
                [
                    -6.09375,
                    -9.5625,
                    -9.5625,
                    -9.5625,
                    -9.5625,
                    -9.5625,
                    -5.03125,
                    -9.5625,
                    -9.5625,
                    -9.5625,
                    -9.5625
                ],
                [
                    -5.84375,
                    -7.65625,
                    -7.65625,
                    -7.65625,
                    -7.65625,
                    -7.65625,
                    -3.796875,
                    -7.65625,
                    -7.65625,
                    -7.65625,
                    -7.65625
                ],
                [
                    -6.4375,
                    -10.625,
                    -10.625,
                    -10.625,
                    -10.625,
                    -10.625,
                    -6.4375,
                    -10.625,
                    -10.625,
                    -10.625,
                    -10.625
                ],
                [
                    -5.4375,
                    -11.625,
                    -11.625,
                    -11.625,
                    -11.625,
                    -11.625,
                    -5.625,
                    -11.625,
                    -11.625,
                    -11.625,
                    -11.625
                ]
            ]
        ],
        "prompt_sensitivities": [
            1.2482954545454545
        ],
        "posix": 1.2482954545454545
    }
}