{
    "file_name": "question_130_variants.json",
    "overall_posix": 0.1965909090909091,
    "detailed_scores": [
        {
            "Variation 1": 0.0,
            "Variation 2": 0.0,
            "Variation 3": 0.0,
            "Variation 4": 0.0,
            "Variation 5": 0.0,
            "Variation 6": 0.0,
            "Variation 7": 0.0,
            "Variation 8": 0.0,
            "Variation 9": 0.0,
            "Variation 10": 0.0
        }
    ],
    "trace": {
        "prompts": [
            "Can a pneumothorax be observed in the chest X-ray? Please choose from the following two options: [yes, no]\n<image>"
        ],
        "responses": [
            [
                "yes",
                "yes",
                "yes",
                "yes",
                "yes",
                "yes",
                "Yes",
                "yes",
                "yes",
                "Yes",
                "yes"
            ]
        ],
        "logprob_matrices": [
            [
                [
                    -6.71875,
                    -6.71875,
                    -6.71875,
                    -6.71875,
                    -6.71875,
                    -6.71875,
                    -6.71875,
                    -6.71875,
                    -6.71875,
                    -6.71875,
                    -6.71875
                ],
                [
                    -5.90625,
                    -5.90625,
                    -5.90625,
                    -5.90625,
                    -5.90625,
                    -5.90625,
                    -6.34375,
                    -5.90625,
                    -5.90625,
                    -6.34375,
                    -5.90625
                ],
                [
                    -9.75,
                    -9.75,
                    -9.75,
                    -9.75,
                    -9.75,
                    -9.75,
                    -8.1875,
                    -9.75,
                    -9.75,
                    -8.1875,
                    -9.75
                ],
                [
                    -8.625,
                    -8.625,
                    -8.625,
                    -8.625,
                    -8.625,
                    -8.625,
                    -6.5625,
                    -8.625,
                    -8.625,
                    -6.5625,
                    -8.625
                ],
                [
                    -6.65625,
                    -6.65625,
                    -6.65625,
                    -6.65625,
                    -6.65625,
                    -6.65625,
                    -8.875,
                    -6.65625,
                    -6.65625,
                    -8.875,
                    -6.65625
                ],
                [
                    -5.625,
                    -5.625,
                    -5.625,
                    -5.625,
                    -5.625,
                    -5.625,
                    -5.5,
                    -5.625,
                    -5.625,
                    -5.5,
                    -5.625
                ],
                [
                    -7.15625,
                    -7.15625,
                    -7.15625,
                    -7.15625,
                    -7.15625,
                    -7.15625,
                    -7.15625,
                    -7.15625,
                    -7.15625,
                    -7.15625,
                    -7.15625
                ],
                [
                    -5.96875,
                    -5.96875,
                    -5.96875,
                    -5.96875,
                    -5.96875,
                    -5.96875,
                    -5.59375,
                    -5.96875,
                    -5.96875,
                    -5.59375,
                    -5.96875
                ],
                [
                    -8.875,
                    -8.875,
                    -8.875,
                    -8.875,
                    -8.875,
                    -8.875,
                    -7.5,
                    -8.875,
                    -8.875,
                    -7.5,
                    -8.875
                ],
                [
                    -7.03125,
                    -7.03125,
                    -7.03125,
                    -7.03125,
                    -7.03125,
                    -7.03125,
                    -6.59375,
                    -7.03125,
                    -7.03125,
                    -6.59375,
                    -7.03125
                ],
                [
                    -6.90625,
                    -6.90625,
                    -6.90625,
                    -6.90625,
                    -6.90625,
                    -6.90625,
                    -6.21875,
                    -6.90625,
                    -6.90625,
                    -6.21875,
                    -6.90625
                ]
            ]
        ],
        "prompt_sensitivities": [
            0.1965909090909091
        ],
        "posix": 0.1965909090909091
    }
}