{
    "file_name": "question_287_variants.json",
    "overall_posix": 0.0,
    "detailed_scores": [
        {
            "Variation 1": 0.0,
            "Variation 2": 0.0,
            "Variation 3": 0.0,
            "Variation 4": 0.0,
            "Variation 5": 0.0,
            "Variation 6": 0.0,
            "Variation 7": 0.0,
            "Variation 8": 0.0,
            "Variation 9": 0.0,
            "Variation 10": 0.0
        }
    ],
    "trace": {
        "prompts": [
            "Does the patient exhibit any signs of increased pulmonary vascularity on the chest X-ray? Please choose from the following two options: [yes, no]\n<image>"
        ],
        "responses": [
            [
                "yes",
                "yes",
                "yes",
                "yes",
                "yes",
                "yes",
                "yes",
                "yes",
                "yes",
                "yes",
                "yes"
            ]
        ],
        "logprob_matrices": [
            [
                [
                    -6.40625,
                    -6.40625,
                    -6.40625,
                    -6.40625,
                    -6.40625,
                    -6.40625,
                    -6.40625,
                    -6.40625,
                    -6.40625,
                    -6.40625,
                    -6.40625
                ],
                [
                    -6.8125,
                    -6.8125,
                    -6.8125,
                    -6.8125,
                    -6.8125,
                    -6.8125,
                    -6.8125,
                    -6.8125,
                    -6.8125,
                    -6.8125,
                    -6.8125
                ],
                [
                    -8.5625,
                    -8.5625,
                    -8.5625,
                    -8.5625,
                    -8.5625,
                    -8.5625,
                    -8.5625,
                    -8.5625,
                    -8.5625,
                    -8.5625,
                    -8.5625
                ],
                [
                    -6.84375,
                    -6.84375,
                    -6.84375,
                    -6.84375,
                    -6.84375,
                    -6.84375,
                    -6.84375,
                    -6.84375,
                    -6.84375,
                    -6.84375,
                    -6.84375
                ],
                [
                    -5.0625,
                    -5.0625,
                    -5.0625,
                    -5.0625,
                    -5.0625,
                    -5.0625,
                    -5.0625,
                    -5.0625,
                    -5.0625,
                    -5.0625,
                    -5.0625
                ],
                [
                    -7.875,
                    -7.875,
                    -7.875,
                    -7.875,
                    -7.875,
                    -7.875,
                    -7.875,
                    -7.875,
                    -7.875,
                    -7.875,
                    -7.875
                ],
                [
                    -5.28125,
                    -5.28125,
                    -5.28125,
                    -5.28125,
                    -5.28125,
                    -5.28125,
                    -5.28125,
                    -5.28125,
                    -5.28125,
                    -5.28125,
                    -5.28125
                ],
                [
                    -6.84375,
                    -6.84375,
                    -6.84375,
                    -6.84375,
                    -6.84375,
                    -6.84375,
                    -6.84375,
                    -6.84375,
                    -6.84375,
                    -6.84375,
                    -6.84375
                ],
                [
                    -5.8125,
                    -5.8125,
                    -5.8125,
                    -5.8125,
                    -5.8125,
                    -5.8125,
                    -5.8125,
                    -5.8125,
                    -5.8125,
                    -5.8125,
                    -5.8125
                ],
                [
                    -7.71875,
                    -7.71875,
                    -7.71875,
                    -7.71875,
                    -7.71875,
                    -7.71875,
                    -7.71875,
                    -7.71875,
                    -7.71875,
                    -7.71875,
                    -7.71875
                ],
                [
                    -8.625,
                    -8.625,
                    -8.625,
                    -8.625,
                    -8.625,
                    -8.625,
                    -8.625,
                    -8.625,
                    -8.625,
                    -8.625,
                    -8.625
                ]
            ]
        ],
        "prompt_sensitivities": [
            0.0
        ],
        "posix": 0.0
    }
}