{
    "file_name": "question_70_variants.json",
    "overall_posix": 0.7699484433640134,
    "detailed_scores": [
        {
            "Variation 1": 0.0,
            "Variation 2": 0.2722177058458328,
            "Variation 3": 2.234375,
            "Variation 4": 0.0,
            "Variation 5": 0.0,
            "Variation 6": 0.2722177058458328,
            "Variation 7": 0.2722177058458328,
            "Variation 8": 0.2722177058458328,
            "Variation 9": 0.2722177058458328,
            "Variation 10": 0.0
        }
    ],
    "trace": {
        "prompts": [
            "Are there any masses or nodules present in the chest X-ray? Please choose from the following two options: [yes, no]\n<image>"
        ],
        "responses": [
            [
                "yes",
                "yes",
                "Yes, there is a mass or nodule present in the chest X-ray.",
                "Yes.",
                "yes",
                "yes",
                "Yes, there is a mass or nodule present in the chest X-ray.",
                "Yes, there is a mass or nodule present in the chest X-ray.",
                "Yes, there is a mass or nodule present in the chest X-ray.",
                "Yes, there is a mass or nodule present in the chest X-ray.",
                "yes"
            ]
        ],
        "logprob_matrices": [
            [
                [
                    -5.78125,
                    -5.78125,
                    -10.136733293533325,
                    -10.25,
                    -5.78125,
                    -5.78125,
                    -10.136733293533325,
                    -10.136733293533325,
                    -10.136733293533325,
                    -10.136733293533325,
                    -5.78125
                ],
                [
                    -6.5,
                    -6.5,
                    -11.294710516929626,
                    -12.53125,
                    -6.5,
                    -6.5,
                    -11.294710516929626,
                    -11.294710516929626,
                    -11.294710516929626,
                    -11.294710516929626,
                    -6.5
                ],
                [
                    -6.65625,
                    -6.65625,
                    -9.714213490486145,
                    -11.1875,
                    -6.65625,
                    -6.65625,
                    -9.714213490486145,
                    -9.714213490486145,
                    -9.714213490486145,
                    -9.714213490486145,
                    -6.65625
                ],
                [
                    -8.0625,
                    -8.0625,
                    -9.462563276290894,
                    -9.1875,
                    -8.0625,
                    -8.0625,
                    -9.462563276290894,
                    -9.462563276290894,
                    -9.462563276290894,
                    -9.462563276290894,
                    -8.0625
                ],
                [
                    -4.8125,
                    -4.8125,
                    -8.516537308692932,
                    -10.96875,
                    -4.8125,
                    -4.8125,
                    -8.516537308692932,
                    -8.516537308692932,
                    -8.516537308692932,
                    -8.516537308692932,
                    -4.8125
                ],
                [
                    -8.125,
                    -8.125,
                    -9.61237108707428,
                    -12.0,
                    -8.125,
                    -8.125,
                    -9.61237108707428,
                    -9.61237108707428,
                    -9.61237108707428,
                    -9.61237108707428,
                    -8.125
                ],
                [
                    -7.75,
                    -7.75,
                    -9.312119841575623,
                    -12.5,
                    -7.75,
                    -7.75,
                    -9.312119841575623,
                    -9.312119841575623,
                    -9.312119841575623,
                    -9.312119841575623,
                    -7.75
                ],
                [
                    -7.84375,
                    -7.84375,
                    -9.59127163887024,
                    -11.875,
                    -7.84375,
                    -7.84375,
                    -9.59127163887024,
                    -9.59127163887024,
                    -9.59127163887024,
                    -9.59127163887024,
                    -7.84375
                ],
                [
                    -4.78125,
                    -4.78125,
                    -8.0770583152771,
                    -8.8125,
                    -4.78125,
                    -4.78125,
                    -8.0770583152771,
                    -8.0770583152771,
                    -8.0770583152771,
                    -8.0770583152771,
                    -4.78125
                ],
                [
                    -7.75,
                    -7.75,
                    -9.312119841575623,
                    -12.5,
                    -7.75,
                    -7.75,
                    -9.312119841575623,
                    -9.312119841575623,
                    -9.312119841575623,
                    -9.312119841575623,
                    -7.75
                ],
                [
                    -6.1875,
                    -6.1875,
                    -9.745009541511536,
                    -9.3125,
                    -6.1875,
                    -6.1875,
                    -9.745009541511536,
                    -9.745009541511536,
                    -9.745009541511536,
                    -9.745009541511536,
                    -6.1875
                ]
            ]
        ],
        "prompt_sensitivities": [
            0.7699484433640134
        ],
        "posix": 0.7699484433640134
    }
}