{
    "file_name": "question_35_variants.json",
    "overall_posix": 2.3976296164772726,
    "detailed_scores": [
        {
            "Variation 1": 1.390625,
            "Variation 2": 0.4375,
            "Variation 3": 2.2682291666666665,
            "Variation 4": 0.0,
            "Variation 5": 2.2682291666666665,
            "Variation 6": 2.2682291666666665,
            "Variation 7": 0.4375,
            "Variation 8": 0.4375,
            "Variation 9": 0.0,
            "Variation 10": 0.4375
        }
    ],
    "trace": {
        "prompts": [
            "Are the XXXX (which could imply bones, pulmonary vessels, or other chest structures depending on the context provided in the X-ray) on the chest X-ray abnormal? Please choose from the following two options: [yes, no]\n<image>"
        ],
        "responses": [
            [
                "yes",
                "Yes.",
                "Yes",
                "<image>",
                "yes",
                "<image>",
                "<image>",
                "no",
                "Yes",
                "yes",
                "Yes"
            ]
        ],
        "logprob_matrices": [
            [
                [
                    -7.53125,
                    -10.3125,
                    -7.96875,
                    -14.3359375,
                    -7.53125,
                    -14.3359375,
                    -14.3359375,
                    -7.96875,
                    -7.96875,
                    -7.53125,
                    -7.96875
                ],
                [
                    -5.3125,
                    -6.78125,
                    -5.0625,
                    -15.666015625,
                    -5.3125,
                    -15.666015625,
                    -15.666015625,
                    -7.71875,
                    -5.0625,
                    -5.3125,
                    -5.0625
                ],
                [
                    -7.375,
                    -10.546875,
                    -8.25,
                    -13.0263671875,
                    -7.375,
                    -13.0263671875,
                    -13.0263671875,
                    -8.25,
                    -8.25,
                    -7.375,
                    -8.25
                ],
                [
                    -6.875,
                    -10.734375,
                    -8.4375,
                    -15.3125,
                    -6.875,
                    -15.3125,
                    -15.3125,
                    -7.90625,
                    -8.4375,
                    -6.875,
                    -8.4375
                ],
                [
                    -9.375,
                    -12.46875,
                    -9.6875,
                    -19.234375,
                    -9.375,
                    -19.234375,
                    -19.234375,
                    -9.5,
                    -9.6875,
                    -9.375,
                    -9.6875
                ],
                [
                    -7.125,
                    -9.7578125,
                    -7.9375,
                    -14.28125,
                    -7.125,
                    -14.28125,
                    -14.28125,
                    -9.1875,
                    -7.9375,
                    -7.125,
                    -7.9375
                ],
                [
                    -6.1875,
                    -8.09375,
                    -6.5,
                    -13.33984375,
                    -6.1875,
                    -13.33984375,
                    -13.33984375,
                    -7.1875,
                    -6.5,
                    -6.1875,
                    -6.5
                ],
                [
                    -7.625,
                    -6.046875,
                    -4.6875,
                    -15.255859375,
                    -7.625,
                    -15.255859375,
                    -15.255859375,
                    -9.1875,
                    -4.6875,
                    -7.625,
                    -4.6875
                ],
                [
                    -6.0625,
                    -8.0,
                    -5.875,
                    -16.0390625,
                    -6.0625,
                    -16.0390625,
                    -16.0390625,
                    -7.375,
                    -5.875,
                    -6.0625,
                    -5.875
                ],
                [
                    -7.34375,
                    -9.46875,
                    -7.65625,
                    -13.61328125,
                    -7.34375,
                    -13.61328125,
                    -13.61328125,
                    -8.9375,
                    -7.65625,
                    -7.34375,
                    -7.65625
                ],
                [
                    -8.75,
                    -11.828125,
                    -8.5,
                    -15.5703125,
                    -8.75,
                    -15.5703125,
                    -15.5703125,
                    -9.1875,
                    -8.5,
                    -8.75,
                    -8.5
                ]
            ]
        ],
        "prompt_sensitivities": [
            2.3976296164772726
        ],
        "posix": 2.3976296164772726
    }
}