{
    "file_name": "question_304_variants.json",
    "overall_posix": 0.6534894732272986,
    "detailed_scores": [
        {
            "Variation 1": 0.0,
            "Variation 2": 0.1486054261525472,
            "Variation 3": 1.421875,
            "Variation 4": 0.1486054261525472,
            "Variation 5": 0.0,
            "Variation 6": 1.421875,
            "Variation 7": 0.125,
            "Variation 8": 0.125,
            "Variation 9": 0.1486054261525472,
            "Variation 10": 0.1486054261525472
        }
    ],
    "trace": {
        "prompts": [
            "Can we see any pleural effusion on the chest X-ray? Please choose from the following two options: [yes, no]\n<image>"
        ],
        "responses": [
            [
                "yes",
                "yes",
                "Yes, there is a pleural effusion on the chest X-ray.",
                "Yes.",
                "Yes, there is a pleural effusion on the chest X-ray.",
                "yes",
                "Yes.",
                "Yes",
                "Yes",
                "Yes, there is a pleural effusion on the chest X-ray.",
                "Yes, there is a pleural effusion on the chest X-ray."
            ]
        ],
        "logprob_matrices": [
            [
                [
                    -9.5,
                    -9.5,
                    -11.729081392288208,
                    -12.34375,
                    -11.729081392288208,
                    -9.5,
                    -12.34375,
                    -9.625,
                    -9.625,
                    -11.729081392288208,
                    -11.729081392288208
                ],
                [
                    -7.28125,
                    -7.28125,
                    -9.256057024002075,
                    -9.90625,
                    -9.256057024002075,
                    -7.28125,
                    -9.90625,
                    -7.03125,
                    -7.03125,
                    -9.256057024002075,
                    -9.256057024002075
                ],
                [
                    -7.65625,
                    -7.65625,
                    -7.8720762729644775,
                    -9.234375,
                    -7.8720762729644775,
                    -7.65625,
                    -9.234375,
                    -5.78125,
                    -5.78125,
                    -7.8720762729644775,
                    -7.8720762729644775
                ],
                [
                    -9.0625,
                    -9.0625,
                    -8.435028910636902,
                    -8.921875,
                    -8.435028910636902,
                    -9.0625,
                    -8.921875,
                    -6.71875,
                    -6.71875,
                    -8.435028910636902,
                    -8.435028910636902
                ],
                [
                    -8.3125,
                    -8.3125,
                    -9.029964327812195,
                    -11.328125,
                    -9.029964327812195,
                    -8.3125,
                    -11.328125,
                    -7.625,
                    -7.625,
                    -9.029964327812195,
                    -9.029964327812195
                ],
                [
                    -6.5625,
                    -6.5625,
                    -9.861384630203247,
                    -11.21875,
                    -9.861384630203247,
                    -6.5625,
                    -11.21875,
                    -8.0,
                    -8.0,
                    -9.861384630203247,
                    -9.861384630203247
                ],
                [
                    -8.625,
                    -8.625,
                    -7.984426856040955,
                    -8.828125,
                    -7.984426856040955,
                    -8.625,
                    -8.828125,
                    -6.4375,
                    -6.4375,
                    -7.984426856040955,
                    -7.984426856040955
                ],
                [
                    -8.3125,
                    -8.3125,
                    -8.51010549068451,
                    -10.5,
                    -8.51010549068451,
                    -8.3125,
                    -10.5,
                    -6.90625,
                    -6.90625,
                    -8.51010549068451,
                    -8.51010549068451
                ],
                [
                    -9.125,
                    -9.125,
                    -8.968987464904785,
                    -11.15625,
                    -8.968987464904785,
                    -9.125,
                    -11.15625,
                    -7.53125,
                    -7.53125,
                    -8.968987464904785,
                    -8.968987464904785
                ],
                [
                    -10.0,
                    -10.0,
                    -10.306785941123962,
                    -13.5,
                    -10.306785941123962,
                    -10.0,
                    -13.5,
                    -8.8125,
                    -8.8125,
                    -10.306785941123962,
                    -10.306785941123962
                ],
                [
                    -7.8125,
                    -7.8125,
                    -8.763442039489746,
                    -9.859375,
                    -8.763442039489746,
                    -7.8125,
                    -9.859375,
                    -6.75,
                    -6.75,
                    -8.763442039489746,
                    -8.763442039489746
                ]
            ]
        ],
        "prompt_sensitivities": [
            0.6534894732272986
        ],
        "posix": 0.6534894732272986
    }
}