{
    "file_name": "question_176_variants.json",
    "overall_posix": 0.10397727272727272,
    "detailed_scores": [
        {
            "Variation 1": 0.0,
            "Variation 2": 0.0,
            "Variation 3": 0.0,
            "Variation 4": 0.0,
            "Variation 5": 0.0,
            "Variation 6": 0.0,
            "Variation 7": 0.0,
            "Variation 8": 0.0,
            "Variation 9": 0.0,
            "Variation 10": 0.3125
        }
    ],
    "trace": {
        "prompts": [
            "Can a pneumothorax be seen in the X-ray? Please choose from the following two options: [yes, no]\n<image>"
        ],
        "responses": [
            [
                "yes",
                "yes",
                "yes",
                "yes",
                "yes",
                "yes",
                "yes",
                "yes",
                "yes",
                "yes",
                "Yes"
            ]
        ],
        "logprob_matrices": [
            [
                [
                    -7.5,
                    -7.5,
                    -7.5,
                    -7.5,
                    -7.5,
                    -7.5,
                    -7.5,
                    -7.5,
                    -7.5,
                    -7.5,
                    -7.1875
                ],
                [
                    -7.5,
                    -7.5,
                    -7.5,
                    -7.5,
                    -7.5,
                    -7.5,
                    -7.5,
                    -7.5,
                    -7.5,
                    -7.5,
                    -5.75
                ],
                [
                    -6.28125,
                    -6.28125,
                    -6.28125,
                    -6.28125,
                    -6.28125,
                    -6.28125,
                    -6.28125,
                    -6.28125,
                    -6.28125,
                    -6.28125,
                    -8.0625
                ],
                [
                    -6.40625,
                    -6.40625,
                    -6.40625,
                    -6.40625,
                    -6.40625,
                    -6.40625,
                    -6.40625,
                    -6.40625,
                    -6.40625,
                    -6.40625,
                    -4.53125
                ],
                [
                    -9.1875,
                    -9.1875,
                    -9.1875,
                    -9.1875,
                    -9.1875,
                    -9.1875,
                    -9.1875,
                    -9.1875,
                    -9.1875,
                    -9.1875,
                    -7.40625
                ],
                [
                    -6.25,
                    -6.25,
                    -6.25,
                    -6.25,
                    -6.25,
                    -6.25,
                    -6.25,
                    -6.25,
                    -6.25,
                    -6.25,
                    -5.1875
                ],
                [
                    -6.6875,
                    -6.6875,
                    -6.6875,
                    -6.6875,
                    -6.6875,
                    -6.6875,
                    -6.6875,
                    -6.6875,
                    -6.6875,
                    -6.6875,
                    -6.375
                ],
                [
                    -6.5,
                    -6.5,
                    -6.5,
                    -6.5,
                    -6.5,
                    -6.5,
                    -6.5,
                    -6.5,
                    -6.5,
                    -6.5,
                    -7.0625
                ],
                [
                    -7.28125,
                    -7.28125,
                    -7.28125,
                    -7.28125,
                    -7.28125,
                    -7.28125,
                    -7.28125,
                    -7.28125,
                    -7.28125,
                    -7.28125,
                    -5.53125
                ],
                [
                    -4.84375,
                    -4.84375,
                    -4.84375,
                    -4.84375,
                    -4.84375,
                    -4.84375,
                    -4.84375,
                    -4.84375,
                    -4.84375,
                    -4.84375,
                    -5.09375
                ],
                [
                    -6.28125,
                    -6.28125,
                    -6.28125,
                    -6.28125,
                    -6.28125,
                    -6.28125,
                    -6.28125,
                    -6.28125,
                    -6.28125,
                    -6.28125,
                    -6.28125
                ]
            ]
        ],
        "prompt_sensitivities": [
            0.10397727272727272
        ],
        "posix": 0.10397727272727272
    }
}