{
    "file_name": "question_125_variants.json",
    "overall_posix": 3.5888471756920675,
    "detailed_scores": [
        {
            "Variation 1": 0.4898085037867228,
            "Variation 2": 0.5131307244300842,
            "Variation 3": 0.0,
            "Variation 4": 0.0,
            "Variation 5": 0.0,
            "Variation 6": 0.4898085037867228,
            "Variation 7": 0.0,
            "Variation 8": 0.0,
            "Variation 9": 0.5,
            "Variation 10": 0.0
        }
    ],
    "trace": {
        "prompts": [
            "Is there evidence of lung collapse or atelectasis on the X-ray? Please choose from the following two options: [yes, no]\n<image>"
        ],
        "responses": [
            [
                "yes",
                "Yes, there is evidence of lung collapse or atelectasis on the X-ray, as indicated by the shadowing and indentation of the lung tissue.",
                "Yes, there is evidence of lung collapse or atelectasis on the X-ray, as shown by the opacity of the lungs in the middle and the lower part of the chest.",
                "yes",
                "yes",
                "yes",
                "Yes, there is evidence of lung collapse or atelectasis on the X-ray, as indicated by the shadowing and indentation of the lung tissue.",
                "yes",
                "yes",
                "Yes",
                "yes"
            ]
        ],
        "logprob_matrices": [
            [
                [
                    -7.375,
                    -22.069255113601685,
                    -25.847706079483032,
                    -7.375,
                    -7.375,
                    -7.375,
                    -22.069255113601685,
                    -7.375,
                    -7.375,
                    -7.875,
                    -7.375
                ],
                [
                    -7.84375,
                    -21.174556255340576,
                    -23.763428211212158,
                    -7.84375,
                    -7.84375,
                    -7.84375,
                    -21.174556255340576,
                    -7.84375,
                    -7.84375,
                    -6.53125,
                    -7.84375
                ],
                [
                    -5.5,
                    -21.735267639160156,
                    -25.231547832489014,
                    -5.5,
                    -5.5,
                    -5.5,
                    -21.735267639160156,
                    -5.5,
                    -5.5,
                    -6.4375,
                    -5.5
                ],
                [
                    -3.96875,
                    -20.840746879577637,
                    -23.481316089630127,
                    -3.96875,
                    -3.96875,
                    -3.96875,
                    -20.840746879577637,
                    -3.96875,
                    -3.96875,
                    -4.65625,
                    -3.96875
                ],
                [
                    -4.75,
                    -19.420774936676025,
                    -22.98693084716797,
                    -4.75,
                    -4.75,
                    -4.75,
                    -19.420774936676025,
                    -4.75,
                    -4.75,
                    -4.75,
                    -4.75
                ],
                [
                    -6.71875,
                    -18.795865774154663,
                    -22.248799800872803,
                    -6.71875,
                    -6.71875,
                    -6.71875,
                    -18.795865774154663,
                    -6.71875,
                    -6.71875,
                    -5.28125,
                    -6.71875
                ],
                [
                    -5.65625,
                    -19.240102767944336,
                    -23.66779136657715,
                    -5.65625,
                    -5.65625,
                    -5.65625,
                    -19.240102767944336,
                    -5.65625,
                    -5.65625,
                    -5.34375,
                    -5.65625
                ],
                [
                    -6.25,
                    -20.48469829559326,
                    -25.49259090423584,
                    -6.25,
                    -6.25,
                    -6.25,
                    -20.48469829559326,
                    -6.25,
                    -6.25,
                    -6.25,
                    -6.25
                ],
                [
                    -5.75,
                    -20.208465576171875,
                    -23.803139686584473,
                    -5.75,
                    -5.75,
                    -5.75,
                    -20.208465576171875,
                    -5.75,
                    -5.75,
                    -5.8125,
                    -5.75
                ],
                [
                    -6.78125,
                    -20.080039501190186,
                    -23.924033641815186,
                    -6.78125,
                    -6.78125,
                    -6.78125,
                    -20.080039501190186,
                    -6.78125,
                    -6.78125,
                    -6.28125,
                    -6.78125
                ],
                [
                    -7.8125,
                    -19.0628662109375,
                    -23.505831718444824,
                    -7.8125,
                    -7.8125,
                    -7.8125,
                    -19.0628662109375,
                    -7.8125,
                    -7.8125,
                    -4.9375,
                    -7.8125
                ]
            ]
        ],
        "prompt_sensitivities": [
            3.5888471756920675
        ],
        "posix": 3.5888471756920675
    }
}