{
    "file_name": "question_231_variants.json",
    "overall_posix": 2.044687367819406,
    "detailed_scores": [
        {
            "Variation 1": 0.0,
            "Variation 2": 0.1875,
            "Variation 3": 0.0,
            "Variation 4": 0.596482671224154,
            "Variation 5": 0.4577147298389011,
            "Variation 6": 0.1875,
            "Variation 7": 1.8515625,
            "Variation 8": 1.8515625,
            "Variation 9": 1.8515625,
            "Variation 10": 0.0
        }
    ],
    "trace": {
        "prompts": [
            "Are there any abnormalities detected in the mediastinal contour on the chest X-ray? Please choose from the following two options: [yes, no]\n<image>"
        ],
        "responses": [
            [
                "yes",
                "yes",
                "Yes",
                "yes",
                "Yes, there is a left-sided pleural effusion and a right-sided pleural effusion detected on the chest X-ray.",
                "Yes, there is a mediastinal shift to the left on the chest X-ray.",
                "Yes",
                "Yes.",
                "Yes.",
                "Yes.",
                "yes"
            ]
        ],
        "logprob_matrices": [
            [
                [
                    -6.125,
                    -6.125,
                    -6.3125,
                    -6.125,
                    -21.633549451828003,
                    -14.36386513710022,
                    -6.3125,
                    -9.828125,
                    -9.828125,
                    -9.828125,
                    -6.125
                ],
                [
                    -7.125,
                    -7.125,
                    -7.1875,
                    -7.125,
                    -20.122592449188232,
                    -14.59005868434906,
                    -7.1875,
                    -12.0,
                    -12.0,
                    -12.0,
                    -7.125
                ],
                [
                    -5.71875,
                    -5.71875,
                    -5.96875,
                    -5.71875,
                    -20.052777647972107,
                    -14.332871079444885,
                    -5.96875,
                    -9.703125,
                    -9.703125,
                    -9.703125,
                    -5.71875
                ],
                [
                    -4.75,
                    -4.75,
                    -3.921875,
                    -4.75,
                    -16.56954050064087,
                    -11.45688283443451,
                    -3.921875,
                    -6.890625,
                    -6.890625,
                    -6.890625,
                    -4.75
                ],
                [
                    -6.625,
                    -6.625,
                    -5.4375,
                    -6.625,
                    -17.56073570251465,
                    -13.542584657669067,
                    -5.4375,
                    -11.5625,
                    -11.5625,
                    -11.5625,
                    -6.625
                ],
                [
                    -7.03125,
                    -7.03125,
                    -6.46875,
                    -7.03125,
                    -19.906498193740845,
                    -13.086063504219055,
                    -6.46875,
                    -10.28125,
                    -10.28125,
                    -10.28125,
                    -7.03125
                ],
                [
                    -4.34375,
                    -4.34375,
                    -4.34375,
                    -4.34375,
                    -15.884188890457153,
                    -11.008197903633118,
                    -4.34375,
                    -9.3125,
                    -9.3125,
                    -9.3125,
                    -4.34375
                ],
                [
                    -5.375,
                    -5.375,
                    -4.9375,
                    -5.375,
                    -18.949414134025574,
                    -12.900015234947205,
                    -4.9375,
                    -8.375,
                    -8.375,
                    -8.375,
                    -5.375
                ],
                [
                    -5.125,
                    -5.125,
                    -4.5625,
                    -5.125,
                    -17.402822971343994,
                    -12.057313442230225,
                    -4.5625,
                    -7.296875,
                    -7.296875,
                    -7.296875,
                    -5.125
                ],
                [
                    -4.03125,
                    -4.03125,
                    -4.03125,
                    -4.03125,
                    -17.0062358379364,
                    -11.3899986743927,
                    -4.03125,
                    -8.40625,
                    -8.40625,
                    -8.40625,
                    -4.03125
                ],
                [
                    -7.5625,
                    -7.5625,
                    -7.0625,
                    -7.5625,
                    -20.210394978523254,
                    -14.670111417770386,
                    -7.0625,
                    -11.5,
                    -11.5,
                    -11.5,
                    -7.5625
                ]
            ]
        ],
        "prompt_sensitivities": [
            2.044687367819406
        ],
        "posix": 2.044687367819406
    }
}