{
    "file_name": "question_375_variants.json",
    "overall_posix": 0.09005681818181818,
    "detailed_scores": [
        {
            "Variation 1": 0.0,
            "Variation 2": 0.0,
            "Variation 3": 0.0,
            "Variation 4": 0.0,
            "Variation 5": 0.0,
            "Variation 6": 0.875,
            "Variation 7": 0.0,
            "Variation 8": 0.0,
            "Variation 9": 0.0,
            "Variation 10": 0.0
        }
    ],
    "trace": {
        "prompts": [
            "Based on the chest X-ray, are the patient's lungs considered to be abnormal? Please choose from the following two options: [yes, no]\n<image>"
        ],
        "responses": [
            [
                "yes",
                "yes",
                "yes",
                "yes",
                "yes",
                "yes",
                "Yes",
                "yes",
                "yes",
                "yes",
                "yes"
            ]
        ],
        "logprob_matrices": [
            [
                [
                    -4.8125,
                    -4.8125,
                    -4.8125,
                    -4.8125,
                    -4.8125,
                    -4.8125,
                    -5.6875,
                    -4.8125,
                    -4.8125,
                    -4.8125,
                    -4.8125
                ],
                [
                    -5.125,
                    -5.125,
                    -5.125,
                    -5.125,
                    -5.125,
                    -5.125,
                    -5.9375,
                    -5.125,
                    -5.125,
                    -5.125,
                    -5.125
                ],
                [
                    -4.53125,
                    -4.53125,
                    -4.53125,
                    -4.53125,
                    -4.53125,
                    -4.53125,
                    -4.59375,
                    -4.53125,
                    -4.53125,
                    -4.53125,
                    -4.53125
                ],
                [
                    -5.53125,
                    -5.53125,
                    -5.53125,
                    -5.53125,
                    -5.53125,
                    -5.53125,
                    -5.34375,
                    -5.53125,
                    -5.53125,
                    -5.53125,
                    -5.53125
                ],
                [
                    -6.78125,
                    -6.78125,
                    -6.78125,
                    -6.78125,
                    -6.78125,
                    -6.78125,
                    -6.84375,
                    -6.78125,
                    -6.78125,
                    -6.78125,
                    -6.78125
                ],
                [
                    -5.15625,
                    -5.15625,
                    -5.15625,
                    -5.15625,
                    -5.15625,
                    -5.15625,
                    -5.28125,
                    -5.15625,
                    -5.15625,
                    -5.15625,
                    -5.15625
                ],
                [
                    -5.78125,
                    -5.78125,
                    -5.78125,
                    -5.78125,
                    -5.78125,
                    -5.78125,
                    -6.09375,
                    -5.78125,
                    -5.78125,
                    -5.78125,
                    -5.78125
                ],
                [
                    -4.34375,
                    -4.34375,
                    -4.34375,
                    -4.34375,
                    -4.34375,
                    -4.34375,
                    -5.34375,
                    -4.34375,
                    -4.34375,
                    -4.34375,
                    -4.34375
                ],
                [
                    -6.25,
                    -6.25,
                    -6.25,
                    -6.25,
                    -6.25,
                    -6.25,
                    -5.9375,
                    -6.25,
                    -6.25,
                    -6.25,
                    -6.25
                ],
                [
                    -5.03125,
                    -5.03125,
                    -5.03125,
                    -5.03125,
                    -5.03125,
                    -5.03125,
                    -8.0625,
                    -5.03125,
                    -5.03125,
                    -5.03125,
                    -5.03125
                ],
                [
                    -7.125,
                    -7.125,
                    -7.125,
                    -7.125,
                    -7.125,
                    -7.125,
                    -6.8125,
                    -7.125,
                    -7.125,
                    -7.125,
                    -7.125
                ]
            ]
        ],
        "prompt_sensitivities": [
            0.09005681818181818
        ],
        "posix": 0.09005681818181818
    }
}