{
    "file_name": "question_88_variants.json",
    "overall_posix": 0.766903409090909,
    "detailed_scores": [
        {
            "Variation 1": 0.69140625,
            "Variation 2": 0.28125,
            "Variation 3": 0.0,
            "Variation 4": 0.28125,
            "Variation 5": 0.69140625,
            "Variation 6": 0.28125,
            "Variation 7": 0.0,
            "Variation 8": 0.28125,
            "Variation 9": 0.69140625,
            "Variation 10": 0.69140625
        }
    ],
    "trace": {
        "prompts": [
            "Does the X-ray report describe the presence of pneumothorax? Please choose from the following two options: [yes, no]\n<image>"
        ],
        "responses": [
            [
                "yes",
                "Yes.",
                "Yes",
                "yes",
                "Yes",
                "Yes.",
                "Yes",
                "yes",
                "Yes",
                "Yes.",
                "Yes."
            ]
        ],
        "logprob_matrices": [
            [
                [
                    -7.71875,
                    -9.1015625,
                    -8.0,
                    -7.71875,
                    -8.0,
                    -9.1015625,
                    -8.0,
                    -7.71875,
                    -8.0,
                    -9.1015625,
                    -9.1015625
                ],
                [
                    -7.59375,
                    -5.1953125,
                    -4.53125,
                    -7.59375,
                    -4.53125,
                    -5.1953125,
                    -4.53125,
                    -7.59375,
                    -4.53125,
                    -5.1953125,
                    -5.1953125
                ],
                [
                    -6.65625,
                    -6.875,
                    -5.34375,
                    -6.65625,
                    -5.34375,
                    -6.875,
                    -5.34375,
                    -6.65625,
                    -5.34375,
                    -6.875,
                    -6.875
                ],
                [
                    -4.6875,
                    -8.421875,
                    -5.4375,
                    -4.6875,
                    -5.4375,
                    -8.421875,
                    -5.4375,
                    -4.6875,
                    -5.4375,
                    -8.421875,
                    -8.421875
                ],
                [
                    -8.3125,
                    -8.984375,
                    -6.375,
                    -8.3125,
                    -6.375,
                    -8.984375,
                    -6.375,
                    -8.3125,
                    -6.375,
                    -8.984375,
                    -8.984375
                ],
                [
                    -6.96875,
                    -8.265625,
                    -6.65625,
                    -6.96875,
                    -6.65625,
                    -8.265625,
                    -6.65625,
                    -6.96875,
                    -6.65625,
                    -8.265625,
                    -8.265625
                ],
                [
                    -6.03125,
                    -8.046875,
                    -6.96875,
                    -6.03125,
                    -6.96875,
                    -8.046875,
                    -6.96875,
                    -6.03125,
                    -6.96875,
                    -8.046875,
                    -8.046875
                ],
                [
                    -7.78125,
                    -9.671875,
                    -7.46875,
                    -7.78125,
                    -7.46875,
                    -9.671875,
                    -7.46875,
                    -7.78125,
                    -7.46875,
                    -9.671875,
                    -9.671875
                ],
                [
                    -7.40625,
                    -9.0,
                    -6.71875,
                    -7.40625,
                    -6.71875,
                    -9.0,
                    -6.71875,
                    -7.40625,
                    -6.71875,
                    -9.0,
                    -9.0
                ],
                [
                    -6.96875,
                    -6.0703125,
                    -4.40625,
                    -6.96875,
                    -4.40625,
                    -6.0703125,
                    -4.40625,
                    -6.96875,
                    -4.40625,
                    -6.0703125,
                    -6.0703125
                ],
                [
                    -6.28125,
                    -6.46875,
                    -5.15625,
                    -6.28125,
                    -5.15625,
                    -6.46875,
                    -5.15625,
                    -6.28125,
                    -5.15625,
                    -6.46875,
                    -6.46875
                ]
            ]
        ],
        "prompt_sensitivities": [
            0.766903409090909
        ],
        "posix": 0.766903409090909
    }
}