{
    "file_name": "question_209_variants.json",
    "overall_posix": 1.3487022486600009,
    "detailed_scores": [
        {
            "Variation 1": 0.41846489906311035,
            "Variation 2": 0.0,
            "Variation 3": 0.41846489906311035,
            "Variation 4": 0.41846489906311035,
            "Variation 5": 0.0,
            "Variation 6": 0.0,
            "Variation 7": 2.1796875,
            "Variation 8": 0.0,
            "Variation 9": 0.0,
            "Variation 10": 0.41846489906311035
        }
    ],
    "trace": {
        "prompts": [
            "Is there any sign of chronic lung disease on the chest X-ray? Please choose from the following two options: [yes, no]\n<image>"
        ],
        "responses": [
            [
                "yes",
                "Yes, there is a history of chronic lung disease on the chest X-ray.",
                "yes",
                "Yes, there is a history of chronic lung disease on the chest X-ray.",
                "Yes, there is a history of chronic lung disease on the chest X-ray.",
                "yes",
                "yes",
                "Yes.",
                "yes",
                "yes",
                "Yes, there is a history of chronic lung disease on the chest X-ray."
            ]
        ],
        "logprob_matrices": [
            [
                [
                    -7.125,
                    -13.820438385009766,
                    -7.125,
                    -13.820438385009766,
                    -13.820438385009766,
                    -7.125,
                    -7.125,
                    -11.484375,
                    -7.125,
                    -7.125,
                    -13.820438385009766
                ],
                [
                    -4.9375,
                    -9.222984313964844,
                    -4.9375,
                    -9.222984313964844,
                    -9.222984313964844,
                    -4.9375,
                    -4.9375,
                    -9.78125,
                    -4.9375,
                    -4.9375,
                    -9.222984313964844
                ],
                [
                    -7.1875,
                    -10.309530258178711,
                    -7.1875,
                    -10.309530258178711,
                    -10.309530258178711,
                    -7.1875,
                    -7.1875,
                    -11.21875,
                    -7.1875,
                    -7.1875,
                    -10.309530258178711
                ],
                [
                    -4.9375,
                    -9.579238891601562,
                    -4.9375,
                    -9.579238891601562,
                    -9.579238891601562,
                    -4.9375,
                    -4.9375,
                    -8.359375,
                    -4.9375,
                    -4.9375,
                    -9.579238891601562
                ],
                [
                    -5.25,
                    -12.782474517822266,
                    -5.25,
                    -12.782474517822266,
                    -12.782474517822266,
                    -5.25,
                    -5.25,
                    -11.59375,
                    -5.25,
                    -5.25,
                    -12.782474517822266
                ],
                [
                    -6.4375,
                    -11.590694427490234,
                    -6.4375,
                    -11.590694427490234,
                    -11.590694427490234,
                    -6.4375,
                    -6.4375,
                    -10.765625,
                    -6.4375,
                    -6.4375,
                    -11.590694427490234
                ],
                [
                    -5.75,
                    -12.045646667480469,
                    -5.75,
                    -12.045646667480469,
                    -12.045646667480469,
                    -5.75,
                    -5.75,
                    -10.890625,
                    -5.75,
                    -5.75,
                    -12.045646667480469
                ],
                [
                    -5.96875,
                    -9.809986114501953,
                    -5.96875,
                    -9.809986114501953,
                    -9.809986114501953,
                    -5.96875,
                    -5.96875,
                    -7.734375,
                    -5.96875,
                    -5.96875,
                    -9.809986114501953
                ],
                [
                    -4.625,
                    -12.225072860717773,
                    -4.625,
                    -12.225072860717773,
                    -12.225072860717773,
                    -4.625,
                    -4.625,
                    -11.0,
                    -4.625,
                    -4.625,
                    -12.225072860717773
                ],
                [
                    -5.6875,
                    -10.791629791259766,
                    -5.6875,
                    -10.791629791259766,
                    -10.791629791259766,
                    -5.6875,
                    -5.6875,
                    -9.875,
                    -5.6875,
                    -5.6875,
                    -10.791629791259766
                ],
                [
                    -8.3125,
                    -10.636825561523438,
                    -8.3125,
                    -10.636825561523438,
                    -10.636825561523438,
                    -8.3125,
                    -8.3125,
                    -11.34375,
                    -8.3125,
                    -8.3125,
                    -10.636825561523438
                ]
            ]
        ],
        "prompt_sensitivities": [
            1.3487022486600009
        ],
        "posix": 1.3487022486600009
    }
}