{
    "file_name": "question_276_variants.json",
    "overall_posix": 0.0,
    "detailed_scores": [
        {
            "Variation 1": 0.0,
            "Variation 2": 0.0,
            "Variation 3": 0.0,
            "Variation 4": 0.0,
            "Variation 5": 0.0,
            "Variation 6": 0.0,
            "Variation 7": 0.0,
            "Variation 8": 0.0,
            "Variation 9": 0.0,
            "Variation 10": 0.0
        }
    ],
    "trace": {
        "prompts": [
            "Does the patient have any visible lung opacities on the chest X-ray? Please choose from the following two options: [yes, no]\n<image>"
        ],
        "responses": [
            [
                "yes",
                "yes",
                "yes",
                "yes",
                "yes",
                "yes",
                "yes",
                "yes",
                "yes",
                "yes",
                "yes"
            ]
        ],
        "logprob_matrices": [
            [
                [
                    -6.25,
                    -6.25,
                    -6.25,
                    -6.25,
                    -6.25,
                    -6.25,
                    -6.25,
                    -6.25,
                    -6.25,
                    -6.25,
                    -6.25
                ],
                [
                    -4.65625,
                    -4.65625,
                    -4.65625,
                    -4.65625,
                    -4.65625,
                    -4.65625,
                    -4.65625,
                    -4.65625,
                    -4.65625,
                    -4.65625,
                    -4.65625
                ],
                [
                    -7.25,
                    -7.25,
                    -7.25,
                    -7.25,
                    -7.25,
                    -7.25,
                    -7.25,
                    -7.25,
                    -7.25,
                    -7.25,
                    -7.25
                ],
                [
                    -7.25,
                    -7.25,
                    -7.25,
                    -7.25,
                    -7.25,
                    -7.25,
                    -7.25,
                    -7.25,
                    -7.25,
                    -7.25,
                    -7.25
                ],
                [
                    -6.53125,
                    -6.53125,
                    -6.53125,
                    -6.53125,
                    -6.53125,
                    -6.53125,
                    -6.53125,
                    -6.53125,
                    -6.53125,
                    -6.53125,
                    -6.53125
                ],
                [
                    -5.53125,
                    -5.53125,
                    -5.53125,
                    -5.53125,
                    -5.53125,
                    -5.53125,
                    -5.53125,
                    -5.53125,
                    -5.53125,
                    -5.53125,
                    -5.53125
                ],
                [
                    -5.75,
                    -5.75,
                    -5.75,
                    -5.75,
                    -5.75,
                    -5.75,
                    -5.75,
                    -5.75,
                    -5.75,
                    -5.75,
                    -5.75
                ],
                [
                    -4.4375,
                    -4.4375,
                    -4.4375,
                    -4.4375,
                    -4.4375,
                    -4.4375,
                    -4.4375,
                    -4.4375,
                    -4.4375,
                    -4.4375,
                    -4.4375
                ],
                [
                    -6.28125,
                    -6.28125,
                    -6.28125,
                    -6.28125,
                    -6.28125,
                    -6.28125,
                    -6.28125,
                    -6.28125,
                    -6.28125,
                    -6.28125,
                    -6.28125
                ],
                [
                    -5.65625,
                    -5.65625,
                    -5.65625,
                    -5.65625,
                    -5.65625,
                    -5.65625,
                    -5.65625,
                    -5.65625,
                    -5.65625,
                    -5.65625,
                    -5.65625
                ],
                [
                    -5.375,
                    -5.375,
                    -5.375,
                    -5.375,
                    -5.375,
                    -5.375,
                    -5.375,
                    -5.375,
                    -5.375,
                    -5.375,
                    -5.375
                ]
            ]
        ],
        "prompt_sensitivities": [
            0.0
        ],
        "posix": 0.0
    }
}