{
    "file_name": "question_286_variants.json",
    "overall_posix": 2.109526116506961,
    "detailed_scores": [
        {
            "Variation 1": 1.265625,
            "Variation 2": 0.6603816885214585,
            "Variation 3": 0.18832075595855713,
            "Variation 4": 1.265625,
            "Variation 5": 0.28125,
            "Variation 6": 0.0,
            "Variation 7": 0.2439142826831702,
            "Variation 8": 1.265625,
            "Variation 9": 0.0,
            "Variation 10": 0.0
        }
    ],
    "trace": {
        "prompts": [
            "Are there any signs of congestive heart failure on the chest X-ray? Please choose from the following two options: [yes, no]\n<image>"
        ],
        "responses": [
            [
                "yes",
                "Yes.",
                "Yes. There are signs of congestive heart failure on the chest X-ray, as indicated by the congestive cardiac failure pattern.",
                "Yes, there are signs of congestive heart failure on the chest X-ray. The heart is enlarged and there is evidence of congestion in the lungs.",
                "Yes.",
                "Yes",
                "yes",
                "Yes, there are signs of congestive heart failure on the chest X-ray. The heart is enlarged and there is evidence of pulmonary edema in the lung fields.",
                "Yes.",
                "yes",
                "yes"
            ]
        ],
        "logprob_matrices": [
            [
                [
                    -8.0625,
                    -10.59375,
                    -25.232423901557922,
                    -13.712122678756714,
                    -10.59375,
                    -7.78125,
                    -8.0625,
                    -16.111671328544617,
                    -10.59375,
                    -8.0625,
                    -8.0625
                ],
                [
                    -9.25,
                    -9.40625,
                    -23.444302916526794,
                    -13.199076175689697,
                    -9.40625,
                    -6.84375,
                    -9.25,
                    -14.606375813484192,
                    -9.40625,
                    -9.25,
                    -9.25
                ],
                [
                    -4.75,
                    -10.03125,
                    -23.32761251926422,
                    -9.471484541893005,
                    -10.03125,
                    -4.8125,
                    -4.75,
                    -12.28443968296051,
                    -10.03125,
                    -4.75,
                    -4.75
                ],
                [
                    -8.3125,
                    -10.390625,
                    -25.991453409194946,
                    -12.132251143455505,
                    -10.390625,
                    -6.625,
                    -8.3125,
                    -14.235827326774597,
                    -10.390625,
                    -8.3125,
                    -8.3125
                ],
                [
                    -7.3125,
                    -6.7421875,
                    -21.298171520233154,
                    -11.262543320655823,
                    -6.7421875,
                    -5.0,
                    -7.3125,
                    -13.470412254333496,
                    -6.7421875,
                    -7.3125,
                    -7.3125
                ],
                [
                    -6.71875,
                    -11.0,
                    -27.242318153381348,
                    -12.239801049232483,
                    -11.0,
                    -6.34375,
                    -6.71875,
                    -14.095875144004822,
                    -11.0,
                    -6.71875,
                    -6.71875
                ],
                [
                    -5.53125,
                    -7.640625,
                    -24.91746151447296,
                    -12.358827948570251,
                    -7.640625,
                    -5.09375,
                    -5.53125,
                    -13.383102297782898,
                    -7.640625,
                    -5.53125,
                    -5.53125
                ],
                [
                    -8.125,
                    -9.09375,
                    -29.100748658180237,
                    -12.608540296554565,
                    -9.09375,
                    -6.3125,
                    -8.125,
                    -14.864972949028015,
                    -9.09375,
                    -8.125,
                    -8.125
                ],
                [
                    -8.0,
                    -8.96875,
                    -25.033780217170715,
                    -12.664407134056091,
                    -8.96875,
                    -6.15625,
                    -8.0,
                    -13.828569650650024,
                    -8.96875,
                    -8.0,
                    -8.0
                ],
                [
                    -5.375,
                    -7.578125,
                    -23.88363015651703,
                    -10.543465852737427,
                    -7.578125,
                    -4.375,
                    -5.375,
                    -11.946179389953613,
                    -7.578125,
                    -5.375,
                    -5.375
                ],
                [
                    -5.65625,
                    -9.71875,
                    -27.562023043632507,
                    -12.417587399482727,
                    -9.71875,
                    -5.03125,
                    -5.65625,
                    -15.259797811508179,
                    -9.71875,
                    -5.65625,
                    -5.65625
                ]
            ]
        ],
        "prompt_sensitivities": [
            2.109526116506961
        ],
        "posix": 2.109526116506961
    }
}