{
    "file_name": "question_57_variants.json",
    "overall_posix": 2.8171874999999993,
    "detailed_scores": [
        {
            "Variation 1": 3.15625,
            "Variation 2": 2.09375,
            "Variation 3": 0.0,
            "Variation 4": 2.09375,
            "Variation 5": 2.109375,
            "Variation 6": 2.09375,
            "Variation 7": 0.0625,
            "Variation 8": 0.0,
            "Variation 9": 2.109375,
            "Variation 10": 2.109375
        }
    ],
    "trace": {
        "prompts": [
            "Are there any discrete pulmonary nodules or signs of adenopathy indicated in the chest X-ray? Please choose from the following two options: [yes, no]\n<image>"
        ],
        "responses": [
            [
                "yes",
                "No",
                "no",
                "yes",
                "no",
                "<image>",
                "no",
                "Yes",
                "yes",
                "<image>",
                "<image>"
            ]
        ],
        "logprob_matrices": [
            [
                [
                    -6.90625,
                    -10.0625,
                    -9.0,
                    -6.90625,
                    -9.0,
                    -13.234375,
                    -9.0,
                    -6.84375,
                    -6.90625,
                    -13.234375,
                    -13.234375
                ],
                [
                    -10.25,
                    -12.3125,
                    -10.6875,
                    -10.25,
                    -10.6875,
                    -18.6484375,
                    -10.6875,
                    -7.96875,
                    -10.25,
                    -18.6484375,
                    -18.6484375
                ],
                [
                    -6.4375,
                    -8.0625,
                    -6.5,
                    -6.4375,
                    -6.5,
                    -15.09375,
                    -6.5,
                    -5.25,
                    -6.4375,
                    -15.09375,
                    -15.09375
                ],
                [
                    -7.34375,
                    -8.625,
                    -9.1875,
                    -7.34375,
                    -9.1875,
                    -15.125,
                    -9.1875,
                    -6.28125,
                    -7.34375,
                    -15.125,
                    -15.125
                ],
                [
                    -9.4375,
                    -10.75,
                    -10.875,
                    -9.4375,
                    -10.875,
                    -15.83203125,
                    -10.875,
                    -6.78125,
                    -9.4375,
                    -15.83203125,
                    -15.83203125
                ],
                [
                    -7.53125,
                    -9.375,
                    -8.375,
                    -7.53125,
                    -8.375,
                    -14.640625,
                    -8.375,
                    -6.34375,
                    -7.53125,
                    -14.640625,
                    -14.640625
                ],
                [
                    -7.53125,
                    -10.1875,
                    -7.71875,
                    -7.53125,
                    -7.71875,
                    -16.54296875,
                    -7.71875,
                    -5.84375,
                    -7.53125,
                    -16.54296875,
                    -16.54296875
                ],
                [
                    -8.3125,
                    -9.625,
                    -8.5625,
                    -8.3125,
                    -8.5625,
                    -17.421875,
                    -8.5625,
                    -6.375,
                    -8.3125,
                    -17.421875,
                    -17.421875
                ],
                [
                    -7.625,
                    -9.375,
                    -8.0625,
                    -7.625,
                    -8.0625,
                    -17.4296875,
                    -8.0625,
                    -6.375,
                    -7.625,
                    -17.4296875,
                    -17.4296875
                ],
                [
                    -5.96875,
                    -7.03125,
                    -6.53125,
                    -5.96875,
                    -6.53125,
                    -15.5,
                    -6.53125,
                    -5.28125,
                    -5.96875,
                    -15.5,
                    -15.5
                ],
                [
                    -7.0,
                    -9.8125,
                    -7.9375,
                    -7.0,
                    -7.9375,
                    -13.8671875,
                    -7.9375,
                    -7.125,
                    -7.0,
                    -13.8671875,
                    -13.8671875
                ]
            ]
        ],
        "prompt_sensitivities": [
            2.8171874999999993
        ],
        "posix": 2.8171874999999993
    }
}