{
    "file_name": "question_215_variants.json",
    "overall_posix": 0.3689441016828171,
    "detailed_scores": [
        {
            "Variation 1": 1.640625,
            "Variation 2": 0.06351523266898261,
            "Variation 3": 0.06351523266898261,
            "Variation 4": 0.06351523266898261,
            "Variation 5": 0.0,
            "Variation 6": 0.0,
            "Variation 7": 0.0,
            "Variation 8": 0.06351523266898261,
            "Variation 9": 0.0,
            "Variation 10": 0.06351523266898261
        }
    ],
    "trace": {
        "prompts": [
            "Are there any signs of pneumonia in the left lower lobe on the X-ray? Please choose from the following two options: [yes, no]\n<image>"
        ],
        "responses": [
            [
                "yes",
                "Yes.",
                "Yes, there are signs of pneumonia in the left lower lobe on the X-ray.",
                "Yes, there are signs of pneumonia in the left lower lobe on the X-ray.",
                "Yes, there are signs of pneumonia in the left lower lobe on the X-ray.",
                "yes",
                "yes",
                "yes",
                "Yes, there are signs of pneumonia in the left lower lobe on the X-ray.",
                "yes",
                "Yes, there are signs of pneumonia in the left lower lobe on the X-ray."
            ]
        ],
        "logprob_matrices": [
            [
                [
                    -7.09375,
                    -10.375,
                    -8.237024188041687,
                    -8.237024188041687,
                    -8.237024188041687,
                    -7.09375,
                    -7.09375,
                    -7.09375,
                    -8.237024188041687,
                    -7.09375,
                    -8.237024188041687
                ],
                [
                    -7.65625,
                    -7.359375,
                    -5.692343473434448,
                    -5.692343473434448,
                    -5.692343473434448,
                    -7.65625,
                    -7.65625,
                    -7.65625,
                    -5.692343473434448,
                    -7.65625,
                    -5.692343473434448
                ],
                [
                    -4.1875,
                    -9.5,
                    -4.60998797416687,
                    -4.60998797416687,
                    -4.60998797416687,
                    -4.1875,
                    -4.1875,
                    -4.1875,
                    -4.60998797416687,
                    -4.1875,
                    -4.60998797416687
                ],
                [
                    -4.5625,
                    -9.90625,
                    -5.034434914588928,
                    -5.034434914588928,
                    -5.034434914588928,
                    -4.5625,
                    -4.5625,
                    -4.5625,
                    -5.034434914588928,
                    -4.5625,
                    -5.034434914588928
                ],
                [
                    -7.40625,
                    -9.90625,
                    -6.090741276741028,
                    -6.090741276741028,
                    -6.090741276741028,
                    -7.40625,
                    -7.40625,
                    -7.40625,
                    -6.090741276741028,
                    -7.40625,
                    -6.090741276741028
                ],
                [
                    -7.96875,
                    -9.90625,
                    -7.2869648933410645,
                    -7.2869648933410645,
                    -7.2869648933410645,
                    -7.96875,
                    -7.96875,
                    -7.96875,
                    -7.2869648933410645,
                    -7.96875,
                    -7.2869648933410645
                ],
                [
                    -4.59375,
                    -7.765625,
                    -4.732100129127502,
                    -4.732100129127502,
                    -4.732100129127502,
                    -4.59375,
                    -4.59375,
                    -4.59375,
                    -4.732100129127502,
                    -4.59375,
                    -4.732100129127502
                ],
                [
                    -5.40625,
                    -9.15625,
                    -6.404111981391907,
                    -6.404111981391907,
                    -6.404111981391907,
                    -5.40625,
                    -5.40625,
                    -5.40625,
                    -6.404111981391907,
                    -5.40625,
                    -6.404111981391907
                ],
                [
                    -8.0,
                    -11.9375,
                    -7.189904093742371,
                    -7.189904093742371,
                    -7.189904093742371,
                    -8.0,
                    -8.0,
                    -8.0,
                    -7.189904093742371,
                    -8.0,
                    -7.189904093742371
                ],
                [
                    -7.46875,
                    -9.140625,
                    -6.674210071563721,
                    -6.674210071563721,
                    -6.674210071563721,
                    -7.46875,
                    -7.46875,
                    -7.46875,
                    -6.674210071563721,
                    -7.46875,
                    -6.674210071563721
                ],
                [
                    -8.0,
                    -11.9375,
                    -7.189904093742371,
                    -7.189904093742371,
                    -7.189904093742371,
                    -8.0,
                    -8.0,
                    -8.0,
                    -7.189904093742371,
                    -8.0,
                    -7.189904093742371
                ]
            ]
        ],
        "prompt_sensitivities": [
            0.3689441016828171
        ],
        "posix": 0.3689441016828171
    }
}