{
    "file_name": "question_252_variants.json",
    "overall_posix": 0.9057415222579782,
    "detailed_scores": [
        {
            "Variation 1": 0.1017894446849823,
            "Variation 2": 1.3359375,
            "Variation 3": 0.0,
            "Variation 4": 1.3359375,
            "Variation 5": 0.0,
            "Variation 6": 1.3359375,
            "Variation 7": 0.0,
            "Variation 8": 0.0,
            "Variation 9": 1.3359375,
            "Variation 10": 0.1017894446849823
        }
    ],
    "trace": {
        "prompts": [
            "Are there any signs of pleural effusion on the chest X-ray? Please choose from the following two options: [yes, no]\n<image>"
        ],
        "responses": [
            [
                "yes",
                "Yes, there are signs of pleural effusion on the chest X-ray.",
                "Yes.",
                "yes",
                "Yes.",
                "yes",
                "Yes.",
                "yes",
                "yes",
                "Yes.",
                "Yes, there are signs of pleural effusion on the chest X-ray."
            ]
        ],
        "logprob_matrices": [
            [
                [
                    -6.84375,
                    -8.472381114959717,
                    -9.515625,
                    -6.84375,
                    -9.515625,
                    -6.84375,
                    -9.515625,
                    -6.84375,
                    -6.84375,
                    -9.515625,
                    -8.472381114959717
                ],
                [
                    -5.21875,
                    -5.811628699302673,
                    -11.25,
                    -5.21875,
                    -11.25,
                    -5.21875,
                    -11.25,
                    -5.21875,
                    -5.21875,
                    -11.25,
                    -5.811628699302673
                ],
                [
                    -7.15625,
                    -7.521172523498535,
                    -10.640625,
                    -7.15625,
                    -10.640625,
                    -7.15625,
                    -10.640625,
                    -7.15625,
                    -7.15625,
                    -10.640625,
                    -7.521172523498535
                ],
                [
                    -5.4375,
                    -6.654893398284912,
                    -11.9375,
                    -5.4375,
                    -11.9375,
                    -5.4375,
                    -11.9375,
                    -5.4375,
                    -5.4375,
                    -11.9375,
                    -6.654893398284912
                ],
                [
                    -9.5,
                    -8.593096733093262,
                    -13.0,
                    -9.5,
                    -13.0,
                    -9.5,
                    -13.0,
                    -9.5,
                    -9.5,
                    -13.0,
                    -8.593096733093262
                ],
                [
                    -5.96875,
                    -6.5222392082214355,
                    -8.578125,
                    -5.96875,
                    -8.578125,
                    -5.96875,
                    -8.578125,
                    -5.96875,
                    -5.96875,
                    -8.578125,
                    -6.5222392082214355
                ],
                [
                    -7.46875,
                    -6.181239366531372,
                    -7.84375,
                    -7.46875,
                    -7.84375,
                    -7.46875,
                    -7.84375,
                    -7.46875,
                    -7.46875,
                    -7.84375,
                    -6.181239366531372
                ],
                [
                    -7.9375,
                    -8.510669231414795,
                    -10.40625,
                    -7.9375,
                    -10.40625,
                    -7.9375,
                    -10.40625,
                    -7.9375,
                    -7.9375,
                    -10.40625,
                    -8.510669231414795
                ],
                [
                    -8.6875,
                    -8.26850438117981,
                    -12.46875,
                    -8.6875,
                    -12.46875,
                    -8.6875,
                    -12.46875,
                    -8.6875,
                    -8.6875,
                    -12.46875,
                    -8.26850438117981
                ],
                [
                    -9.0625,
                    -7.784945249557495,
                    -8.21875,
                    -9.0625,
                    -8.21875,
                    -9.0625,
                    -8.21875,
                    -9.0625,
                    -9.0625,
                    -8.21875,
                    -7.784945249557495
                ],
                [
                    -6.84375,
                    -6.769033908843994,
                    -10.0625,
                    -6.84375,
                    -10.0625,
                    -6.84375,
                    -10.0625,
                    -6.84375,
                    -6.84375,
                    -10.0625,
                    -6.769033908843994
                ]
            ]
        ],
        "prompt_sensitivities": [
            0.9057415222579782
        ],
        "posix": 0.9057415222579782
    }
}