{
    "file_name": "question_290_variants.json",
    "overall_posix": 0.39549255082101525,
    "detailed_scores": [
        {
            "Variation 1": 0.13162180582682292,
            "Variation 2": 0.8125,
            "Variation 3": 0.8125,
            "Variation 4": 0.8125,
            "Variation 5": 0.0,
            "Variation 6": 0.8125,
            "Variation 7": 0.13162180582682292,
            "Variation 8": 0.8125,
            "Variation 9": 0.8125,
            "Variation 10": 0.0
        }
    ],
    "trace": {
        "prompts": [
            "Is there evidence of an enlarged heart on the chest X-ray? Please choose from the following two options: [yes, no]\n<image>"
        ],
        "responses": [
            [
                "yes",
                "Yes, there is evidence of an enlarged heart on the chest X-ray.",
                "Yes",
                "Yes",
                "Yes",
                "yes",
                "Yes",
                "Yes, there is evidence of an enlarged heart on the chest X-ray.",
                "Yes",
                "Yes",
                "yes"
            ]
        ],
        "logprob_matrices": [
            [
                [
                    -6.5,
                    -8.474327087402344,
                    -7.3125,
                    -7.3125,
                    -7.3125,
                    -6.5,
                    -7.3125,
                    -8.474327087402344,
                    -7.3125,
                    -7.3125,
                    -6.5
                ],
                [
                    -5.1875,
                    -6.342644691467285,
                    -5.9375,
                    -5.9375,
                    -5.9375,
                    -5.1875,
                    -5.9375,
                    -6.342644691467285,
                    -5.9375,
                    -5.9375,
                    -5.1875
                ],
                [
                    -4.75,
                    -3.726724624633789,
                    -3.421875,
                    -3.421875,
                    -3.421875,
                    -4.75,
                    -3.421875,
                    -3.726724624633789,
                    -3.421875,
                    -3.421875,
                    -4.75
                ],
                [
                    -5.0625,
                    -4.4638214111328125,
                    -3.796875,
                    -3.796875,
                    -3.796875,
                    -5.0625,
                    -3.796875,
                    -4.4638214111328125,
                    -3.796875,
                    -3.796875,
                    -5.0625
                ],
                [
                    -6.625,
                    -6.0823516845703125,
                    -5.5,
                    -5.5,
                    -5.5,
                    -6.625,
                    -5.5,
                    -6.0823516845703125,
                    -5.5,
                    -5.5,
                    -6.625
                ],
                [
                    -5.78125,
                    -7.479152679443359,
                    -6.65625,
                    -6.65625,
                    -6.65625,
                    -5.78125,
                    -6.65625,
                    -7.479152679443359,
                    -6.65625,
                    -6.65625,
                    -5.78125
                ],
                [
                    -4.40625,
                    -6.051168441772461,
                    -5.09375,
                    -5.09375,
                    -5.09375,
                    -4.40625,
                    -5.09375,
                    -6.051168441772461,
                    -5.09375,
                    -5.09375,
                    -4.40625
                ],
                [
                    -4.65625,
                    -4.2752532958984375,
                    -3.703125,
                    -3.703125,
                    -3.703125,
                    -4.65625,
                    -3.703125,
                    -4.2752532958984375,
                    -3.703125,
                    -3.703125,
                    -4.65625
                ],
                [
                    -6.0,
                    -5.203704833984375,
                    -4.5625,
                    -4.5625,
                    -4.5625,
                    -6.0,
                    -4.5625,
                    -5.203704833984375,
                    -4.5625,
                    -4.5625,
                    -6.0
                ],
                [
                    -5.0,
                    -5.742799758911133,
                    -5.0625,
                    -5.0625,
                    -5.0625,
                    -5.0,
                    -5.0625,
                    -5.742799758911133,
                    -5.0625,
                    -5.0625,
                    -5.0
                ],
                [
                    -5.53125,
                    -6.001213073730469,
                    -4.84375,
                    -4.84375,
                    -4.84375,
                    -5.53125,
                    -4.84375,
                    -6.001213073730469,
                    -4.84375,
                    -4.84375,
                    -5.53125
                ]
            ]
        ],
        "prompt_sensitivities": [
            0.39549255082101525
        ],
        "posix": 0.39549255082101525
    }
}