{
    "file_name": "question_349_variants.json",
    "overall_posix": 0.4556818181818182,
    "detailed_scores": [
        {
            "Variation 1": 3.28125,
            "Variation 2": 3.28125,
            "Variation 3": 3.28125,
            "Variation 4": 3.28125,
            "Variation 5": 3.28125,
            "Variation 6": 3.28125,
            "Variation 7": 3.28125,
            "Variation 8": 3.28125,
            "Variation 9": 3.28125,
            "Variation 10": 3.28125
        }
    ],
    "trace": {
        "prompts": [
            "Is there any lobar air space consolidation present on the chest X-ray? - No Please choose from the following two options: [yes, no]\n<image>"
        ],
        "responses": [
            [
                "no",
                "No",
                "No",
                "No",
                "No",
                "No",
                "No",
                "No",
                "No",
                "No",
                "No"
            ]
        ],
        "logprob_matrices": [
            [
                [
                    -7.21875,
                    -10.5,
                    -10.5,
                    -10.5,
                    -10.5,
                    -10.5,
                    -10.5,
                    -10.5,
                    -10.5,
                    -10.5,
                    -10.5
                ],
                [
                    -9.0625,
                    -10.5,
                    -10.5,
                    -10.5,
                    -10.5,
                    -10.5,
                    -10.5,
                    -10.5,
                    -10.5,
                    -10.5,
                    -10.5
                ],
                [
                    -8.6875,
                    -11.5625,
                    -11.5625,
                    -11.5625,
                    -11.5625,
                    -11.5625,
                    -11.5625,
                    -11.5625,
                    -11.5625,
                    -11.5625,
                    -11.5625
                ],
                [
                    -7.96875,
                    -9.3125,
                    -9.3125,
                    -9.3125,
                    -9.3125,
                    -9.3125,
                    -9.3125,
                    -9.3125,
                    -9.3125,
                    -9.3125,
                    -9.3125
                ],
                [
                    -5.8125,
                    -8.5625,
                    -8.5625,
                    -8.5625,
                    -8.5625,
                    -8.5625,
                    -8.5625,
                    -8.5625,
                    -8.5625,
                    -8.5625,
                    -8.5625
                ],
                [
                    -7.09375,
                    -9.25,
                    -9.25,
                    -9.25,
                    -9.25,
                    -9.25,
                    -9.25,
                    -9.25,
                    -9.25,
                    -9.25,
                    -9.25
                ],
                [
                    -7.59375,
                    -10.8125,
                    -10.8125,
                    -10.8125,
                    -10.8125,
                    -10.8125,
                    -10.8125,
                    -10.8125,
                    -10.8125,
                    -10.8125,
                    -10.8125
                ],
                [
                    -8.8125,
                    -9.5625,
                    -9.5625,
                    -9.5625,
                    -9.5625,
                    -9.5625,
                    -9.5625,
                    -9.5625,
                    -9.5625,
                    -9.5625,
                    -9.5625
                ],
                [
                    -7.21875,
                    -6.96875,
                    -6.96875,
                    -6.96875,
                    -6.96875,
                    -6.96875,
                    -6.96875,
                    -6.96875,
                    -6.96875,
                    -6.96875,
                    -6.96875
                ],
                [
                    -7.21875,
                    -8.3125,
                    -8.3125,
                    -8.3125,
                    -8.3125,
                    -8.3125,
                    -8.3125,
                    -8.3125,
                    -8.3125,
                    -8.3125,
                    -8.3125
                ],
                [
                    -6.6875,
                    -8.125,
                    -8.125,
                    -8.125,
                    -8.125,
                    -8.125,
                    -8.125,
                    -8.125,
                    -8.125,
                    -8.125,
                    -8.125
                ]
            ]
        ],
        "prompt_sensitivities": [
            0.4556818181818182
        ],
        "posix": 0.4556818181818182
    }
}