{
    "file_name": "question_121_variants.json",
    "overall_posix": 0.0,
    "detailed_scores": [
        {
            "Variation 1": 0.0,
            "Variation 2": 0.0,
            "Variation 3": 0.0,
            "Variation 4": 0.0,
            "Variation 5": 0.0,
            "Variation 6": 0.0,
            "Variation 7": 0.0,
            "Variation 8": 0.0,
            "Variation 9": 0.0,
            "Variation 10": 0.0
        }
    ],
    "trace": {
        "prompts": [
            "Is there any evidence of fluid in the lung spaces on the chest X-ray? Please choose from the following two options: [yes, no]\n<image>"
        ],
        "responses": [
            [
                "yes",
                "yes",
                "yes",
                "yes",
                "yes",
                "yes",
                "yes",
                "yes",
                "yes",
                "yes",
                "yes"
            ]
        ],
        "logprob_matrices": [
            [
                [
                    -6.1875,
                    -6.1875,
                    -6.1875,
                    -6.1875,
                    -6.1875,
                    -6.1875,
                    -6.1875,
                    -6.1875,
                    -6.1875,
                    -6.1875,
                    -6.1875
                ],
                [
                    -4.125,
                    -4.125,
                    -4.125,
                    -4.125,
                    -4.125,
                    -4.125,
                    -4.125,
                    -4.125,
                    -4.125,
                    -4.125,
                    -4.125
                ],
                [
                    -5.78125,
                    -5.78125,
                    -5.78125,
                    -5.78125,
                    -5.78125,
                    -5.78125,
                    -5.78125,
                    -5.78125,
                    -5.78125,
                    -5.78125,
                    -5.78125
                ],
                [
                    -4.59375,
                    -4.59375,
                    -4.59375,
                    -4.59375,
                    -4.59375,
                    -4.59375,
                    -4.59375,
                    -4.59375,
                    -4.59375,
                    -4.59375,
                    -4.59375
                ],
                [
                    -5.75,
                    -5.75,
                    -5.75,
                    -5.75,
                    -5.75,
                    -5.75,
                    -5.75,
                    -5.75,
                    -5.75,
                    -5.75,
                    -5.75
                ],
                [
                    -2.625,
                    -2.625,
                    -2.625,
                    -2.625,
                    -2.625,
                    -2.625,
                    -2.625,
                    -2.625,
                    -2.625,
                    -2.625,
                    -2.625
                ],
                [
                    -4.625,
                    -4.625,
                    -4.625,
                    -4.625,
                    -4.625,
                    -4.625,
                    -4.625,
                    -4.625,
                    -4.625,
                    -4.625,
                    -4.625
                ],
                [
                    -4.625,
                    -4.625,
                    -4.625,
                    -4.625,
                    -4.625,
                    -4.625,
                    -4.625,
                    -4.625,
                    -4.625,
                    -4.625,
                    -4.625
                ],
                [
                    -6.4375,
                    -6.4375,
                    -6.4375,
                    -6.4375,
                    -6.4375,
                    -6.4375,
                    -6.4375,
                    -6.4375,
                    -6.4375,
                    -6.4375,
                    -6.4375
                ],
                [
                    -3.234375,
                    -3.234375,
                    -3.234375,
                    -3.234375,
                    -3.234375,
                    -3.234375,
                    -3.234375,
                    -3.234375,
                    -3.234375,
                    -3.234375,
                    -3.234375
                ],
                [
                    -4.65625,
                    -4.65625,
                    -4.65625,
                    -4.65625,
                    -4.65625,
                    -4.65625,
                    -4.65625,
                    -4.65625,
                    -4.65625,
                    -4.65625,
                    -4.65625
                ]
            ]
        ],
        "prompt_sensitivities": [
            0.0
        ],
        "posix": 0.0
    }
}