{
    "file_name": "question_136_variants.json",
    "overall_posix": 0.6120690834423728,
    "detailed_scores": [
        {
            "Variation 1": 0.0,
            "Variation 2": 0.2426327792080966,
            "Variation 3": 0.2426327792080966,
            "Variation 4": 0.0,
            "Variation 5": 0.0,
            "Variation 6": 0.0,
            "Variation 7": 0.0,
            "Variation 8": 0.0,
            "Variation 9": 0.2426327792080966,
            "Variation 10": 0.0
        }
    ],
    "trace": {
        "prompts": [
            "Is the heart enlarged on the X-ray? Please choose from the following two options: [yes, no]\n<image>"
        ],
        "responses": [
            [
                "yes",
                "yes",
                "Yes, the heart is enlarged on the X-ray.",
                "Yes, the heart is enlarged on the X-ray.",
                "yes",
                "yes",
                "Yes",
                "Yes",
                "Yes",
                "Yes, the heart is enlarged on the X-ray.",
                "yes"
            ]
        ],
        "logprob_matrices": [
            [
                [
                    -7.3125,
                    -7.3125,
                    -9.981460571289062,
                    -9.981460571289062,
                    -7.3125,
                    -7.3125,
                    -7.3125,
                    -7.3125,
                    -7.3125,
                    -9.981460571289062,
                    -7.3125
                ],
                [
                    -5.09375,
                    -5.09375,
                    -7.240019798278809,
                    -7.240019798278809,
                    -5.09375,
                    -5.09375,
                    -5.90625,
                    -5.90625,
                    -5.90625,
                    -7.240019798278809,
                    -5.09375
                ],
                [
                    -5.71875,
                    -5.71875,
                    -7.3229827880859375,
                    -7.3229827880859375,
                    -5.71875,
                    -5.71875,
                    -5.34375,
                    -5.34375,
                    -5.34375,
                    -7.3229827880859375,
                    -5.71875
                ],
                [
                    -3.984375,
                    -3.984375,
                    -6.485067367553711,
                    -6.485067367553711,
                    -3.984375,
                    -3.984375,
                    -4.03125,
                    -4.03125,
                    -4.03125,
                    -6.485067367553711,
                    -3.984375
                ],
                [
                    -6.25,
                    -6.25,
                    -7.836246490478516,
                    -7.836246490478516,
                    -6.25,
                    -6.25,
                    -5.8125,
                    -5.8125,
                    -5.8125,
                    -7.836246490478516,
                    -6.25
                ],
                [
                    -4.90625,
                    -4.90625,
                    -6.807304382324219,
                    -6.807304382324219,
                    -4.90625,
                    -4.90625,
                    -4.96875,
                    -4.96875,
                    -4.96875,
                    -6.807304382324219,
                    -4.90625
                ],
                [
                    -4.5,
                    -4.5,
                    -7.456602096557617,
                    -7.456602096557617,
                    -4.5,
                    -4.5,
                    -5.4375,
                    -5.4375,
                    -5.4375,
                    -7.456602096557617,
                    -4.5
                ],
                [
                    -5.65625,
                    -5.65625,
                    -6.263126373291016,
                    -6.263126373291016,
                    -5.65625,
                    -5.65625,
                    -4.84375,
                    -4.84375,
                    -4.84375,
                    -6.263126373291016,
                    -5.65625
                ],
                [
                    -6.46875,
                    -6.46875,
                    -6.558589935302734,
                    -6.558589935302734,
                    -6.46875,
                    -6.46875,
                    -5.09375,
                    -5.09375,
                    -5.09375,
                    -6.558589935302734,
                    -6.46875
                ],
                [
                    -6.65625,
                    -6.65625,
                    -7.0090484619140625,
                    -7.0090484619140625,
                    -6.65625,
                    -6.65625,
                    -5.65625,
                    -5.65625,
                    -5.65625,
                    -7.0090484619140625,
                    -6.65625
                ],
                [
                    -7.25,
                    -7.25,
                    -8.001079559326172,
                    -8.001079559326172,
                    -7.25,
                    -7.25,
                    -5.8125,
                    -5.8125,
                    -5.8125,
                    -8.001079559326172,
                    -7.25
                ]
            ]
        ],
        "prompt_sensitivities": [
            0.6120690834423728
        ],
        "posix": 0.6120690834423728
    }
}