{
    "file_name": "question_150_variants.json",
    "overall_posix": 0.5082040208500699,
    "detailed_scores": [
        {
            "Variation 1": 0.057068467140197754,
            "Variation 2": 0.057068467140197754,
            "Variation 3": 1.609375,
            "Variation 4": 0.0,
            "Variation 5": 0.0,
            "Variation 6": 0.057068467140197754,
            "Variation 7": 0.0,
            "Variation 8": 0.1875,
            "Variation 9": 0.0,
            "Variation 10": 0.1875
        }
    ],
    "trace": {
        "prompts": [
            "Does the patient show any evidence of pneumonia on their chest X-ray? Please choose from the following two options: [yes, no]\n<image>"
        ],
        "responses": [
            [
                "yes",
                "Yes, the patient shows evidence of pneumonia on their chest X-ray.",
                "Yes, the patient shows evidence of pneumonia on their chest X-ray.",
                "Yes.",
                "yes",
                "yes",
                "Yes, the patient shows evidence of pneumonia on their chest X-ray.",
                "yes",
                "Yes",
                "yes",
                "Yes"
            ]
        ],
        "logprob_matrices": [
            [
                [
                    -8.0625,
                    -8.861458539962769,
                    -8.861458539962769,
                    -11.28125,
                    -8.0625,
                    -8.0625,
                    -8.861458539962769,
                    -8.0625,
                    -7.875,
                    -8.0625,
                    -7.875
                ],
                [
                    -6.1875,
                    -6.509791851043701,
                    -6.509791851043701,
                    -8.953125,
                    -6.1875,
                    -6.1875,
                    -6.509791851043701,
                    -6.1875,
                    -5.6875,
                    -6.1875,
                    -5.6875
                ],
                [
                    -8.9375,
                    -8.605746030807495,
                    -8.605746030807495,
                    -10.8125,
                    -8.9375,
                    -8.9375,
                    -8.605746030807495,
                    -8.9375,
                    -7.4375,
                    -8.9375,
                    -7.4375
                ],
                [
                    -7.59375,
                    -7.791133403778076,
                    -7.791133403778076,
                    -8.484375,
                    -7.59375,
                    -7.59375,
                    -7.791133403778076,
                    -7.59375,
                    -6.28125,
                    -7.59375,
                    -6.28125
                ],
                [
                    -9.5,
                    -7.522844433784485,
                    -7.522844433784485,
                    -8.765625,
                    -9.5,
                    -9.5,
                    -7.522844433784485,
                    -9.5,
                    -6.34375,
                    -9.5,
                    -6.34375
                ],
                [
                    -9.875,
                    -9.886745691299438,
                    -9.886745691299438,
                    -12.421875,
                    -9.875,
                    -9.875,
                    -9.886745691299438,
                    -9.875,
                    -8.375,
                    -9.875,
                    -8.375
                ],
                [
                    -8.5625,
                    -8.887442588806152,
                    -8.887442588806152,
                    -10.921875,
                    -8.5625,
                    -8.5625,
                    -8.887442588806152,
                    -8.5625,
                    -7.71875,
                    -8.5625,
                    -7.71875
                ],
                [
                    -8.75,
                    -9.506291389465332,
                    -9.506291389465332,
                    -10.296875,
                    -8.75,
                    -8.75,
                    -9.506291389465332,
                    -8.75,
                    -7.46875,
                    -8.75,
                    -7.46875
                ],
                [
                    -7.40625,
                    -9.113489866256714,
                    -9.113489866256714,
                    -11.25,
                    -7.40625,
                    -7.40625,
                    -9.113489866256714,
                    -7.40625,
                    -8.1875,
                    -7.40625,
                    -8.1875
                ],
                [
                    -6.625,
                    -7.80588436126709,
                    -7.80588436126709,
                    -10.9375,
                    -6.625,
                    -6.625,
                    -7.80588436126709,
                    -6.625,
                    -6.6875,
                    -6.625,
                    -6.6875
                ],
                [
                    -9.1875,
                    -9.076120853424072,
                    -9.076120853424072,
                    -12.078125,
                    -9.1875,
                    -9.1875,
                    -9.076120853424072,
                    -9.1875,
                    -8.1875,
                    -9.1875,
                    -8.1875
                ]
            ]
        ],
        "prompt_sensitivities": [
            0.5082040208500699
        ],
        "posix": 0.5082040208500699
    }
}