{
    "file_name": "question_368_variants.json",
    "overall_posix": 0.42205920497124844,
    "detailed_scores": [
        {
            "Variation 1": 0.34765625,
            "Variation 2": 0.34765625,
            "Variation 3": 0.34765625,
            "Variation 4": 0.34765625,
            "Variation 5": 0.34765625,
            "Variation 6": 0.34765625,
            "Variation 7": 0.34765625,
            "Variation 8": 0.34765625,
            "Variation 9": 0.18218234926462173,
            "Variation 10": 0.6875
        }
    ],
    "trace": {
        "prompts": [
            "Does the chest X-ray suggest the patient has a pneumothorax? Please choose from the following two options: [yes, no]\n<image>"
        ],
        "responses": [
            [
                "yes",
                "Yes.",
                "Yes.",
                "Yes.",
                "Yes.",
                "Yes.",
                "Yes.",
                "Yes.",
                "Yes.",
                "Yes, the chest X-ray suggests the patient has a pneumothorax.",
                "Yes"
            ]
        ],
        "logprob_matrices": [
            [
                [
                    -9.0,
                    -9.6953125,
                    -9.6953125,
                    -9.6953125,
                    -9.6953125,
                    -9.6953125,
                    -9.6953125,
                    -9.6953125,
                    -9.6953125,
                    -11.914917588233948,
                    -8.3125
                ],
                [
                    -9.1875,
                    -9.3125,
                    -9.3125,
                    -9.3125,
                    -9.3125,
                    -9.3125,
                    -9.3125,
                    -9.3125,
                    -9.3125,
                    -9.873262763023376,
                    -7.03125
                ],
                [
                    -6.75,
                    -7.7421875,
                    -7.7421875,
                    -7.7421875,
                    -7.7421875,
                    -7.7421875,
                    -7.7421875,
                    -7.7421875,
                    -7.7421875,
                    -9.432848811149597,
                    -5.9375
                ],
                [
                    -9.3125,
                    -7.9453125,
                    -7.9453125,
                    -7.9453125,
                    -7.9453125,
                    -7.9453125,
                    -7.9453125,
                    -7.9453125,
                    -7.9453125,
                    -9.666189670562744,
                    -7.15625
                ],
                [
                    -6.78125,
                    -6.78125,
                    -6.78125,
                    -6.78125,
                    -6.78125,
                    -6.78125,
                    -6.78125,
                    -6.78125,
                    -6.78125,
                    -7.223657965660095,
                    -4.78125
                ],
                [
                    -9.1875,
                    -10.53125,
                    -10.53125,
                    -10.53125,
                    -10.53125,
                    -10.53125,
                    -10.53125,
                    -10.53125,
                    -10.53125,
                    -11.088030099868774,
                    -7.875
                ],
                [
                    -5.4375,
                    -7.328125,
                    -7.328125,
                    -7.328125,
                    -7.328125,
                    -7.328125,
                    -7.328125,
                    -7.328125,
                    -7.328125,
                    -9.684931874275208,
                    -5.375
                ],
                [
                    -9.1875,
                    -10.53125,
                    -10.53125,
                    -10.53125,
                    -10.53125,
                    -10.53125,
                    -10.53125,
                    -10.53125,
                    -10.53125,
                    -11.088030099868774,
                    -7.875
                ],
                [
                    -8.5625,
                    -11.1875,
                    -11.1875,
                    -11.1875,
                    -11.1875,
                    -11.1875,
                    -11.1875,
                    -11.1875,
                    -11.1875,
                    -10.180669784545898,
                    -7.59375
                ],
                [
                    -7.59375,
                    -9.515625,
                    -9.515625,
                    -9.515625,
                    -9.515625,
                    -9.515625,
                    -9.515625,
                    -9.515625,
                    -9.515625,
                    -9.503538489341736,
                    -6.84375
                ],
                [
                    -6.5,
                    -8.90625,
                    -8.90625,
                    -8.90625,
                    -8.90625,
                    -8.90625,
                    -8.90625,
                    -8.90625,
                    -8.90625,
                    -10.318108320236206,
                    -6.4375
                ]
            ]
        ],
        "prompt_sensitivities": [
            0.42205920497124844
        ],
        "posix": 0.42205920497124844
    }
}