{
    "file_name": "question_67_variants.json",
    "overall_posix": 1.0502130681818183,
    "detailed_scores": [
        {
            "Variation 1": 3.15625,
            "Variation 2": 3.15625,
            "Variation 3": 0.0,
            "Variation 4": 3.15625,
            "Variation 5": 3.15625,
            "Variation 6": 0.0,
            "Variation 7": 0.0,
            "Variation 8": 3.15625,
            "Variation 9": 3.15625,
            "Variation 10": 3.4375
        }
    ],
    "trace": {
        "prompts": [
            "Are the lung volumes within normal limits on the chest X-ray? Please choose from the following two options: [yes, no]\n<image>"
        ],
        "responses": [
            [
                "no",
                "No",
                "No",
                "no",
                "No",
                "No",
                "no",
                "no",
                "No",
                "No",
                "No."
            ]
        ],
        "logprob_matrices": [
            [
                [
                    -7.59375,
                    -10.75,
                    -10.75,
                    -7.59375,
                    -10.75,
                    -10.75,
                    -7.59375,
                    -7.59375,
                    -10.75,
                    -10.75,
                    -14.46875
                ],
                [
                    -10.3125,
                    -10.9375,
                    -10.9375,
                    -10.3125,
                    -10.9375,
                    -10.9375,
                    -10.3125,
                    -10.3125,
                    -10.9375,
                    -10.9375,
                    -14.5
                ],
                [
                    -8.8125,
                    -10.375,
                    -10.375,
                    -8.8125,
                    -10.375,
                    -10.375,
                    -8.8125,
                    -8.8125,
                    -10.375,
                    -10.375,
                    -12.90625
                ],
                [
                    -8.8125,
                    -9.5625,
                    -9.5625,
                    -8.8125,
                    -9.5625,
                    -9.5625,
                    -8.8125,
                    -8.8125,
                    -9.5625,
                    -9.5625,
                    -12.65625
                ],
                [
                    -11.125,
                    -11.625,
                    -11.625,
                    -11.125,
                    -11.625,
                    -11.625,
                    -11.125,
                    -11.125,
                    -11.625,
                    -11.625,
                    -15.625
                ],
                [
                    -8.875,
                    -8.5625,
                    -8.5625,
                    -8.875,
                    -8.5625,
                    -8.5625,
                    -8.875,
                    -8.875,
                    -8.5625,
                    -8.5625,
                    -11.4375
                ],
                [
                    -8.5,
                    -12.75,
                    -12.75,
                    -8.5,
                    -12.75,
                    -12.75,
                    -8.5,
                    -8.5,
                    -12.75,
                    -12.75,
                    -16.171875
                ],
                [
                    -7.53125,
                    -8.9375,
                    -8.9375,
                    -7.53125,
                    -8.9375,
                    -8.9375,
                    -7.53125,
                    -7.53125,
                    -8.9375,
                    -8.9375,
                    -12.171875
                ],
                [
                    -9.875,
                    -10.4375,
                    -10.4375,
                    -9.875,
                    -10.4375,
                    -10.4375,
                    -9.875,
                    -9.875,
                    -10.4375,
                    -10.4375,
                    -14.75
                ],
                [
                    -9.75,
                    -10.1875,
                    -10.1875,
                    -9.75,
                    -10.1875,
                    -10.1875,
                    -9.75,
                    -9.75,
                    -10.1875,
                    -10.1875,
                    -12.609375
                ],
                [
                    -9.1875,
                    -8.25,
                    -8.25,
                    -9.1875,
                    -8.25,
                    -8.25,
                    -9.1875,
                    -9.1875,
                    -8.25,
                    -8.25,
                    -10.703125
                ]
            ]
        ],
        "prompt_sensitivities": [
            1.0502130681818183
        ],
        "posix": 1.0502130681818183
    }
}