{
    "file_name": "question_95_variants.json",
    "overall_posix": 0.2786931818181818,
    "detailed_scores": [
        {
            "Variation 1": 0.0,
            "Variation 2": 0.0,
            "Variation 3": 0.1875,
            "Variation 4": 0.0,
            "Variation 5": 0.0,
            "Variation 6": 0.0,
            "Variation 7": 0.0,
            "Variation 8": 0.1875,
            "Variation 9": 0.0,
            "Variation 10": 0.0
        }
    ],
    "trace": {
        "prompts": [
            "Is the heart enlarged on the X-ray image? Please choose from the following two options: [yes, no]\n<image>"
        ],
        "responses": [
            [
                "yes",
                "yes",
                "yes",
                "Yes",
                "yes",
                "yes",
                "yes",
                "yes",
                "Yes",
                "yes",
                "yes"
            ]
        ],
        "logprob_matrices": [
            [
                [
                    -7.9375,
                    -7.9375,
                    -7.9375,
                    -8.125,
                    -7.9375,
                    -7.9375,
                    -7.9375,
                    -7.9375,
                    -8.125,
                    -7.9375,
                    -7.9375
                ],
                [
                    -6.8125,
                    -6.8125,
                    -6.8125,
                    -6.0625,
                    -6.8125,
                    -6.8125,
                    -6.8125,
                    -6.8125,
                    -6.0625,
                    -6.8125,
                    -6.8125
                ],
                [
                    -5.90625,
                    -5.90625,
                    -5.90625,
                    -4.53125,
                    -5.90625,
                    -5.90625,
                    -5.90625,
                    -5.90625,
                    -4.53125,
                    -5.90625,
                    -5.90625
                ],
                [
                    -8.0,
                    -8.0,
                    -8.0,
                    -6.40625,
                    -8.0,
                    -8.0,
                    -8.0,
                    -8.0,
                    -6.40625,
                    -8.0,
                    -8.0
                ],
                [
                    -6.78125,
                    -6.78125,
                    -6.78125,
                    -6.09375,
                    -6.78125,
                    -6.78125,
                    -6.78125,
                    -6.78125,
                    -6.09375,
                    -6.78125,
                    -6.78125
                ],
                [
                    -6.8125,
                    -6.8125,
                    -6.8125,
                    -6.0625,
                    -6.8125,
                    -6.8125,
                    -6.8125,
                    -6.8125,
                    -6.0625,
                    -6.8125,
                    -6.8125
                ],
                [
                    -6.65625,
                    -6.65625,
                    -6.65625,
                    -6.53125,
                    -6.65625,
                    -6.65625,
                    -6.65625,
                    -6.65625,
                    -6.53125,
                    -6.65625,
                    -6.65625
                ],
                [
                    -6.8125,
                    -6.8125,
                    -6.8125,
                    -5.9375,
                    -6.8125,
                    -6.8125,
                    -6.8125,
                    -6.8125,
                    -5.9375,
                    -6.8125,
                    -6.8125
                ],
                [
                    -6.09375,
                    -6.09375,
                    -6.09375,
                    -5.84375,
                    -6.09375,
                    -6.09375,
                    -6.09375,
                    -6.09375,
                    -5.84375,
                    -6.09375,
                    -6.09375
                ],
                [
                    -6.375,
                    -6.375,
                    -6.375,
                    -5.8125,
                    -6.375,
                    -6.375,
                    -6.375,
                    -6.375,
                    -5.8125,
                    -6.375,
                    -6.375
                ],
                [
                    -6.96875,
                    -6.96875,
                    -6.96875,
                    -8.6875,
                    -6.96875,
                    -6.96875,
                    -6.96875,
                    -6.96875,
                    -8.6875,
                    -6.96875,
                    -6.96875
                ]
            ]
        ],
        "prompt_sensitivities": [
            0.2786931818181818
        ],
        "posix": 0.2786931818181818
    }
}