{
    "file_name": "question_260_variants.json",
    "overall_posix": 0.4135653409090909,
    "detailed_scores": [
        {
            "Variation 1": 0.0,
            "Variation 2": 0.0,
            "Variation 3": 0.0,
            "Variation 4": 0.0,
            "Variation 5": 0.0,
            "Variation 6": 0.0,
            "Variation 7": 0.0,
            "Variation 8": 1.3828125,
            "Variation 9": 0.0,
            "Variation 10": 0.0
        }
    ],
    "trace": {
        "prompts": [
            "Are there any signs of focal airspace disease within the lungs? Please choose from the following two options: [yes, no]\n<image>"
        ],
        "responses": [
            [
                "yes",
                "yes",
                "yes",
                "yes",
                "yes",
                "yes",
                "yes",
                "yes",
                "Yes.",
                "yes",
                "yes"
            ]
        ],
        "logprob_matrices": [
            [
                [
                    -4.65625,
                    -4.65625,
                    -4.65625,
                    -4.65625,
                    -4.65625,
                    -4.65625,
                    -4.65625,
                    -4.65625,
                    -7.421875,
                    -4.65625,
                    -4.65625
                ],
                [
                    -3.359375,
                    -3.359375,
                    -3.359375,
                    -3.359375,
                    -3.359375,
                    -3.359375,
                    -3.359375,
                    -3.359375,
                    -5.953125,
                    -3.359375,
                    -3.359375
                ],
                [
                    -4.5625,
                    -4.5625,
                    -4.5625,
                    -4.5625,
                    -4.5625,
                    -4.5625,
                    -4.5625,
                    -4.5625,
                    -6.875,
                    -4.5625,
                    -4.5625
                ],
                [
                    -3.859375,
                    -3.859375,
                    -3.859375,
                    -3.859375,
                    -3.859375,
                    -3.859375,
                    -3.859375,
                    -3.859375,
                    -9.0625,
                    -3.859375,
                    -3.859375
                ],
                [
                    -5.8125,
                    -5.8125,
                    -5.8125,
                    -5.8125,
                    -5.8125,
                    -5.8125,
                    -5.8125,
                    -5.8125,
                    -8.796875,
                    -5.8125,
                    -5.8125
                ],
                [
                    -5.0,
                    -5.0,
                    -5.0,
                    -5.0,
                    -5.0,
                    -5.0,
                    -5.0,
                    -5.0,
                    -9.828125,
                    -5.0,
                    -5.0
                ],
                [
                    -6.21875,
                    -6.21875,
                    -6.21875,
                    -6.21875,
                    -6.21875,
                    -6.21875,
                    -6.21875,
                    -6.21875,
                    -8.515625,
                    -6.21875,
                    -6.21875
                ],
                [
                    -3.390625,
                    -3.390625,
                    -3.390625,
                    -3.390625,
                    -3.390625,
                    -3.390625,
                    -3.390625,
                    -3.390625,
                    -7.421875,
                    -3.390625,
                    -3.390625
                ],
                [
                    -4.46875,
                    -4.46875,
                    -4.46875,
                    -4.46875,
                    -4.46875,
                    -4.46875,
                    -4.46875,
                    -4.46875,
                    -7.296875,
                    -4.46875,
                    -4.46875
                ],
                [
                    -3.65625,
                    -3.65625,
                    -3.65625,
                    -3.65625,
                    -3.65625,
                    -3.65625,
                    -3.65625,
                    -3.65625,
                    -8.28125,
                    -3.65625,
                    -3.65625
                ],
                [
                    -7.03125,
                    -7.03125,
                    -7.03125,
                    -7.03125,
                    -7.03125,
                    -7.03125,
                    -7.03125,
                    -7.03125,
                    -9.8125,
                    -7.03125,
                    -7.03125
                ]
            ]
        ],
        "prompt_sensitivities": [
            0.4135653409090909
        ],
        "posix": 0.4135653409090909
    }
}