{
    "file_name": "question_370_variants_results.json",
    "overall_posix": 0.0,
    "detailed_scores": [
        {
            "Variation 1": 0.0,
            "Variation 2": 0.0,
            "Variation 3": 0.0,
            "Variation 4": 0.0,
            "Variation 5": 0.0,
            "Variation 6": 0.0,
            "Variation 7": 0.0,
            "Variation 8": 0.0,
            "Variation 9": 0.0,
            "Variation 10": 0.0
        }
    ],
    "trace": {
        "prompts": [
            "Is the aortic arch approximately 5 cm in diameter? Please choose from the following two options: [yes, no]\n<image>"
        ],
        "responses": [
            [
                "yes",
                "yes",
                "yes",
                "yes",
                "yes",
                "yes",
                "yes",
                "yes",
                "yes",
                "yes",
                "yes"
            ]
        ],
        "logprob_matrices": [
            [
                [
                    -5.90625,
                    -5.90625,
                    -5.90625,
                    -5.90625,
                    -5.90625,
                    -5.90625,
                    -5.90625,
                    -5.90625,
                    -5.90625,
                    -5.90625,
                    -5.90625
                ],
                [
                    -9.3125,
                    -9.3125,
                    -9.3125,
                    -9.3125,
                    -9.3125,
                    -9.3125,
                    -9.3125,
                    -9.3125,
                    -9.3125,
                    -9.3125,
                    -9.3125
                ],
                [
                    -5.90625,
                    -5.90625,
                    -5.90625,
                    -5.90625,
                    -5.90625,
                    -5.90625,
                    -5.90625,
                    -5.90625,
                    -5.90625,
                    -5.90625,
                    -5.90625
                ],
                [
                    -7.03125,
                    -7.03125,
                    -7.03125,
                    -7.03125,
                    -7.03125,
                    -7.03125,
                    -7.03125,
                    -7.03125,
                    -7.03125,
                    -7.03125,
                    -7.03125
                ],
                [
                    -6.5,
                    -6.5,
                    -6.5,
                    -6.5,
                    -6.5,
                    -6.5,
                    -6.5,
                    -6.5,
                    -6.5,
                    -6.5,
                    -6.5
                ],
                [
                    -7.53125,
                    -7.53125,
                    -7.53125,
                    -7.53125,
                    -7.53125,
                    -7.53125,
                    -7.53125,
                    -7.53125,
                    -7.53125,
                    -7.53125,
                    -7.53125
                ],
                [
                    -6.53125,
                    -6.53125,
                    -6.53125,
                    -6.53125,
                    -6.53125,
                    -6.53125,
                    -6.53125,
                    -6.53125,
                    -6.53125,
                    -6.53125,
                    -6.53125
                ],
                [
                    -6.28125,
                    -6.28125,
                    -6.28125,
                    -6.28125,
                    -6.28125,
                    -6.28125,
                    -6.28125,
                    -6.28125,
                    -6.28125,
                    -6.28125,
                    -6.28125
                ],
                [
                    -6.96875,
                    -6.96875,
                    -6.96875,
                    -6.96875,
                    -6.96875,
                    -6.96875,
                    -6.96875,
                    -6.96875,
                    -6.96875,
                    -6.96875,
                    -6.96875
                ],
                [
                    -7.9375,
                    -7.9375,
                    -7.9375,
                    -7.9375,
                    -7.9375,
                    -7.9375,
                    -7.9375,
                    -7.9375,
                    -7.9375,
                    -7.9375,
                    -7.9375
                ],
                [
                    -5.8125,
                    -5.8125,
                    -5.8125,
                    -5.8125,
                    -5.8125,
                    -5.8125,
                    -5.8125,
                    -5.8125,
                    -5.8125,
                    -5.8125,
                    -5.8125
                ]
            ]
        ],
        "prompt_sensitivities": [
            0.0
        ],
        "posix": 0.0
    }
}