{
    "file_name": "question_8_variants_results.json",
    "overall_posix": 1.348934659090909,
    "detailed_scores": [
        {
            "Variation 1": 0.0,
            "Variation 2": 0.0,
            "Variation 3": 0.4375,
            "Variation 4": 5.0625,
            "Variation 5": 1.1484375,
            "Variation 6": 0.4375,
            "Variation 7": 0.4375,
            "Variation 8": 0.4375,
            "Variation 9": 0.0,
            "Variation 10": 0.4375
        }
    ],
    "trace": {
        "prompts": [
            "Is there a need for immediate intervention based on heart or lung findings on this X-ray? Please choose from the following two options: [yes, no]\n<image>"
        ],
        "responses": [
            [
                "Yes",
                "Yes",
                "Yes",
                "yes",
                "No",
                "Yes.",
                "yes",
                "yes",
                "yes",
                "Yes",
                "yes"
            ]
        ],
        "logprob_matrices": [
            [
                [
                    -6.8125,
                    -6.8125,
                    -6.8125,
                    -6.375,
                    -11.875,
                    -9.109375,
                    -6.375,
                    -6.375,
                    -6.375,
                    -6.8125,
                    -6.375
                ],
                [
                    -7.59375,
                    -7.59375,
                    -7.59375,
                    -5.78125,
                    -11.5,
                    -9.0,
                    -5.78125,
                    -5.78125,
                    -5.78125,
                    -7.59375,
                    -5.78125
                ],
                [
                    -6.8125,
                    -6.8125,
                    -6.8125,
                    -6.375,
                    -11.875,
                    -9.109375,
                    -6.375,
                    -6.375,
                    -6.375,
                    -6.8125,
                    -6.375
                ],
                [
                    -7.125,
                    -7.125,
                    -7.125,
                    -6.6875,
                    -11.0625,
                    -8.8046875,
                    -6.6875,
                    -6.6875,
                    -6.6875,
                    -7.125,
                    -6.6875
                ],
                [
                    -7.21875,
                    -7.21875,
                    -7.21875,
                    -6.34375,
                    -11.8125,
                    -9.65625,
                    -6.34375,
                    -6.34375,
                    -6.34375,
                    -7.21875,
                    -6.34375
                ],
                [
                    -8.8125,
                    -8.8125,
                    -8.8125,
                    -7.96875,
                    -13.375,
                    -9.9453125,
                    -7.96875,
                    -7.96875,
                    -7.96875,
                    -8.8125,
                    -7.96875
                ],
                [
                    -5.59375,
                    -5.59375,
                    -5.59375,
                    -5.34375,
                    -9.1875,
                    -7.6953125,
                    -5.34375,
                    -5.34375,
                    -5.34375,
                    -5.59375,
                    -5.34375
                ],
                [
                    -5.8125,
                    -5.8125,
                    -5.8125,
                    -5.0625,
                    -10.8125,
                    -8.390625,
                    -5.0625,
                    -5.0625,
                    -5.0625,
                    -5.8125,
                    -5.0625
                ],
                [
                    -9.3125,
                    -9.3125,
                    -9.3125,
                    -7.46875,
                    -12.0625,
                    -10.875,
                    -7.46875,
                    -7.46875,
                    -7.46875,
                    -9.3125,
                    -7.46875
                ],
                [
                    -5.53125,
                    -5.53125,
                    -5.53125,
                    -5.34375,
                    -8.6875,
                    -7.4375,
                    -5.34375,
                    -5.34375,
                    -5.34375,
                    -5.53125,
                    -5.34375
                ],
                [
                    -4.8125,
                    -4.8125,
                    -4.8125,
                    -3.9375,
                    -9.3125,
                    -8.0625,
                    -3.9375,
                    -3.9375,
                    -3.9375,
                    -4.8125,
                    -3.9375
                ]
            ]
        ],
        "prompt_sensitivities": [
            1.348934659090909
        ],
        "posix": 1.348934659090909
    }
}