{
    "file_name": "question_301_variants_results.json",
    "overall_posix": 0.46335227272727275,
    "detailed_scores": [
        {
            "Variation 1": 0.0,
            "Variation 2": 0.0,
            "Variation 3": 1.3125,
            "Variation 4": 0.0,
            "Variation 5": 0.0,
            "Variation 6": 0.0,
            "Variation 7": 0.0,
            "Variation 8": 0.0,
            "Variation 9": 0.0,
            "Variation 10": 0.0
        }
    ],
    "trace": {
        "prompts": [
            "Is there any abnormality noted in the pulmonary vasculature on the chest X-ray? Please choose from the following two options: [yes, no]\n<image>"
        ],
        "responses": [
            [
                "no",
                "no",
                "no",
                "Yes",
                "no",
                "no",
                "no",
                "no",
                "no",
                "no",
                "no"
            ]
        ],
        "logprob_matrices": [
            [
                [
                    -9.5,
                    -9.5,
                    -9.5,
                    -8.1875,
                    -9.5,
                    -9.5,
                    -9.5,
                    -9.5,
                    -9.5,
                    -9.5,
                    -9.5
                ],
                [
                    -10.625,
                    -10.625,
                    -10.625,
                    -8.3125,
                    -10.625,
                    -10.625,
                    -10.625,
                    -10.625,
                    -10.625,
                    -10.625,
                    -10.625
                ],
                [
                    -9.5,
                    -9.5,
                    -9.5,
                    -8.1875,
                    -9.5,
                    -9.5,
                    -9.5,
                    -9.5,
                    -9.5,
                    -9.5,
                    -9.5
                ],
                [
                    -9.25,
                    -9.25,
                    -9.25,
                    -5.96875,
                    -9.25,
                    -9.25,
                    -9.25,
                    -9.25,
                    -9.25,
                    -9.25,
                    -9.25
                ],
                [
                    -7.34375,
                    -7.34375,
                    -7.34375,
                    -6.46875,
                    -7.34375,
                    -7.34375,
                    -7.34375,
                    -7.34375,
                    -7.34375,
                    -7.34375,
                    -7.34375
                ],
                [
                    -8.625,
                    -8.625,
                    -8.625,
                    -5.375,
                    -8.625,
                    -8.625,
                    -8.625,
                    -8.625,
                    -8.625,
                    -8.625,
                    -8.625
                ],
                [
                    -8.1875,
                    -8.1875,
                    -8.1875,
                    -6.40625,
                    -8.1875,
                    -8.1875,
                    -8.1875,
                    -8.1875,
                    -8.1875,
                    -8.1875,
                    -8.1875
                ],
                [
                    -9.1875,
                    -9.1875,
                    -9.1875,
                    -7.53125,
                    -9.1875,
                    -9.1875,
                    -9.1875,
                    -9.1875,
                    -9.1875,
                    -9.1875,
                    -9.1875
                ],
                [
                    -8.3125,
                    -8.3125,
                    -8.3125,
                    -6.6875,
                    -8.3125,
                    -8.3125,
                    -8.3125,
                    -8.3125,
                    -8.3125,
                    -8.3125,
                    -8.3125
                ],
                [
                    -10.0,
                    -10.0,
                    -10.0,
                    -7.65625,
                    -10.0,
                    -10.0,
                    -10.0,
                    -10.0,
                    -10.0,
                    -10.0,
                    -10.0
                ],
                [
                    -7.65625,
                    -7.65625,
                    -7.65625,
                    -5.96875,
                    -7.65625,
                    -7.65625,
                    -7.65625,
                    -7.65625,
                    -7.65625,
                    -7.65625,
                    -7.65625
                ]
            ]
        ],
        "prompt_sensitivities": [
            0.46335227272727275
        ],
        "posix": 0.46335227272727275
    }
}