{
    "file_name": "question_174_variants_results.json",
    "overall_posix": 0.0,
    "detailed_scores": [
        {
            "Variation 1": 0.0,
            "Variation 2": 0.0,
            "Variation 3": 0.0,
            "Variation 4": 0.0,
            "Variation 5": 0.0,
            "Variation 6": 0.0,
            "Variation 7": 0.0,
            "Variation 8": 0.0,
            "Variation 9": 0.0,
            "Variation 10": 0.0
        }
    ],
    "trace": {
        "prompts": [
            "Can pleural effusion be seen on the patient's chest X-ray? Please choose from the following two options: [yes, no]\n<image>"
        ],
        "responses": [
            [
                "yes",
                "yes",
                "yes",
                "yes",
                "yes",
                "yes",
                "yes",
                "yes",
                "yes",
                "yes",
                "yes"
            ]
        ],
        "logprob_matrices": [
            [
                [
                    -7.9375,
                    -7.9375,
                    -7.9375,
                    -7.9375,
                    -7.9375,
                    -7.9375,
                    -7.9375,
                    -7.9375,
                    -7.9375,
                    -7.9375,
                    -7.9375
                ],
                [
                    -7.28125,
                    -7.28125,
                    -7.28125,
                    -7.28125,
                    -7.28125,
                    -7.28125,
                    -7.28125,
                    -7.28125,
                    -7.28125,
                    -7.28125,
                    -7.28125
                ],
                [
                    -8.125,
                    -8.125,
                    -8.125,
                    -8.125,
                    -8.125,
                    -8.125,
                    -8.125,
                    -8.125,
                    -8.125,
                    -8.125,
                    -8.125
                ],
                [
                    -7.9375,
                    -7.9375,
                    -7.9375,
                    -7.9375,
                    -7.9375,
                    -7.9375,
                    -7.9375,
                    -7.9375,
                    -7.9375,
                    -7.9375,
                    -7.9375
                ],
                [
                    -7.4375,
                    -7.4375,
                    -7.4375,
                    -7.4375,
                    -7.4375,
                    -7.4375,
                    -7.4375,
                    -7.4375,
                    -7.4375,
                    -7.4375,
                    -7.4375
                ],
                [
                    -7.46875,
                    -7.46875,
                    -7.46875,
                    -7.46875,
                    -7.46875,
                    -7.46875,
                    -7.46875,
                    -7.46875,
                    -7.46875,
                    -7.46875,
                    -7.46875
                ],
                [
                    -7.4375,
                    -7.4375,
                    -7.4375,
                    -7.4375,
                    -7.4375,
                    -7.4375,
                    -7.4375,
                    -7.4375,
                    -7.4375,
                    -7.4375,
                    -7.4375
                ],
                [
                    -8.1875,
                    -8.1875,
                    -8.1875,
                    -8.1875,
                    -8.1875,
                    -8.1875,
                    -8.1875,
                    -8.1875,
                    -8.1875,
                    -8.1875,
                    -8.1875
                ],
                [
                    -7.6875,
                    -7.6875,
                    -7.6875,
                    -7.6875,
                    -7.6875,
                    -7.6875,
                    -7.6875,
                    -7.6875,
                    -7.6875,
                    -7.6875,
                    -7.6875
                ],
                [
                    -7.75,
                    -7.75,
                    -7.75,
                    -7.75,
                    -7.75,
                    -7.75,
                    -7.75,
                    -7.75,
                    -7.75,
                    -7.75,
                    -7.75
                ],
                [
                    -7.53125,
                    -7.53125,
                    -7.53125,
                    -7.53125,
                    -7.53125,
                    -7.53125,
                    -7.53125,
                    -7.53125,
                    -7.53125,
                    -7.53125,
                    -7.53125
                ]
            ]
        ],
        "prompt_sensitivities": [
            0.0
        ],
        "posix": 0.0
    }
}