{
    "file_name": "question_382_variants_results.json",
    "overall_posix": 1.321590909090909,
    "detailed_scores": [
        {
            "Variation 1": 0.0,
            "Variation 2": 0.0,
            "Variation 3": 3.8125,
            "Variation 4": 0.0,
            "Variation 5": 0.0,
            "Variation 6": 3.8125,
            "Variation 7": 0.0,
            "Variation 8": 3.8125,
            "Variation 9": 0.0,
            "Variation 10": 3.8125
        }
    ],
    "trace": {
        "prompts": [
            "Can any abnormalities be seen in the mediastinal contours on the X-ray? Please choose from the following two options: [yes, no]\n<image>"
        ],
        "responses": [
            [
                "yes",
                "yes",
                "yes",
                "no",
                "yes",
                "yes",
                "no",
                "yes",
                "no",
                "yes",
                "no"
            ]
        ],
        "logprob_matrices": [
            [
                [
                    -6.125,
                    -6.125,
                    -6.125,
                    -9.9375,
                    -6.125,
                    -6.125,
                    -9.9375,
                    -6.125,
                    -9.9375,
                    -6.125,
                    -9.9375
                ],
                [
                    -7.59375,
                    -7.59375,
                    -7.59375,
                    -10.4375,
                    -7.59375,
                    -7.59375,
                    -10.4375,
                    -7.59375,
                    -10.4375,
                    -7.59375,
                    -10.4375
                ],
                [
                    -6.125,
                    -6.125,
                    -6.125,
                    -9.9375,
                    -6.125,
                    -6.125,
                    -9.9375,
                    -6.125,
                    -9.9375,
                    -6.125,
                    -9.9375
                ],
                [
                    -8.6875,
                    -8.6875,
                    -8.6875,
                    -10.8125,
                    -8.6875,
                    -8.6875,
                    -10.8125,
                    -8.6875,
                    -10.8125,
                    -8.6875,
                    -10.8125
                ],
                [
                    -6.28125,
                    -6.28125,
                    -6.28125,
                    -8.6875,
                    -6.28125,
                    -6.28125,
                    -8.6875,
                    -6.28125,
                    -8.6875,
                    -6.28125,
                    -8.6875
                ],
                [
                    -5.875,
                    -5.875,
                    -5.875,
                    -9.3125,
                    -5.875,
                    -5.875,
                    -9.3125,
                    -5.875,
                    -9.3125,
                    -5.875,
                    -9.3125
                ],
                [
                    -7.28125,
                    -7.28125,
                    -7.28125,
                    -9.5625,
                    -7.28125,
                    -7.28125,
                    -9.5625,
                    -7.28125,
                    -9.5625,
                    -7.28125,
                    -9.5625
                ],
                [
                    -7.6875,
                    -7.6875,
                    -7.6875,
                    -9.9375,
                    -7.6875,
                    -7.6875,
                    -9.9375,
                    -7.6875,
                    -9.9375,
                    -7.6875,
                    -9.9375
                ],
                [
                    -8.125,
                    -8.125,
                    -8.125,
                    -10.375,
                    -8.125,
                    -8.125,
                    -10.375,
                    -8.125,
                    -10.375,
                    -8.125,
                    -10.375
                ],
                [
                    -7.15625,
                    -7.15625,
                    -7.15625,
                    -8.75,
                    -7.15625,
                    -7.15625,
                    -8.75,
                    -7.15625,
                    -8.75,
                    -7.15625,
                    -8.75
                ],
                [
                    -7.40625,
                    -7.40625,
                    -7.40625,
                    -10.0,
                    -7.40625,
                    -7.40625,
                    -10.0,
                    -7.40625,
                    -10.0,
                    -7.40625,
                    -10.0
                ]
            ]
        ],
        "prompt_sensitivities": [
            1.321590909090909
        ],
        "posix": 1.321590909090909
    }
}