{
    "file_name": "question_280_variants_results.json",
    "overall_posix": 0.0,
    "detailed_scores": [
        {
            "Variation 1": 0.0,
            "Variation 2": 0.0,
            "Variation 3": 0.0,
            "Variation 4": 0.0,
            "Variation 5": 0.0,
            "Variation 6": 0.0,
            "Variation 7": 0.0,
            "Variation 8": 0.0,
            "Variation 9": 0.0,
            "Variation 10": 0.0
        }
    ],
    "trace": {
        "prompts": [
            "Does the chest X-ray suggest the patient might have congestive heart failure? Please choose from the following two options: [yes, no]\n<image>"
        ],
        "responses": [
            [
                "yes",
                "yes",
                "yes",
                "yes",
                "yes",
                "yes",
                "yes",
                "yes",
                "yes",
                "yes",
                "yes"
            ]
        ],
        "logprob_matrices": [
            [
                [
                    -5.96875,
                    -5.96875,
                    -5.96875,
                    -5.96875,
                    -5.96875,
                    -5.96875,
                    -5.96875,
                    -5.96875,
                    -5.96875,
                    -5.96875,
                    -5.96875
                ],
                [
                    -5.8125,
                    -5.8125,
                    -5.8125,
                    -5.8125,
                    -5.8125,
                    -5.8125,
                    -5.8125,
                    -5.8125,
                    -5.8125,
                    -5.8125,
                    -5.8125
                ],
                [
                    -4.84375,
                    -4.84375,
                    -4.84375,
                    -4.84375,
                    -4.84375,
                    -4.84375,
                    -4.84375,
                    -4.84375,
                    -4.84375,
                    -4.84375,
                    -4.84375
                ],
                [
                    -6.53125,
                    -6.53125,
                    -6.53125,
                    -6.53125,
                    -6.53125,
                    -6.53125,
                    -6.53125,
                    -6.53125,
                    -6.53125,
                    -6.53125,
                    -6.53125
                ],
                [
                    -4.53125,
                    -4.53125,
                    -4.53125,
                    -4.53125,
                    -4.53125,
                    -4.53125,
                    -4.53125,
                    -4.53125,
                    -4.53125,
                    -4.53125,
                    -4.53125
                ],
                [
                    -4.78125,
                    -4.78125,
                    -4.78125,
                    -4.78125,
                    -4.78125,
                    -4.78125,
                    -4.78125,
                    -4.78125,
                    -4.78125,
                    -4.78125,
                    -4.78125
                ],
                [
                    -5.53125,
                    -5.53125,
                    -5.53125,
                    -5.53125,
                    -5.53125,
                    -5.53125,
                    -5.53125,
                    -5.53125,
                    -5.53125,
                    -5.53125,
                    -5.53125
                ],
                [
                    -4.875,
                    -4.875,
                    -4.875,
                    -4.875,
                    -4.875,
                    -4.875,
                    -4.875,
                    -4.875,
                    -4.875,
                    -4.875,
                    -4.875
                ],
                [
                    -5.0,
                    -5.0,
                    -5.0,
                    -5.0,
                    -5.0,
                    -5.0,
                    -5.0,
                    -5.0,
                    -5.0,
                    -5.0,
                    -5.0
                ],
                [
                    -5.53125,
                    -5.53125,
                    -5.53125,
                    -5.53125,
                    -5.53125,
                    -5.53125,
                    -5.53125,
                    -5.53125,
                    -5.53125,
                    -5.53125,
                    -5.53125
                ],
                [
                    -6.5,
                    -6.5,
                    -6.5,
                    -6.5,
                    -6.5,
                    -6.5,
                    -6.5,
                    -6.5,
                    -6.5,
                    -6.5,
                    -6.5
                ]
            ]
        ],
        "prompt_sensitivities": [
            0.0
        ],
        "posix": 0.0
    }
}