{
    "file_name": "question_192_variants_results.json",
    "overall_posix": 0.6039772727272728,
    "detailed_scores": [
        {
            "Variation 1": 0.0,
            "Variation 2": 0.625,
            "Variation 3": 0.0,
            "Variation 4": 0.0,
            "Variation 5": 0.0,
            "Variation 6": 0.0,
            "Variation 7": 0.0,
            "Variation 8": 0.625,
            "Variation 9": 0.0,
            "Variation 10": 0.625
        }
    ],
    "trace": {
        "prompts": [
            "Do the lungs appear to be fully expanded? Please choose from the following two options: [yes, no]\n<image>"
        ],
        "responses": [
            [
                "no",
                "no",
                "yes",
                "no",
                "no",
                "no",
                "no",
                "no",
                "yes",
                "no",
                "yes"
            ]
        ],
        "logprob_matrices": [
            [
                [
                    -6.5,
                    -6.5,
                    -5.875,
                    -6.5,
                    -6.5,
                    -6.5,
                    -6.5,
                    -6.5,
                    -5.875,
                    -6.5,
                    -5.875
                ],
                [
                    -6.03125,
                    -6.03125,
                    -5.90625,
                    -6.03125,
                    -6.03125,
                    -6.03125,
                    -6.03125,
                    -6.03125,
                    -5.90625,
                    -6.03125,
                    -5.90625
                ],
                [
                    -8.125,
                    -8.125,
                    -6.8125,
                    -8.125,
                    -8.125,
                    -8.125,
                    -8.125,
                    -8.125,
                    -6.8125,
                    -8.125,
                    -6.8125
                ],
                [
                    -6.5,
                    -6.5,
                    -5.875,
                    -6.5,
                    -6.5,
                    -6.5,
                    -6.5,
                    -6.5,
                    -5.875,
                    -6.5,
                    -5.875
                ],
                [
                    -6.84375,
                    -6.84375,
                    -5.59375,
                    -6.84375,
                    -6.84375,
                    -6.84375,
                    -6.84375,
                    -6.84375,
                    -5.59375,
                    -6.84375,
                    -5.59375
                ],
                [
                    -5.25,
                    -5.25,
                    -5.375,
                    -5.25,
                    -5.25,
                    -5.25,
                    -5.25,
                    -5.25,
                    -5.375,
                    -5.25,
                    -5.375
                ],
                [
                    -5.71875,
                    -5.71875,
                    -4.59375,
                    -5.71875,
                    -5.71875,
                    -5.71875,
                    -5.71875,
                    -5.71875,
                    -4.59375,
                    -5.71875,
                    -4.59375
                ],
                [
                    -6.3125,
                    -6.3125,
                    -4.875,
                    -6.3125,
                    -6.3125,
                    -6.3125,
                    -6.3125,
                    -6.3125,
                    -4.875,
                    -6.3125,
                    -4.875
                ],
                [
                    -8.0,
                    -8.0,
                    -5.90625,
                    -8.0,
                    -8.0,
                    -8.0,
                    -8.0,
                    -8.0,
                    -5.90625,
                    -8.0,
                    -5.90625
                ],
                [
                    -6.46875,
                    -6.46875,
                    -4.71875,
                    -6.46875,
                    -6.46875,
                    -6.46875,
                    -6.46875,
                    -6.46875,
                    -4.71875,
                    -6.46875,
                    -4.71875
                ],
                [
                    -7.75,
                    -7.75,
                    -5.5,
                    -7.75,
                    -7.75,
                    -7.75,
                    -7.75,
                    -7.75,
                    -5.5,
                    -7.75,
                    -5.5
                ]
            ]
        ],
        "prompt_sensitivities": [
            0.6039772727272728
        ],
        "posix": 0.6039772727272728
    }
}