{
    "file_name": "question_253_variants_results.json",
    "overall_posix": 1.3801136363636364,
    "detailed_scores": [
        {
            "Variation 1": 0.0,
            "Variation 2": 3.375,
            "Variation 3": 0.0,
            "Variation 4": 3.375,
            "Variation 5": 3.375,
            "Variation 6": 3.375,
            "Variation 7": 0.0,
            "Variation 8": 0.0,
            "Variation 9": 0.0,
            "Variation 10": 3.375
        }
    ],
    "trace": {
        "prompts": [
            "Are there any acute bony abnormalities visible on the chest X-ray? Please choose from the following two options: [yes, no]\n<image>"
        ],
        "responses": [
            [
                "no",
                "no",
                "yes",
                "no",
                "yes",
                "yes",
                "yes",
                "no",
                "no",
                "no",
                "yes"
            ]
        ],
        "logprob_matrices": [
            [
                [
                    -10.0,
                    -10.0,
                    -6.625,
                    -10.0,
                    -6.625,
                    -6.625,
                    -6.625,
                    -10.0,
                    -10.0,
                    -10.0,
                    -6.625
                ],
                [
                    -8.875,
                    -8.875,
                    -6.625,
                    -8.875,
                    -6.625,
                    -6.625,
                    -6.625,
                    -8.875,
                    -8.875,
                    -8.875,
                    -6.625
                ],
                [
                    -10.3125,
                    -10.3125,
                    -7.3125,
                    -10.3125,
                    -7.3125,
                    -7.3125,
                    -7.3125,
                    -10.3125,
                    -10.3125,
                    -10.3125,
                    -7.3125
                ],
                [
                    -9.875,
                    -9.875,
                    -6.53125,
                    -9.875,
                    -6.53125,
                    -6.53125,
                    -6.53125,
                    -9.875,
                    -9.875,
                    -9.875,
                    -6.53125
                ],
                [
                    -8.875,
                    -8.875,
                    -6.9375,
                    -8.875,
                    -6.9375,
                    -6.9375,
                    -6.9375,
                    -8.875,
                    -8.875,
                    -8.875,
                    -6.9375
                ],
                [
                    -9.3125,
                    -9.3125,
                    -7.0,
                    -9.3125,
                    -7.0,
                    -7.0,
                    -7.0,
                    -9.3125,
                    -9.3125,
                    -9.3125,
                    -7.0
                ],
                [
                    -8.1875,
                    -8.1875,
                    -5.375,
                    -8.1875,
                    -5.375,
                    -5.375,
                    -5.375,
                    -8.1875,
                    -8.1875,
                    -8.1875,
                    -5.375
                ],
                [
                    -8.375,
                    -8.375,
                    -5.90625,
                    -8.375,
                    -5.90625,
                    -5.90625,
                    -5.90625,
                    -8.375,
                    -8.375,
                    -8.375,
                    -5.90625
                ],
                [
                    -10.6875,
                    -10.6875,
                    -8.375,
                    -10.6875,
                    -8.375,
                    -8.375,
                    -8.375,
                    -10.6875,
                    -10.6875,
                    -10.6875,
                    -8.375
                ],
                [
                    -9.75,
                    -9.75,
                    -7.3125,
                    -9.75,
                    -7.3125,
                    -7.3125,
                    -7.3125,
                    -9.75,
                    -9.75,
                    -9.75,
                    -7.3125
                ],
                [
                    -8.9375,
                    -8.9375,
                    -7.1875,
                    -8.9375,
                    -7.1875,
                    -7.1875,
                    -7.1875,
                    -8.9375,
                    -8.9375,
                    -8.9375,
                    -7.1875
                ]
            ]
        ],
        "prompt_sensitivities": [
            1.3801136363636364
        ],
        "posix": 1.3801136363636364
    }
}