{
    "file_name": "question_205_variants_results.json",
    "overall_posix": 0.0,
    "detailed_scores": [
        {
            "Variation 1": 0.0,
            "Variation 2": 0.0,
            "Variation 3": 0.0,
            "Variation 4": 0.0,
            "Variation 5": 0.0,
            "Variation 6": 0.0,
            "Variation 7": 0.0,
            "Variation 8": 0.0,
            "Variation 9": 0.0,
            "Variation 10": 0.0
        }
    ],
    "trace": {
        "prompts": [
            "Is there any evidence of an enlarged heart on the patient's chest X-ray? Please choose from the following two options: [yes, no]\n<image>"
        ],
        "responses": [
            [
                "yes",
                "yes",
                "yes",
                "yes",
                "yes",
                "yes",
                "yes",
                "yes",
                "yes",
                "yes",
                "yes"
            ]
        ],
        "logprob_matrices": [
            [
                [
                    -7.9375,
                    -7.9375,
                    -7.9375,
                    -7.9375,
                    -7.9375,
                    -7.9375,
                    -7.9375,
                    -7.9375,
                    -7.9375,
                    -7.9375,
                    -7.9375
                ],
                [
                    -8.9375,
                    -8.9375,
                    -8.9375,
                    -8.9375,
                    -8.9375,
                    -8.9375,
                    -8.9375,
                    -8.9375,
                    -8.9375,
                    -8.9375,
                    -8.9375
                ],
                [
                    -7.9375,
                    -7.9375,
                    -7.9375,
                    -7.9375,
                    -7.9375,
                    -7.9375,
                    -7.9375,
                    -7.9375,
                    -7.9375,
                    -7.9375,
                    -7.9375
                ],
                [
                    -7.65625,
                    -7.65625,
                    -7.65625,
                    -7.65625,
                    -7.65625,
                    -7.65625,
                    -7.65625,
                    -7.65625,
                    -7.65625,
                    -7.65625,
                    -7.65625
                ],
                [
                    -7.03125,
                    -7.03125,
                    -7.03125,
                    -7.03125,
                    -7.03125,
                    -7.03125,
                    -7.03125,
                    -7.03125,
                    -7.03125,
                    -7.03125,
                    -7.03125
                ],
                [
                    -7.78125,
                    -7.78125,
                    -7.78125,
                    -7.78125,
                    -7.78125,
                    -7.78125,
                    -7.78125,
                    -7.78125,
                    -7.78125,
                    -7.78125,
                    -7.78125
                ],
                [
                    -6.9375,
                    -6.9375,
                    -6.9375,
                    -6.9375,
                    -6.9375,
                    -6.9375,
                    -6.9375,
                    -6.9375,
                    -6.9375,
                    -6.9375,
                    -6.9375
                ],
                [
                    -7.125,
                    -7.125,
                    -7.125,
                    -7.125,
                    -7.125,
                    -7.125,
                    -7.125,
                    -7.125,
                    -7.125,
                    -7.125,
                    -7.125
                ],
                [
                    -6.15625,
                    -6.15625,
                    -6.15625,
                    -6.15625,
                    -6.15625,
                    -6.15625,
                    -6.15625,
                    -6.15625,
                    -6.15625,
                    -6.15625,
                    -6.15625
                ],
                [
                    -5.6875,
                    -5.6875,
                    -5.6875,
                    -5.6875,
                    -5.6875,
                    -5.6875,
                    -5.6875,
                    -5.6875,
                    -5.6875,
                    -5.6875,
                    -5.6875
                ],
                [
                    -7.25,
                    -7.25,
                    -7.25,
                    -7.25,
                    -7.25,
                    -7.25,
                    -7.25,
                    -7.25,
                    -7.25,
                    -7.25,
                    -7.25
                ]
            ]
        ],
        "prompt_sensitivities": [
            0.0
        ],
        "posix": 0.0
    }
}