{
    "file_name": "question_383_variants_results.json",
    "overall_posix": 0.6826704545454545,
    "detailed_scores": [
        {
            "Variation 1": 0.0,
            "Variation 2": 1.5625,
            "Variation 3": 0.0,
            "Variation 4": 0.0,
            "Variation 5": 1.5625,
            "Variation 6": 0.0,
            "Variation 7": 1.5625,
            "Variation 8": 0.0,
            "Variation 9": 0.0,
            "Variation 10": 0.0
        }
    ],
    "trace": {
        "prompts": [
            "Is there any indication of an acute bony abnormality visible on the X-ray? Please choose from the following two options: [yes, no]\n<image>"
        ],
        "responses": [
            [
                "no",
                "no",
                "yes",
                "no",
                "no",
                "yes",
                "no",
                "yes",
                "no",
                "no",
                "no"
            ]
        ],
        "logprob_matrices": [
            [
                [
                    -7.96875,
                    -7.96875,
                    -6.40625,
                    -7.96875,
                    -7.96875,
                    -6.40625,
                    -7.96875,
                    -6.40625,
                    -7.96875,
                    -7.96875,
                    -7.96875
                ],
                [
                    -9.0,
                    -9.0,
                    -6.90625,
                    -9.0,
                    -9.0,
                    -6.90625,
                    -9.0,
                    -6.90625,
                    -9.0,
                    -9.0,
                    -9.0
                ],
                [
                    -7.875,
                    -7.875,
                    -6.125,
                    -7.875,
                    -7.875,
                    -6.125,
                    -7.875,
                    -6.125,
                    -7.875,
                    -7.875,
                    -7.875
                ],
                [
                    -7.96875,
                    -7.96875,
                    -6.40625,
                    -7.96875,
                    -7.96875,
                    -6.40625,
                    -7.96875,
                    -6.40625,
                    -7.96875,
                    -7.96875,
                    -7.96875
                ],
                [
                    -7.0625,
                    -7.0625,
                    -6.5,
                    -7.0625,
                    -7.0625,
                    -6.5,
                    -7.0625,
                    -6.5,
                    -7.0625,
                    -7.0625,
                    -7.0625
                ],
                [
                    -8.5625,
                    -8.5625,
                    -6.5625,
                    -8.5625,
                    -8.5625,
                    -6.5625,
                    -8.5625,
                    -6.5625,
                    -8.5625,
                    -8.5625,
                    -8.5625
                ],
                [
                    -6.84375,
                    -6.84375,
                    -6.21875,
                    -6.84375,
                    -6.84375,
                    -6.21875,
                    -6.84375,
                    -6.21875,
                    -6.84375,
                    -6.84375,
                    -6.84375
                ],
                [
                    -7.25,
                    -7.25,
                    -5.5625,
                    -7.25,
                    -7.25,
                    -5.5625,
                    -7.25,
                    -5.5625,
                    -7.25,
                    -7.25,
                    -7.25
                ],
                [
                    -6.65625,
                    -6.65625,
                    -5.78125,
                    -6.65625,
                    -6.65625,
                    -5.78125,
                    -6.65625,
                    -5.78125,
                    -6.65625,
                    -6.65625,
                    -6.65625
                ],
                [
                    -8.5625,
                    -8.5625,
                    -7.71875,
                    -8.5625,
                    -8.5625,
                    -7.71875,
                    -8.5625,
                    -7.71875,
                    -8.5625,
                    -8.5625,
                    -8.5625
                ],
                [
                    -9.375,
                    -9.375,
                    -6.96875,
                    -9.375,
                    -9.375,
                    -6.96875,
                    -9.375,
                    -6.96875,
                    -9.375,
                    -9.375,
                    -9.375
                ]
            ]
        ],
        "prompt_sensitivities": [
            0.6826704545454545
        ],
        "posix": 0.6826704545454545
    }
}