{
    "file_name": "question_355_variants_results.json",
    "overall_posix": 0.0,
    "detailed_scores": [
        {
            "Variation 1": 0.0,
            "Variation 2": 0.0,
            "Variation 3": 0.0,
            "Variation 4": 0.0,
            "Variation 5": 0.0,
            "Variation 6": 0.0,
            "Variation 7": 0.0,
            "Variation 8": 0.0,
            "Variation 9": 0.0,
            "Variation 10": 0.0
        }
    ],
    "trace": {
        "prompts": [
            "Does the patient have a large pleural effusion as seen on the chest X-ray? Please choose from the following two options: [yes, no]\n<image>"
        ],
        "responses": [
            [
                "yes",
                "yes",
                "yes",
                "yes",
                "yes",
                "yes",
                "yes",
                "yes",
                "yes",
                "yes",
                "yes"
            ]
        ],
        "logprob_matrices": [
            [
                [
                    -7.09375,
                    -7.09375,
                    -7.09375,
                    -7.09375,
                    -7.09375,
                    -7.09375,
                    -7.09375,
                    -7.09375,
                    -7.09375,
                    -7.09375,
                    -7.09375
                ],
                [
                    -7.34375,
                    -7.34375,
                    -7.34375,
                    -7.34375,
                    -7.34375,
                    -7.34375,
                    -7.34375,
                    -7.34375,
                    -7.34375,
                    -7.34375,
                    -7.34375
                ],
                [
                    -6.59375,
                    -6.59375,
                    -6.59375,
                    -6.59375,
                    -6.59375,
                    -6.59375,
                    -6.59375,
                    -6.59375,
                    -6.59375,
                    -6.59375,
                    -6.59375
                ],
                [
                    -5.8125,
                    -5.8125,
                    -5.8125,
                    -5.8125,
                    -5.8125,
                    -5.8125,
                    -5.8125,
                    -5.8125,
                    -5.8125,
                    -5.8125,
                    -5.8125
                ],
                [
                    -6.9375,
                    -6.9375,
                    -6.9375,
                    -6.9375,
                    -6.9375,
                    -6.9375,
                    -6.9375,
                    -6.9375,
                    -6.9375,
                    -6.9375,
                    -6.9375
                ],
                [
                    -7.09375,
                    -7.09375,
                    -7.09375,
                    -7.09375,
                    -7.09375,
                    -7.09375,
                    -7.09375,
                    -7.09375,
                    -7.09375,
                    -7.09375,
                    -7.09375
                ],
                [
                    -7.6875,
                    -7.6875,
                    -7.6875,
                    -7.6875,
                    -7.6875,
                    -7.6875,
                    -7.6875,
                    -7.6875,
                    -7.6875,
                    -7.6875,
                    -7.6875
                ],
                [
                    -6.5625,
                    -6.5625,
                    -6.5625,
                    -6.5625,
                    -6.5625,
                    -6.5625,
                    -6.5625,
                    -6.5625,
                    -6.5625,
                    -6.5625,
                    -6.5625
                ],
                [
                    -7.15625,
                    -7.15625,
                    -7.15625,
                    -7.15625,
                    -7.15625,
                    -7.15625,
                    -7.15625,
                    -7.15625,
                    -7.15625,
                    -7.15625,
                    -7.15625
                ],
                [
                    -5.09375,
                    -5.09375,
                    -5.09375,
                    -5.09375,
                    -5.09375,
                    -5.09375,
                    -5.09375,
                    -5.09375,
                    -5.09375,
                    -5.09375,
                    -5.09375
                ],
                [
                    -7.4375,
                    -7.4375,
                    -7.4375,
                    -7.4375,
                    -7.4375,
                    -7.4375,
                    -7.4375,
                    -7.4375,
                    -7.4375,
                    -7.4375,
                    -7.4375
                ]
            ]
        ],
        "prompt_sensitivities": [
            0.0
        ],
        "posix": 0.0
    }
}