{
    "file_name": "question_258_variants_results.json",
    "overall_posix": 0.0,
    "detailed_scores": [
        {
            "Variation 1": 0.0,
            "Variation 2": 0.0,
            "Variation 3": 0.0,
            "Variation 4": 0.0,
            "Variation 5": 0.0,
            "Variation 6": 0.0,
            "Variation 7": 0.0,
            "Variation 8": 0.0,
            "Variation 9": 0.0,
            "Variation 10": 0.0
        }
    ],
    "trace": {
        "prompts": [
            "Can a suspicious pulmonary opacity be seen on the X-ray? Please choose from the following two options: [yes, no]\n<image>"
        ],
        "responses": [
            [
                "yes",
                "yes",
                "yes",
                "yes",
                "yes",
                "yes",
                "yes",
                "yes",
                "yes",
                "yes",
                "yes"
            ]
        ],
        "logprob_matrices": [
            [
                [
                    -7.90625,
                    -7.90625,
                    -7.90625,
                    -7.90625,
                    -7.90625,
                    -7.90625,
                    -7.90625,
                    -7.90625,
                    -7.90625,
                    -7.90625,
                    -7.90625
                ],
                [
                    -7.0,
                    -7.0,
                    -7.0,
                    -7.0,
                    -7.0,
                    -7.0,
                    -7.0,
                    -7.0,
                    -7.0,
                    -7.0,
                    -7.0
                ],
                [
                    -7.90625,
                    -7.90625,
                    -7.90625,
                    -7.90625,
                    -7.90625,
                    -7.90625,
                    -7.90625,
                    -7.90625,
                    -7.90625,
                    -7.90625,
                    -7.90625
                ],
                [
                    -7.21875,
                    -7.21875,
                    -7.21875,
                    -7.21875,
                    -7.21875,
                    -7.21875,
                    -7.21875,
                    -7.21875,
                    -7.21875,
                    -7.21875,
                    -7.21875
                ],
                [
                    -7.9375,
                    -7.9375,
                    -7.9375,
                    -7.9375,
                    -7.9375,
                    -7.9375,
                    -7.9375,
                    -7.9375,
                    -7.9375,
                    -7.9375,
                    -7.9375
                ],
                [
                    -7.78125,
                    -7.78125,
                    -7.78125,
                    -7.78125,
                    -7.78125,
                    -7.78125,
                    -7.78125,
                    -7.78125,
                    -7.78125,
                    -7.78125,
                    -7.78125
                ],
                [
                    -7.96875,
                    -7.96875,
                    -7.96875,
                    -7.96875,
                    -7.96875,
                    -7.96875,
                    -7.96875,
                    -7.96875,
                    -7.96875,
                    -7.96875,
                    -7.96875
                ],
                [
                    -5.9375,
                    -5.9375,
                    -5.9375,
                    -5.9375,
                    -5.9375,
                    -5.9375,
                    -5.9375,
                    -5.9375,
                    -5.9375,
                    -5.9375,
                    -5.9375
                ],
                [
                    -6.78125,
                    -6.78125,
                    -6.78125,
                    -6.78125,
                    -6.78125,
                    -6.78125,
                    -6.78125,
                    -6.78125,
                    -6.78125,
                    -6.78125,
                    -6.78125
                ],
                [
                    -7.1875,
                    -7.1875,
                    -7.1875,
                    -7.1875,
                    -7.1875,
                    -7.1875,
                    -7.1875,
                    -7.1875,
                    -7.1875,
                    -7.1875,
                    -7.1875
                ],
                [
                    -8.375,
                    -8.375,
                    -8.375,
                    -8.375,
                    -8.375,
                    -8.375,
                    -8.375,
                    -8.375,
                    -8.375,
                    -8.375,
                    -8.375
                ]
            ]
        ],
        "prompt_sensitivities": [
            0.0
        ],
        "posix": 0.0
    }
}