{
    "file_name": "question_242_variants_results.json",
    "overall_posix": 0.0,
    "detailed_scores": [
        {
            "Variation 1": 0.0,
            "Variation 2": 0.0,
            "Variation 3": 0.0,
            "Variation 4": 0.0,
            "Variation 5": 0.0,
            "Variation 6": 0.0,
            "Variation 7": 0.0,
            "Variation 8": 0.0,
            "Variation 9": 0.0,
            "Variation 10": 0.0
        }
    ],
    "trace": {
        "prompts": [
            "Is there any indication of a hemothorax on the chest X-ray? Please choose from the following two options: [yes, no]\n<image>"
        ],
        "responses": [
            [
                "yes",
                "yes",
                "yes",
                "yes",
                "yes",
                "yes",
                "yes",
                "yes",
                "yes",
                "yes",
                "yes"
            ]
        ],
        "logprob_matrices": [
            [
                [
                    -6.65625,
                    -6.65625,
                    -6.65625,
                    -6.65625,
                    -6.65625,
                    -6.65625,
                    -6.65625,
                    -6.65625,
                    -6.65625,
                    -6.65625,
                    -6.65625
                ],
                [
                    -5.59375,
                    -5.59375,
                    -5.59375,
                    -5.59375,
                    -5.59375,
                    -5.59375,
                    -5.59375,
                    -5.59375,
                    -5.59375,
                    -5.59375,
                    -5.59375
                ],
                [
                    -6.65625,
                    -6.65625,
                    -6.65625,
                    -6.65625,
                    -6.65625,
                    -6.65625,
                    -6.65625,
                    -6.65625,
                    -6.65625,
                    -6.65625,
                    -6.65625
                ],
                [
                    -5.3125,
                    -5.3125,
                    -5.3125,
                    -5.3125,
                    -5.3125,
                    -5.3125,
                    -5.3125,
                    -5.3125,
                    -5.3125,
                    -5.3125,
                    -5.3125
                ],
                [
                    -5.6875,
                    -5.6875,
                    -5.6875,
                    -5.6875,
                    -5.6875,
                    -5.6875,
                    -5.6875,
                    -5.6875,
                    -5.6875,
                    -5.6875,
                    -5.6875
                ],
                [
                    -5.6875,
                    -5.6875,
                    -5.6875,
                    -5.6875,
                    -5.6875,
                    -5.6875,
                    -5.6875,
                    -5.6875,
                    -5.6875,
                    -5.6875,
                    -5.6875
                ],
                [
                    -6.09375,
                    -6.09375,
                    -6.09375,
                    -6.09375,
                    -6.09375,
                    -6.09375,
                    -6.09375,
                    -6.09375,
                    -6.09375,
                    -6.09375,
                    -6.09375
                ],
                [
                    -5.34375,
                    -5.34375,
                    -5.34375,
                    -5.34375,
                    -5.34375,
                    -5.34375,
                    -5.34375,
                    -5.34375,
                    -5.34375,
                    -5.34375,
                    -5.34375
                ],
                [
                    -4.5,
                    -4.5,
                    -4.5,
                    -4.5,
                    -4.5,
                    -4.5,
                    -4.5,
                    -4.5,
                    -4.5,
                    -4.5,
                    -4.5
                ],
                [
                    -6.1875,
                    -6.1875,
                    -6.1875,
                    -6.1875,
                    -6.1875,
                    -6.1875,
                    -6.1875,
                    -6.1875,
                    -6.1875,
                    -6.1875,
                    -6.1875
                ],
                [
                    -5.375,
                    -5.375,
                    -5.375,
                    -5.375,
                    -5.375,
                    -5.375,
                    -5.375,
                    -5.375,
                    -5.375,
                    -5.375,
                    -5.375
                ]
            ]
        ],
        "prompt_sensitivities": [
            0.0
        ],
        "posix": 0.0
    }
}