{
    "file_name": "question_80_variants_results.json",
    "overall_posix": 1.1434659090909092,
    "detailed_scores": [
        {
            "Variation 1": 0.0,
            "Variation 2": 0.0,
            "Variation 3": 0.0,
            "Variation 4": 1.8125,
            "Variation 5": 1.8125,
            "Variation 6": 0.0,
            "Variation 7": 0.0,
            "Variation 8": 1.8125,
            "Variation 9": 0.0,
            "Variation 10": 0.0
        }
    ],
    "trace": {
        "prompts": [
            "Is the mediastinum normally positioned on the X-ray? Please choose from the following two options: [yes, no]\n<image>"
        ],
        "responses": [
            [
                "no",
                "no",
                "no",
                "no",
                "yes",
                "yes",
                "no",
                "no",
                "yes",
                "no",
                "no"
            ]
        ],
        "logprob_matrices": [
            [
                [
                    -8.1875,
                    -8.1875,
                    -8.1875,
                    -8.1875,
                    -6.375,
                    -6.375,
                    -8.1875,
                    -8.1875,
                    -6.375,
                    -8.1875,
                    -8.1875
                ],
                [
                    -8.1875,
                    -8.1875,
                    -8.1875,
                    -8.1875,
                    -6.375,
                    -6.375,
                    -8.1875,
                    -8.1875,
                    -6.375,
                    -8.1875,
                    -8.1875
                ],
                [
                    -8.3125,
                    -8.3125,
                    -8.3125,
                    -8.3125,
                    -6.40625,
                    -6.40625,
                    -8.3125,
                    -8.3125,
                    -6.40625,
                    -8.3125,
                    -8.3125
                ],
                [
                    -8.75,
                    -8.75,
                    -8.75,
                    -8.75,
                    -6.59375,
                    -6.59375,
                    -8.75,
                    -8.75,
                    -6.59375,
                    -8.75,
                    -8.75
                ],
                [
                    -8.1875,
                    -8.1875,
                    -8.1875,
                    -8.1875,
                    -6.0,
                    -6.0,
                    -8.1875,
                    -8.1875,
                    -6.0,
                    -8.1875,
                    -8.1875
                ],
                [
                    -9.0,
                    -9.0,
                    -9.0,
                    -9.0,
                    -5.5625,
                    -5.5625,
                    -9.0,
                    -9.0,
                    -5.5625,
                    -9.0,
                    -9.0
                ],
                [
                    -8.0625,
                    -8.0625,
                    -8.0625,
                    -8.0625,
                    -5.375,
                    -5.375,
                    -8.0625,
                    -8.0625,
                    -5.375,
                    -8.0625,
                    -8.0625
                ],
                [
                    -8.8125,
                    -8.8125,
                    -8.8125,
                    -8.8125,
                    -7.03125,
                    -7.03125,
                    -8.8125,
                    -8.8125,
                    -7.03125,
                    -8.8125,
                    -8.8125
                ],
                [
                    -8.9375,
                    -8.9375,
                    -8.9375,
                    -8.9375,
                    -5.15625,
                    -5.15625,
                    -8.9375,
                    -8.9375,
                    -5.15625,
                    -8.9375,
                    -8.9375
                ],
                [
                    -9.5625,
                    -9.5625,
                    -9.5625,
                    -9.5625,
                    -7.125,
                    -7.125,
                    -9.5625,
                    -9.5625,
                    -7.125,
                    -9.5625,
                    -9.5625
                ],
                [
                    -7.4375,
                    -7.4375,
                    -7.4375,
                    -7.4375,
                    -5.1875,
                    -5.1875,
                    -7.4375,
                    -7.4375,
                    -5.1875,
                    -7.4375,
                    -7.4375
                ]
            ]
        ],
        "prompt_sensitivities": [
            1.1434659090909092
        ],
        "posix": 1.1434659090909092
    }
}