{
    "file_name": "question_127_variants_results.json",
    "overall_posix": 0.4349431818181818,
    "detailed_scores": [
        {
            "Variation 1": 0.0,
            "Variation 2": 0.0,
            "Variation 3": 0.0,
            "Variation 4": 1.875,
            "Variation 5": 0.0,
            "Variation 6": 0.0,
            "Variation 7": 0.0,
            "Variation 8": 0.0,
            "Variation 9": 0.0,
            "Variation 10": 0.0
        }
    ],
    "trace": {
        "prompts": [
            "Are the lungs free from any signs of focal airspace disease, according to the X-ray? Please choose from the following two options: [yes, no]\n<image>"
        ],
        "responses": [
            [
                "yes",
                "yes",
                "yes",
                "yes",
                "no",
                "yes",
                "yes",
                "yes",
                "yes",
                "yes",
                "yes"
            ]
        ],
        "logprob_matrices": [
            [
                [
                    -5.78125,
                    -5.78125,
                    -5.78125,
                    -5.78125,
                    -7.65625,
                    -5.78125,
                    -5.78125,
                    -5.78125,
                    -5.78125,
                    -5.78125,
                    -5.78125
                ],
                [
                    -6.59375,
                    -6.59375,
                    -6.59375,
                    -6.59375,
                    -9.125,
                    -6.59375,
                    -6.59375,
                    -6.59375,
                    -6.59375,
                    -6.59375,
                    -6.59375
                ],
                [
                    -5.78125,
                    -5.78125,
                    -5.78125,
                    -5.78125,
                    -7.65625,
                    -5.78125,
                    -5.78125,
                    -5.78125,
                    -5.78125,
                    -5.78125,
                    -5.78125
                ],
                [
                    -5.0625,
                    -5.0625,
                    -5.0625,
                    -5.0625,
                    -8.8125,
                    -5.0625,
                    -5.0625,
                    -5.0625,
                    -5.0625,
                    -5.0625,
                    -5.0625
                ],
                [
                    -7.125,
                    -7.125,
                    -7.125,
                    -7.125,
                    -9.1875,
                    -7.125,
                    -7.125,
                    -7.125,
                    -7.125,
                    -7.125,
                    -7.125
                ],
                [
                    -4.40625,
                    -4.40625,
                    -4.40625,
                    -4.40625,
                    -7.65625,
                    -4.40625,
                    -4.40625,
                    -4.40625,
                    -4.40625,
                    -4.40625,
                    -4.40625
                ],
                [
                    -5.9375,
                    -5.9375,
                    -5.9375,
                    -5.9375,
                    -9.375,
                    -5.9375,
                    -5.9375,
                    -5.9375,
                    -5.9375,
                    -5.9375,
                    -5.9375
                ],
                [
                    -6.34375,
                    -6.34375,
                    -6.34375,
                    -6.34375,
                    -9.0,
                    -6.34375,
                    -6.34375,
                    -6.34375,
                    -6.34375,
                    -6.34375,
                    -6.34375
                ],
                [
                    -7.0,
                    -7.0,
                    -7.0,
                    -7.0,
                    -8.25,
                    -7.0,
                    -7.0,
                    -7.0,
                    -7.0,
                    -7.0,
                    -7.0
                ],
                [
                    -6.03125,
                    -6.03125,
                    -6.03125,
                    -6.03125,
                    -8.75,
                    -6.03125,
                    -6.03125,
                    -6.03125,
                    -6.03125,
                    -6.03125,
                    -6.03125
                ],
                [
                    -4.9375,
                    -4.9375,
                    -4.9375,
                    -4.9375,
                    -8.8125,
                    -4.9375,
                    -4.9375,
                    -4.9375,
                    -4.9375,
                    -4.9375,
                    -4.9375
                ]
            ]
        ],
        "prompt_sensitivities": [
            0.4349431818181818
        ],
        "posix": 0.4349431818181818
    }
}