{
    "file_name": "question_347_variants_results.json",
    "overall_posix": 0.0,
    "detailed_scores": [
        {
            "Variation 1": 0.0,
            "Variation 2": 0.0,
            "Variation 3": 0.0,
            "Variation 4": 0.0,
            "Variation 5": 0.0,
            "Variation 6": 0.0,
            "Variation 7": 0.0,
            "Variation 8": 0.0,
            "Variation 9": 0.0,
            "Variation 10": 0.0
        }
    ],
    "trace": {
        "prompts": [
            "Can any fluid accumulation be seen within the pleural spaces of the lungs on the X-ray? Please choose from the following two options: [yes, no]\n<image>"
        ],
        "responses": [
            [
                "yes",
                "yes",
                "yes",
                "yes",
                "yes",
                "yes",
                "yes",
                "yes",
                "yes",
                "yes",
                "yes"
            ]
        ],
        "logprob_matrices": [
            [
                [
                    -6.75,
                    -6.75,
                    -6.75,
                    -6.75,
                    -6.75,
                    -6.75,
                    -6.75,
                    -6.75,
                    -6.75,
                    -6.75,
                    -6.75
                ],
                [
                    -6.84375,
                    -6.84375,
                    -6.84375,
                    -6.84375,
                    -6.84375,
                    -6.84375,
                    -6.84375,
                    -6.84375,
                    -6.84375,
                    -6.84375,
                    -6.84375
                ],
                [
                    -7.6875,
                    -7.6875,
                    -7.6875,
                    -7.6875,
                    -7.6875,
                    -7.6875,
                    -7.6875,
                    -7.6875,
                    -7.6875,
                    -7.6875,
                    -7.6875
                ],
                [
                    -6.75,
                    -6.75,
                    -6.75,
                    -6.75,
                    -6.75,
                    -6.75,
                    -6.75,
                    -6.75,
                    -6.75,
                    -6.75,
                    -6.75
                ],
                [
                    -6.21875,
                    -6.21875,
                    -6.21875,
                    -6.21875,
                    -6.21875,
                    -6.21875,
                    -6.21875,
                    -6.21875,
                    -6.21875,
                    -6.21875,
                    -6.21875
                ],
                [
                    -6.96875,
                    -6.96875,
                    -6.96875,
                    -6.96875,
                    -6.96875,
                    -6.96875,
                    -6.96875,
                    -6.96875,
                    -6.96875,
                    -6.96875,
                    -6.96875
                ],
                [
                    -6.03125,
                    -6.03125,
                    -6.03125,
                    -6.03125,
                    -6.03125,
                    -6.03125,
                    -6.03125,
                    -6.03125,
                    -6.03125,
                    -6.03125,
                    -6.03125
                ],
                [
                    -6.875,
                    -6.875,
                    -6.875,
                    -6.875,
                    -6.875,
                    -6.875,
                    -6.875,
                    -6.875,
                    -6.875,
                    -6.875,
                    -6.875
                ],
                [
                    -8.9375,
                    -8.9375,
                    -8.9375,
                    -8.9375,
                    -8.9375,
                    -8.9375,
                    -8.9375,
                    -8.9375,
                    -8.9375,
                    -8.9375,
                    -8.9375
                ],
                [
                    -5.875,
                    -5.875,
                    -5.875,
                    -5.875,
                    -5.875,
                    -5.875,
                    -5.875,
                    -5.875,
                    -5.875,
                    -5.875,
                    -5.875
                ],
                [
                    -7.9375,
                    -7.9375,
                    -7.9375,
                    -7.9375,
                    -7.9375,
                    -7.9375,
                    -7.9375,
                    -7.9375,
                    -7.9375,
                    -7.9375,
                    -7.9375
                ]
            ]
        ],
        "prompt_sensitivities": [
            0.0
        ],
        "posix": 0.0
    }
}