{
    "file_name": "question_181_variants_results.json",
    "overall_posix": 0.2696022727272727,
    "detailed_scores": [
        {
            "Variation 1": 0.0,
            "Variation 2": 0.0,
            "Variation 3": 0.0,
            "Variation 4": 0.0,
            "Variation 5": 0.0,
            "Variation 6": 0.625,
            "Variation 7": 0.0,
            "Variation 8": 0.0,
            "Variation 9": 0.0,
            "Variation 10": 0.0
        }
    ],
    "trace": {
        "prompts": [
            "Does the patient have an enlarged cardiac silhouette? Please choose from the following two options: [yes, no]\n<image>"
        ],
        "responses": [
            [
                "yes",
                "yes",
                "yes",
                "yes",
                "yes",
                "yes",
                "no",
                "yes",
                "yes",
                "yes",
                "yes"
            ]
        ],
        "logprob_matrices": [
            [
                [
                    -8.375,
                    -8.375,
                    -8.375,
                    -8.375,
                    -8.375,
                    -8.375,
                    -9.0,
                    -8.375,
                    -8.375,
                    -8.375,
                    -8.375
                ],
                [
                    -8.375,
                    -8.375,
                    -8.375,
                    -8.375,
                    -8.375,
                    -8.375,
                    -9.8125,
                    -8.375,
                    -8.375,
                    -8.375,
                    -8.375
                ],
                [
                    -5.84375,
                    -5.84375,
                    -5.84375,
                    -5.84375,
                    -5.84375,
                    -5.84375,
                    -8.375,
                    -5.84375,
                    -5.84375,
                    -5.84375,
                    -5.84375
                ],
                [
                    -8.875,
                    -8.875,
                    -8.875,
                    -8.875,
                    -8.875,
                    -8.875,
                    -9.125,
                    -8.875,
                    -8.875,
                    -8.875,
                    -8.875
                ],
                [
                    -7.125,
                    -7.125,
                    -7.125,
                    -7.125,
                    -7.125,
                    -7.125,
                    -9.5,
                    -7.125,
                    -7.125,
                    -7.125,
                    -7.125
                ],
                [
                    -6.78125,
                    -6.78125,
                    -6.78125,
                    -6.78125,
                    -6.78125,
                    -6.78125,
                    -8.0,
                    -6.78125,
                    -6.78125,
                    -6.78125,
                    -6.78125
                ],
                [
                    -8.0,
                    -8.0,
                    -8.0,
                    -8.0,
                    -8.0,
                    -8.0,
                    -9.5625,
                    -8.0,
                    -8.0,
                    -8.0,
                    -8.0
                ],
                [
                    -6.59375,
                    -6.59375,
                    -6.59375,
                    -6.59375,
                    -6.59375,
                    -6.59375,
                    -8.0625,
                    -6.59375,
                    -6.59375,
                    -6.59375,
                    -6.59375
                ],
                [
                    -6.0625,
                    -6.0625,
                    -6.0625,
                    -6.0625,
                    -6.0625,
                    -6.0625,
                    -5.6875,
                    -6.0625,
                    -6.0625,
                    -6.0625,
                    -6.0625
                ],
                [
                    -5.5,
                    -5.5,
                    -5.5,
                    -5.5,
                    -5.5,
                    -5.5,
                    -7.125,
                    -5.5,
                    -5.5,
                    -5.5,
                    -5.5
                ],
                [
                    -6.25,
                    -6.25,
                    -6.25,
                    -6.25,
                    -6.25,
                    -6.25,
                    -8.375,
                    -6.25,
                    -6.25,
                    -6.25,
                    -6.25
                ]
            ]
        ],
        "prompt_sensitivities": [
            0.2696022727272727
        ],
        "posix": 0.2696022727272727
    }
}