{
    "file_name": "question_265_variants_results.json",
    "overall_posix": 0.26931818181818185,
    "detailed_scores": [
        {
            "Variation 1": 0.0,
            "Variation 2": 0.0,
            "Variation 3": 0.0,
            "Variation 4": 0.0,
            "Variation 5": 0.0,
            "Variation 6": 0.0,
            "Variation 7": 0.0,
            "Variation 8": 0.0,
            "Variation 9": 1.1875,
            "Variation 10": 0.0
        }
    ],
    "trace": {
        "prompts": [
            "Does the patient have an enlarged heart? Please choose from the following two options: [yes, no]\n<image>"
        ],
        "responses": [
            [
                "yes",
                "yes",
                "yes",
                "yes",
                "yes",
                "yes",
                "yes",
                "yes",
                "yes",
                "no",
                "yes"
            ]
        ],
        "logprob_matrices": [
            [
                [
                    -10.0,
                    -10.0,
                    -10.0,
                    -10.0,
                    -10.0,
                    -10.0,
                    -10.0,
                    -10.0,
                    -10.0,
                    -11.1875,
                    -10.0
                ],
                [
                    -10.0,
                    -10.0,
                    -10.0,
                    -10.0,
                    -10.0,
                    -10.0,
                    -10.0,
                    -10.0,
                    -10.0,
                    -11.1875,
                    -10.0
                ],
                [
                    -7.4375,
                    -7.4375,
                    -7.4375,
                    -7.4375,
                    -7.4375,
                    -7.4375,
                    -7.4375,
                    -7.4375,
                    -7.4375,
                    -9.9375,
                    -7.4375
                ],
                [
                    -6.71875,
                    -6.71875,
                    -6.71875,
                    -6.71875,
                    -6.71875,
                    -6.71875,
                    -6.71875,
                    -6.71875,
                    -6.71875,
                    -7.40625,
                    -6.71875
                ],
                [
                    -5.53125,
                    -5.53125,
                    -5.53125,
                    -5.53125,
                    -5.53125,
                    -5.53125,
                    -5.53125,
                    -5.53125,
                    -5.53125,
                    -6.96875,
                    -5.53125
                ],
                [
                    -8.4375,
                    -8.4375,
                    -8.4375,
                    -8.4375,
                    -8.4375,
                    -8.4375,
                    -8.4375,
                    -8.4375,
                    -8.4375,
                    -9.875,
                    -8.4375
                ],
                [
                    -6.40625,
                    -6.40625,
                    -6.40625,
                    -6.40625,
                    -6.40625,
                    -6.40625,
                    -6.40625,
                    -6.40625,
                    -6.40625,
                    -9.0,
                    -6.40625
                ],
                [
                    -6.34375,
                    -6.34375,
                    -6.34375,
                    -6.34375,
                    -6.34375,
                    -6.34375,
                    -6.34375,
                    -6.34375,
                    -6.34375,
                    -8.6875,
                    -6.34375
                ],
                [
                    -6.34375,
                    -6.34375,
                    -6.34375,
                    -6.34375,
                    -6.34375,
                    -6.34375,
                    -6.34375,
                    -6.34375,
                    -6.34375,
                    -7.78125,
                    -6.34375
                ],
                [
                    -8.0,
                    -8.0,
                    -8.0,
                    -8.0,
                    -8.0,
                    -8.0,
                    -8.0,
                    -8.0,
                    -8.0,
                    -9.375,
                    -8.0
                ],
                [
                    -6.21875,
                    -6.21875,
                    -6.21875,
                    -6.21875,
                    -6.21875,
                    -6.21875,
                    -6.21875,
                    -6.21875,
                    -6.21875,
                    -7.28125,
                    -6.21875
                ]
            ]
        ],
        "prompt_sensitivities": [
            0.26931818181818185
        ],
        "posix": 0.26931818181818185
    }
}