{
    "file_name": "question_22_variants_results.json",
    "overall_posix": 0.6355113636363636,
    "detailed_scores": [
        {
            "Variation 1": 0.625,
            "Variation 2": 0.625,
            "Variation 3": 0.625,
            "Variation 4": 0.625,
            "Variation 5": 0.0,
            "Variation 6": 0.625,
            "Variation 7": 0.625,
            "Variation 8": 0.625,
            "Variation 9": 0.0,
            "Variation 10": 0.625
        }
    ],
    "trace": {
        "prompts": [
            "Is the cardiomediastinal silhouette of the patient normal? Please choose from the following two options: [yes, no]\n<image>"
        ],
        "responses": [
            [
                "no",
                "yes",
                "yes",
                "yes",
                "yes",
                "no",
                "yes",
                "yes",
                "yes",
                "no",
                "yes"
            ]
        ],
        "logprob_matrices": [
            [
                [
                    -6.78125,
                    -7.40625,
                    -7.40625,
                    -7.40625,
                    -7.40625,
                    -6.78125,
                    -7.40625,
                    -7.40625,
                    -7.40625,
                    -6.78125,
                    -7.40625
                ],
                [
                    -7.75,
                    -6.8125,
                    -6.8125,
                    -6.8125,
                    -6.8125,
                    -7.75,
                    -6.8125,
                    -6.8125,
                    -6.8125,
                    -7.75,
                    -6.8125
                ],
                [
                    -9.3125,
                    -6.84375,
                    -6.84375,
                    -6.84375,
                    -6.84375,
                    -9.3125,
                    -6.84375,
                    -6.84375,
                    -6.84375,
                    -9.3125,
                    -6.84375
                ],
                [
                    -8.25,
                    -6.0,
                    -6.0,
                    -6.0,
                    -6.0,
                    -8.25,
                    -6.0,
                    -6.0,
                    -6.0,
                    -8.25,
                    -6.0
                ],
                [
                    -7.6875,
                    -6.3125,
                    -6.3125,
                    -6.3125,
                    -6.3125,
                    -7.6875,
                    -6.3125,
                    -6.3125,
                    -6.3125,
                    -7.6875,
                    -6.3125
                ],
                [
                    -8.0625,
                    -6.84375,
                    -6.84375,
                    -6.84375,
                    -6.84375,
                    -8.0625,
                    -6.84375,
                    -6.84375,
                    -6.84375,
                    -8.0625,
                    -6.84375
                ],
                [
                    -6.4375,
                    -5.5625,
                    -5.5625,
                    -5.5625,
                    -5.5625,
                    -6.4375,
                    -5.5625,
                    -5.5625,
                    -5.5625,
                    -6.4375,
                    -5.5625
                ],
                [
                    -7.71875,
                    -6.21875,
                    -6.21875,
                    -6.21875,
                    -6.21875,
                    -7.71875,
                    -6.21875,
                    -6.21875,
                    -6.21875,
                    -7.71875,
                    -6.21875
                ],
                [
                    -6.40625,
                    -5.65625,
                    -5.65625,
                    -5.65625,
                    -5.65625,
                    -6.40625,
                    -5.65625,
                    -5.65625,
                    -5.65625,
                    -6.40625,
                    -5.65625
                ],
                [
                    -8.1875,
                    -5.96875,
                    -5.96875,
                    -5.96875,
                    -5.96875,
                    -8.1875,
                    -5.96875,
                    -5.96875,
                    -5.96875,
                    -8.1875,
                    -5.96875
                ],
                [
                    -7.21875,
                    -4.90625,
                    -4.90625,
                    -4.90625,
                    -4.90625,
                    -7.21875,
                    -4.90625,
                    -4.90625,
                    -4.90625,
                    -7.21875,
                    -4.90625
                ]
            ]
        ],
        "prompt_sensitivities": [
            0.6355113636363636
        ],
        "posix": 0.6355113636363636
    }
}