{
    "file_name": "question_282_variants_results.json",
    "overall_posix": 0.0,
    "detailed_scores": [
        {
            "Variation 1": 0.0,
            "Variation 2": 0.0,
            "Variation 3": 0.0,
            "Variation 4": 0.0,
            "Variation 5": 0.0,
            "Variation 6": 0.0,
            "Variation 7": 0.0,
            "Variation 8": 0.0,
            "Variation 9": 0.0,
            "Variation 10": 0.0
        }
    ],
    "trace": {
        "prompts": [
            "Does the chest X-ray show any evidence of pleural effusion? Please choose from the following two options: [yes, no]\n<image>"
        ],
        "responses": [
            [
                "yes",
                "yes",
                "yes",
                "yes",
                "yes",
                "yes",
                "yes",
                "yes",
                "yes",
                "yes",
                "yes"
            ]
        ],
        "logprob_matrices": [
            [
                [
                    -6.4375,
                    -6.4375,
                    -6.4375,
                    -6.4375,
                    -6.4375,
                    -6.4375,
                    -6.4375,
                    -6.4375,
                    -6.4375,
                    -6.4375,
                    -6.4375
                ],
                [
                    -7.3125,
                    -7.3125,
                    -7.3125,
                    -7.3125,
                    -7.3125,
                    -7.3125,
                    -7.3125,
                    -7.3125,
                    -7.3125,
                    -7.3125,
                    -7.3125
                ],
                [
                    -5.5,
                    -5.5,
                    -5.5,
                    -5.5,
                    -5.5,
                    -5.5,
                    -5.5,
                    -5.5,
                    -5.5,
                    -5.5,
                    -5.5
                ],
                [
                    -8.0625,
                    -8.0625,
                    -8.0625,
                    -8.0625,
                    -8.0625,
                    -8.0625,
                    -8.0625,
                    -8.0625,
                    -8.0625,
                    -8.0625,
                    -8.0625
                ],
                [
                    -7.59375,
                    -7.59375,
                    -7.59375,
                    -7.59375,
                    -7.59375,
                    -7.59375,
                    -7.59375,
                    -7.59375,
                    -7.59375,
                    -7.59375,
                    -7.59375
                ],
                [
                    -5.625,
                    -5.625,
                    -5.625,
                    -5.625,
                    -5.625,
                    -5.625,
                    -5.625,
                    -5.625,
                    -5.625,
                    -5.625,
                    -5.625
                ],
                [
                    -6.90625,
                    -6.90625,
                    -6.90625,
                    -6.90625,
                    -6.90625,
                    -6.90625,
                    -6.90625,
                    -6.90625,
                    -6.90625,
                    -6.90625,
                    -6.90625
                ],
                [
                    -5.90625,
                    -5.90625,
                    -5.90625,
                    -5.90625,
                    -5.90625,
                    -5.90625,
                    -5.90625,
                    -5.90625,
                    -5.90625,
                    -5.90625,
                    -5.90625
                ],
                [
                    -5.4375,
                    -5.4375,
                    -5.4375,
                    -5.4375,
                    -5.4375,
                    -5.4375,
                    -5.4375,
                    -5.4375,
                    -5.4375,
                    -5.4375,
                    -5.4375
                ],
                [
                    -6.1875,
                    -6.1875,
                    -6.1875,
                    -6.1875,
                    -6.1875,
                    -6.1875,
                    -6.1875,
                    -6.1875,
                    -6.1875,
                    -6.1875,
                    -6.1875
                ],
                [
                    -5.1875,
                    -5.1875,
                    -5.1875,
                    -5.1875,
                    -5.1875,
                    -5.1875,
                    -5.1875,
                    -5.1875,
                    -5.1875,
                    -5.1875,
                    -5.1875
                ]
            ]
        ],
        "prompt_sensitivities": [
            0.0
        ],
        "posix": 0.0
    }
}