{
    "file_name": "question_98_variants_results.json",
    "overall_posix": 0.0,
    "detailed_scores": [
        {
            "Variation 1": 0.0,
            "Variation 2": 0.0,
            "Variation 3": 0.0,
            "Variation 4": 0.0,
            "Variation 5": 0.0,
            "Variation 6": 0.0,
            "Variation 7": 0.0,
            "Variation 8": 0.0,
            "Variation 9": 0.0,
            "Variation 10": 0.0
        }
    ],
    "trace": {
        "prompts": [
            "Is there any focal consolidation visible on the chest X-ray? Please choose from the following two options: [yes, no]\n<image>"
        ],
        "responses": [
            [
                "yes",
                "yes",
                "yes",
                "yes",
                "yes",
                "yes",
                "yes",
                "yes",
                "yes",
                "yes",
                "yes"
            ]
        ],
        "logprob_matrices": [
            [
                [
                    -7.03125,
                    -7.03125,
                    -7.03125,
                    -7.03125,
                    -7.03125,
                    -7.03125,
                    -7.03125,
                    -7.03125,
                    -7.03125,
                    -7.03125,
                    -7.03125
                ],
                [
                    -6.53125,
                    -6.53125,
                    -6.53125,
                    -6.53125,
                    -6.53125,
                    -6.53125,
                    -6.53125,
                    -6.53125,
                    -6.53125,
                    -6.53125,
                    -6.53125
                ],
                [
                    -6.3125,
                    -6.3125,
                    -6.3125,
                    -6.3125,
                    -6.3125,
                    -6.3125,
                    -6.3125,
                    -6.3125,
                    -6.3125,
                    -6.3125,
                    -6.3125
                ],
                [
                    -7.28125,
                    -7.28125,
                    -7.28125,
                    -7.28125,
                    -7.28125,
                    -7.28125,
                    -7.28125,
                    -7.28125,
                    -7.28125,
                    -7.28125,
                    -7.28125
                ],
                [
                    -5.25,
                    -5.25,
                    -5.25,
                    -5.25,
                    -5.25,
                    -5.25,
                    -5.25,
                    -5.25,
                    -5.25,
                    -5.25,
                    -5.25
                ],
                [
                    -6.34375,
                    -6.34375,
                    -6.34375,
                    -6.34375,
                    -6.34375,
                    -6.34375,
                    -6.34375,
                    -6.34375,
                    -6.34375,
                    -6.34375,
                    -6.34375
                ],
                [
                    -7.9375,
                    -7.9375,
                    -7.9375,
                    -7.9375,
                    -7.9375,
                    -7.9375,
                    -7.9375,
                    -7.9375,
                    -7.9375,
                    -7.9375,
                    -7.9375
                ],
                [
                    -5.8125,
                    -5.8125,
                    -5.8125,
                    -5.8125,
                    -5.8125,
                    -5.8125,
                    -5.8125,
                    -5.8125,
                    -5.8125,
                    -5.8125,
                    -5.8125
                ],
                [
                    -5.25,
                    -5.25,
                    -5.25,
                    -5.25,
                    -5.25,
                    -5.25,
                    -5.25,
                    -5.25,
                    -5.25,
                    -5.25,
                    -5.25
                ],
                [
                    -5.1875,
                    -5.1875,
                    -5.1875,
                    -5.1875,
                    -5.1875,
                    -5.1875,
                    -5.1875,
                    -5.1875,
                    -5.1875,
                    -5.1875,
                    -5.1875
                ],
                [
                    -6.4375,
                    -6.4375,
                    -6.4375,
                    -6.4375,
                    -6.4375,
                    -6.4375,
                    -6.4375,
                    -6.4375,
                    -6.4375,
                    -6.4375,
                    -6.4375
                ]
            ]
        ],
        "prompt_sensitivities": [
            0.0
        ],
        "posix": 0.0
    }
}