{
    "file_name": "question_390_variants_results.json",
    "overall_posix": 1.3909090909090909,
    "detailed_scores": [
        {
            "Variation 1": 0.0,
            "Variation 2": 0.0,
            "Variation 3": 0.0,
            "Variation 4": 3.8125,
            "Variation 5": 3.8125,
            "Variation 6": 2.5,
            "Variation 7": 2.5,
            "Variation 8": 0.0,
            "Variation 9": 0.0,
            "Variation 10": 0.0625
        }
    ],
    "trace": {
        "prompts": [
            "Can any mass or tumor be seen in the lungs? Please choose from the following two options: [yes, no]\n<image>"
        ],
        "responses": [
            [
                "yes",
                "yes",
                "yes",
                "yes",
                "No",
                "No",
                "no",
                "no",
                "yes",
                "yes",
                "Yes"
            ]
        ],
        "logprob_matrices": [
            [
                [
                    -7.6875,
                    -7.6875,
                    -7.6875,
                    -7.6875,
                    -11.5,
                    -11.5,
                    -10.1875,
                    -10.1875,
                    -7.6875,
                    -7.6875,
                    -7.75
                ],
                [
                    -8.125,
                    -8.125,
                    -8.125,
                    -8.125,
                    -10.8125,
                    -10.8125,
                    -10.9375,
                    -10.9375,
                    -8.125,
                    -8.125,
                    -7.375
                ],
                [
                    -6.25,
                    -6.25,
                    -6.25,
                    -6.25,
                    -8.875,
                    -8.875,
                    -8.875,
                    -8.875,
                    -6.25,
                    -6.25,
                    -5.5625
                ],
                [
                    -7.40625,
                    -7.40625,
                    -7.40625,
                    -7.40625,
                    -9.75,
                    -9.75,
                    -8.8125,
                    -8.8125,
                    -7.40625,
                    -7.40625,
                    -7.09375
                ],
                [
                    -6.78125,
                    -6.78125,
                    -6.78125,
                    -6.78125,
                    -9.875,
                    -9.875,
                    -10.0,
                    -10.0,
                    -6.78125,
                    -6.78125,
                    -6.15625
                ],
                [
                    -7.65625,
                    -7.65625,
                    -7.65625,
                    -7.65625,
                    -9.8125,
                    -9.8125,
                    -9.5625,
                    -9.5625,
                    -7.65625,
                    -7.65625,
                    -7.46875
                ],
                [
                    -7.75,
                    -7.75,
                    -7.75,
                    -7.75,
                    -10.75,
                    -10.75,
                    -10.625,
                    -10.625,
                    -7.75,
                    -7.75,
                    -7.1875
                ],
                [
                    -6.125,
                    -6.125,
                    -6.125,
                    -6.125,
                    -8.0625,
                    -8.0625,
                    -8.0625,
                    -8.0625,
                    -6.125,
                    -6.125,
                    -5.375
                ],
                [
                    -7.8125,
                    -7.8125,
                    -7.8125,
                    -7.8125,
                    -11.6875,
                    -11.6875,
                    -10.8125,
                    -10.8125,
                    -7.8125,
                    -7.8125,
                    -7.75
                ],
                [
                    -7.34375,
                    -7.34375,
                    -7.34375,
                    -7.34375,
                    -10.1875,
                    -10.1875,
                    -9.8125,
                    -9.8125,
                    -7.34375,
                    -7.34375,
                    -6.40625
                ],
                [
                    -6.625,
                    -6.625,
                    -6.625,
                    -6.625,
                    -9.5625,
                    -9.5625,
                    -9.0,
                    -9.0,
                    -6.625,
                    -6.625,
                    -6.625
                ]
            ]
        ],
        "prompt_sensitivities": [
            1.3909090909090909
        ],
        "posix": 1.3909090909090909
    }
}