{
    "file_name": "question_62_variants_results.json",
    "overall_posix": 0.0,
    "detailed_scores": [
        {
            "Variation 1": 0.0,
            "Variation 2": 0.0,
            "Variation 3": 0.0,
            "Variation 4": 0.0,
            "Variation 5": 0.0,
            "Variation 6": 0.0,
            "Variation 7": 0.0,
            "Variation 8": 0.0,
            "Variation 9": 0.0,
            "Variation 10": 0.0
        }
    ],
    "trace": {
        "prompts": [
            "Is there any visible pneumothorax in the patient's chest X-ray? Please choose from the following two options: [yes, no]\n<image>"
        ],
        "responses": [
            [
                "yes",
                "yes",
                "yes",
                "yes",
                "yes",
                "yes",
                "yes",
                "yes",
                "yes",
                "yes",
                "yes"
            ]
        ],
        "logprob_matrices": [
            [
                [
                    -7.75,
                    -7.75,
                    -7.75,
                    -7.75,
                    -7.75,
                    -7.75,
                    -7.75,
                    -7.75,
                    -7.75,
                    -7.75,
                    -7.75
                ],
                [
                    -7.90625,
                    -7.90625,
                    -7.90625,
                    -7.90625,
                    -7.90625,
                    -7.90625,
                    -7.90625,
                    -7.90625,
                    -7.90625,
                    -7.90625,
                    -7.90625
                ],
                [
                    -8.0,
                    -8.0,
                    -8.0,
                    -8.0,
                    -8.0,
                    -8.0,
                    -8.0,
                    -8.0,
                    -8.0,
                    -8.0,
                    -8.0
                ],
                [
                    -7.28125,
                    -7.28125,
                    -7.28125,
                    -7.28125,
                    -7.28125,
                    -7.28125,
                    -7.28125,
                    -7.28125,
                    -7.28125,
                    -7.28125,
                    -7.28125
                ],
                [
                    -5.8125,
                    -5.8125,
                    -5.8125,
                    -5.8125,
                    -5.8125,
                    -5.8125,
                    -5.8125,
                    -5.8125,
                    -5.8125,
                    -5.8125,
                    -5.8125
                ],
                [
                    -6.5625,
                    -6.5625,
                    -6.5625,
                    -6.5625,
                    -6.5625,
                    -6.5625,
                    -6.5625,
                    -6.5625,
                    -6.5625,
                    -6.5625,
                    -6.5625
                ],
                [
                    -6.53125,
                    -6.53125,
                    -6.53125,
                    -6.53125,
                    -6.53125,
                    -6.53125,
                    -6.53125,
                    -6.53125,
                    -6.53125,
                    -6.53125,
                    -6.53125
                ],
                [
                    -7.28125,
                    -7.28125,
                    -7.28125,
                    -7.28125,
                    -7.28125,
                    -7.28125,
                    -7.28125,
                    -7.28125,
                    -7.28125,
                    -7.28125,
                    -7.28125
                ],
                [
                    -5.15625,
                    -5.15625,
                    -5.15625,
                    -5.15625,
                    -5.15625,
                    -5.15625,
                    -5.15625,
                    -5.15625,
                    -5.15625,
                    -5.15625,
                    -5.15625
                ],
                [
                    -6.90625,
                    -6.90625,
                    -6.90625,
                    -6.90625,
                    -6.90625,
                    -6.90625,
                    -6.90625,
                    -6.90625,
                    -6.90625,
                    -6.90625,
                    -6.90625
                ],
                [
                    -6.6875,
                    -6.6875,
                    -6.6875,
                    -6.6875,
                    -6.6875,
                    -6.6875,
                    -6.6875,
                    -6.6875,
                    -6.6875,
                    -6.6875,
                    -6.6875
                ]
            ]
        ],
        "prompt_sensitivities": [
            0.0
        ],
        "posix": 0.0
    }
}