{
    "file_name": "question_81_variants_results.json",
    "overall_posix": 0.0,
    "detailed_scores": [
        {
            "Variation 1": 0.0,
            "Variation 2": 0.0,
            "Variation 3": 0.0,
            "Variation 4": 0.0,
            "Variation 5": 0.0,
            "Variation 6": 0.0,
            "Variation 7": 0.0,
            "Variation 8": 0.0,
            "Variation 9": 0.0,
            "Variation 10": 0.0
        }
    ],
    "trace": {
        "prompts": [
            "Is there a pleural effusion present on the chest X-ray? Please choose from the following two options: [yes, no]\n<image>"
        ],
        "responses": [
            [
                "yes",
                "yes",
                "yes",
                "yes",
                "yes",
                "yes",
                "yes",
                "yes",
                "yes",
                "yes",
                "yes"
            ]
        ],
        "logprob_matrices": [
            [
                [
                    -7.1875,
                    -7.1875,
                    -7.1875,
                    -7.1875,
                    -7.1875,
                    -7.1875,
                    -7.1875,
                    -7.1875,
                    -7.1875,
                    -7.1875,
                    -7.1875
                ],
                [
                    -6.625,
                    -6.625,
                    -6.625,
                    -6.625,
                    -6.625,
                    -6.625,
                    -6.625,
                    -6.625,
                    -6.625,
                    -6.625,
                    -6.625
                ],
                [
                    -6.21875,
                    -6.21875,
                    -6.21875,
                    -6.21875,
                    -6.21875,
                    -6.21875,
                    -6.21875,
                    -6.21875,
                    -6.21875,
                    -6.21875,
                    -6.21875
                ],
                [
                    -7.53125,
                    -7.53125,
                    -7.53125,
                    -7.53125,
                    -7.53125,
                    -7.53125,
                    -7.53125,
                    -7.53125,
                    -7.53125,
                    -7.53125,
                    -7.53125
                ],
                [
                    -6.59375,
                    -6.59375,
                    -6.59375,
                    -6.59375,
                    -6.59375,
                    -6.59375,
                    -6.59375,
                    -6.59375,
                    -6.59375,
                    -6.59375,
                    -6.59375
                ],
                [
                    -7.0625,
                    -7.0625,
                    -7.0625,
                    -7.0625,
                    -7.0625,
                    -7.0625,
                    -7.0625,
                    -7.0625,
                    -7.0625,
                    -7.0625,
                    -7.0625
                ],
                [
                    -7.6875,
                    -7.6875,
                    -7.6875,
                    -7.6875,
                    -7.6875,
                    -7.6875,
                    -7.6875,
                    -7.6875,
                    -7.6875,
                    -7.6875,
                    -7.6875
                ],
                [
                    -5.46875,
                    -5.46875,
                    -5.46875,
                    -5.46875,
                    -5.46875,
                    -5.46875,
                    -5.46875,
                    -5.46875,
                    -5.46875,
                    -5.46875,
                    -5.46875
                ],
                [
                    -7.09375,
                    -7.09375,
                    -7.09375,
                    -7.09375,
                    -7.09375,
                    -7.09375,
                    -7.09375,
                    -7.09375,
                    -7.09375,
                    -7.09375,
                    -7.09375
                ],
                [
                    -7.21875,
                    -7.21875,
                    -7.21875,
                    -7.21875,
                    -7.21875,
                    -7.21875,
                    -7.21875,
                    -7.21875,
                    -7.21875,
                    -7.21875,
                    -7.21875
                ],
                [
                    -8.125,
                    -8.125,
                    -8.125,
                    -8.125,
                    -8.125,
                    -8.125,
                    -8.125,
                    -8.125,
                    -8.125,
                    -8.125,
                    -8.125
                ]
            ]
        ],
        "prompt_sensitivities": [
            0.0
        ],
        "posix": 0.0
    }
}