{
    "file_name": "question_14_variants_results.json",
    "overall_posix": 0.4625,
    "detailed_scores": [
        {
            "Variation 1": 0.0,
            "Variation 2": 0.0,
            "Variation 3": 0.0,
            "Variation 4": 0.0,
            "Variation 5": 0.0,
            "Variation 6": 0.0,
            "Variation 7": 0.0,
            "Variation 8": 0.0,
            "Variation 9": 3.09375,
            "Variation 10": 0.0
        }
    ],
    "trace": {
        "prompts": [
            "Does the mediastinum appear to be abnormal on this chest X-ray? Please choose from the following two options: [yes, no]\n<image>"
        ],
        "responses": [
            [
                "yes",
                "yes",
                "yes",
                "yes",
                "yes",
                "yes",
                "yes",
                "yes",
                "yes",
                "no",
                "yes"
            ]
        ],
        "logprob_matrices": [
            [
                [
                    -7.21875,
                    -7.21875,
                    -7.21875,
                    -7.21875,
                    -7.21875,
                    -7.21875,
                    -7.21875,
                    -7.21875,
                    -7.21875,
                    -10.3125,
                    -7.21875
                ],
                [
                    -6.0625,
                    -6.0625,
                    -6.0625,
                    -6.0625,
                    -6.0625,
                    -6.0625,
                    -6.0625,
                    -6.0625,
                    -6.0625,
                    -9.6875,
                    -6.0625
                ],
                [
                    -7.21875,
                    -7.21875,
                    -7.21875,
                    -7.21875,
                    -7.21875,
                    -7.21875,
                    -7.21875,
                    -7.21875,
                    -7.21875,
                    -10.3125,
                    -7.21875
                ],
                [
                    -5.78125,
                    -5.78125,
                    -5.78125,
                    -5.78125,
                    -5.78125,
                    -5.78125,
                    -5.78125,
                    -5.78125,
                    -5.78125,
                    -9.625,
                    -5.78125
                ],
                [
                    -6.3125,
                    -6.3125,
                    -6.3125,
                    -6.3125,
                    -6.3125,
                    -6.3125,
                    -6.3125,
                    -6.3125,
                    -6.3125,
                    -9.5,
                    -6.3125
                ],
                [
                    -6.71875,
                    -6.71875,
                    -6.71875,
                    -6.71875,
                    -6.71875,
                    -6.71875,
                    -6.71875,
                    -6.71875,
                    -6.71875,
                    -9.8125,
                    -6.71875
                ],
                [
                    -5.90625,
                    -5.90625,
                    -5.90625,
                    -5.90625,
                    -5.90625,
                    -5.90625,
                    -5.90625,
                    -5.90625,
                    -5.90625,
                    -9.5,
                    -5.90625
                ],
                [
                    -5.5625,
                    -5.5625,
                    -5.5625,
                    -5.5625,
                    -5.5625,
                    -5.5625,
                    -5.5625,
                    -5.5625,
                    -5.5625,
                    -7.875,
                    -5.5625
                ],
                [
                    -6.90625,
                    -6.90625,
                    -6.90625,
                    -6.90625,
                    -6.90625,
                    -6.90625,
                    -6.90625,
                    -6.90625,
                    -6.90625,
                    -8.6875,
                    -6.90625
                ],
                [
                    -6.53125,
                    -6.53125,
                    -6.53125,
                    -6.53125,
                    -6.53125,
                    -6.53125,
                    -6.53125,
                    -6.53125,
                    -6.53125,
                    -8.5,
                    -6.53125
                ],
                [
                    -6.75,
                    -6.75,
                    -6.75,
                    -6.75,
                    -6.75,
                    -6.75,
                    -6.75,
                    -6.75,
                    -6.75,
                    -10.3125,
                    -6.75
                ]
            ]
        ],
        "prompt_sensitivities": [
            0.4625
        ],
        "posix": 0.4625
    }
}