{
    "file_name": "question_340_variants_results.json",
    "overall_posix": 0.7579545454545454,
    "detailed_scores": [
        {
            "Variation 1": 0.0,
            "Variation 2": 0.0,
            "Variation 3": 0.0,
            "Variation 4": 1.28125,
            "Variation 5": 0.0,
            "Variation 6": 1.28125,
            "Variation 7": 0.0,
            "Variation 8": 1.28125,
            "Variation 9": 0.0,
            "Variation 10": 0.0
        }
    ],
    "trace": {
        "prompts": [
            "Are the pulmonary vascular markings within normal limits? Please choose from the following two options: [yes, no]\n<image>"
        ],
        "responses": [
            [
                "yes",
                "yes",
                "yes",
                "yes",
                "no",
                "yes",
                "no",
                "yes",
                "no",
                "yes",
                "yes"
            ]
        ],
        "logprob_matrices": [
            [
                [
                    -7.40625,
                    -7.40625,
                    -7.40625,
                    -7.40625,
                    -8.6875,
                    -7.40625,
                    -8.6875,
                    -7.40625,
                    -8.6875,
                    -7.40625,
                    -7.40625
                ],
                [
                    -8.125,
                    -8.125,
                    -8.125,
                    -8.125,
                    -8.625,
                    -8.125,
                    -8.625,
                    -8.125,
                    -8.625,
                    -8.125,
                    -8.125
                ],
                [
                    -7.40625,
                    -7.40625,
                    -7.40625,
                    -7.40625,
                    -8.6875,
                    -7.40625,
                    -8.6875,
                    -7.40625,
                    -8.6875,
                    -7.40625,
                    -7.40625
                ],
                [
                    -6.65625,
                    -6.65625,
                    -6.65625,
                    -6.65625,
                    -7.84375,
                    -6.65625,
                    -7.84375,
                    -6.65625,
                    -7.84375,
                    -6.65625,
                    -6.65625
                ],
                [
                    -6.59375,
                    -6.59375,
                    -6.59375,
                    -6.59375,
                    -8.625,
                    -6.59375,
                    -8.625,
                    -6.59375,
                    -8.625,
                    -6.59375,
                    -6.59375
                ],
                [
                    -6.9375,
                    -6.9375,
                    -6.9375,
                    -6.9375,
                    -8.875,
                    -6.9375,
                    -8.875,
                    -6.9375,
                    -8.875,
                    -6.9375,
                    -6.9375
                ],
                [
                    -7.125,
                    -7.125,
                    -7.125,
                    -7.125,
                    -8.5625,
                    -7.125,
                    -8.5625,
                    -7.125,
                    -8.5625,
                    -7.125,
                    -7.125
                ],
                [
                    -6.1875,
                    -6.1875,
                    -6.1875,
                    -6.1875,
                    -7.4375,
                    -6.1875,
                    -7.4375,
                    -6.1875,
                    -7.4375,
                    -6.1875,
                    -6.1875
                ],
                [
                    -6.59375,
                    -6.59375,
                    -6.59375,
                    -6.59375,
                    -9.1875,
                    -6.59375,
                    -9.1875,
                    -6.59375,
                    -9.1875,
                    -6.59375,
                    -6.59375
                ],
                [
                    -6.6875,
                    -6.6875,
                    -6.6875,
                    -6.6875,
                    -8.1875,
                    -6.6875,
                    -8.1875,
                    -6.6875,
                    -8.1875,
                    -6.6875,
                    -6.6875
                ],
                [
                    -6.125,
                    -6.125,
                    -6.125,
                    -6.125,
                    -8.8125,
                    -6.125,
                    -8.8125,
                    -6.125,
                    -8.8125,
                    -6.125,
                    -6.125
                ]
            ]
        ],
        "prompt_sensitivities": [
            0.7579545454545454
        ],
        "posix": 0.7579545454545454
    }
}