{
    "file_name": "question_376_variants_results.json",
    "overall_posix": 0.0,
    "detailed_scores": [
        {
            "Variation 1": 0.0,
            "Variation 2": 0.0,
            "Variation 3": 0.0,
            "Variation 4": 0.0,
            "Variation 5": 0.0,
            "Variation 6": 0.0,
            "Variation 7": 0.0,
            "Variation 8": 0.0,
            "Variation 9": 0.0,
            "Variation 10": 0.0
        }
    ],
    "trace": {
        "prompts": [
            "Is there evidence of a pneumothorax in the X-ray image? Please choose from the following two options: [yes, no]\n<image>"
        ],
        "responses": [
            [
                "yes",
                "yes",
                "yes",
                "yes",
                "yes",
                "yes",
                "yes",
                "yes",
                "yes",
                "yes",
                "yes"
            ]
        ],
        "logprob_matrices": [
            [
                [
                    -6.65625,
                    -6.65625,
                    -6.65625,
                    -6.65625,
                    -6.65625,
                    -6.65625,
                    -6.65625,
                    -6.65625,
                    -6.65625,
                    -6.65625,
                    -6.65625
                ],
                [
                    -7.3125,
                    -7.3125,
                    -7.3125,
                    -7.3125,
                    -7.3125,
                    -7.3125,
                    -7.3125,
                    -7.3125,
                    -7.3125,
                    -7.3125,
                    -7.3125
                ],
                [
                    -6.96875,
                    -6.96875,
                    -6.96875,
                    -6.96875,
                    -6.96875,
                    -6.96875,
                    -6.96875,
                    -6.96875,
                    -6.96875,
                    -6.96875,
                    -6.96875
                ],
                [
                    -6.71875,
                    -6.71875,
                    -6.71875,
                    -6.71875,
                    -6.71875,
                    -6.71875,
                    -6.71875,
                    -6.71875,
                    -6.71875,
                    -6.71875,
                    -6.71875
                ],
                [
                    -4.625,
                    -4.625,
                    -4.625,
                    -4.625,
                    -4.625,
                    -4.625,
                    -4.625,
                    -4.625,
                    -4.625,
                    -4.625,
                    -4.625
                ],
                [
                    -5.875,
                    -5.875,
                    -5.875,
                    -5.875,
                    -5.875,
                    -5.875,
                    -5.875,
                    -5.875,
                    -5.875,
                    -5.875,
                    -5.875
                ],
                [
                    -6.65625,
                    -6.65625,
                    -6.65625,
                    -6.65625,
                    -6.65625,
                    -6.65625,
                    -6.65625,
                    -6.65625,
                    -6.65625,
                    -6.65625,
                    -6.65625
                ],
                [
                    -7.21875,
                    -7.21875,
                    -7.21875,
                    -7.21875,
                    -7.21875,
                    -7.21875,
                    -7.21875,
                    -7.21875,
                    -7.21875,
                    -7.21875,
                    -7.21875
                ],
                [
                    -5.78125,
                    -5.78125,
                    -5.78125,
                    -5.78125,
                    -5.78125,
                    -5.78125,
                    -5.78125,
                    -5.78125,
                    -5.78125,
                    -5.78125,
                    -5.78125
                ],
                [
                    -6.59375,
                    -6.59375,
                    -6.59375,
                    -6.59375,
                    -6.59375,
                    -6.59375,
                    -6.59375,
                    -6.59375,
                    -6.59375,
                    -6.59375,
                    -6.59375
                ],
                [
                    -5.65625,
                    -5.65625,
                    -5.65625,
                    -5.65625,
                    -5.65625,
                    -5.65625,
                    -5.65625,
                    -5.65625,
                    -5.65625,
                    -5.65625,
                    -5.65625
                ]
            ]
        ],
        "prompt_sensitivities": [
            0.0
        ],
        "posix": 0.0
    }
}