{
    "file_name": "question_110_variants_results.json",
    "overall_posix": 0.10170454545454545,
    "detailed_scores": [
        {
            "Variation 1": 0.0,
            "Variation 2": 0.0,
            "Variation 3": 0.0,
            "Variation 4": 0.0625,
            "Variation 5": 0.0,
            "Variation 6": 0.0,
            "Variation 7": 0.0,
            "Variation 8": 0.0,
            "Variation 9": 0.0,
            "Variation 10": 0.0
        }
    ],
    "trace": {
        "prompts": [
            "Are there signs of congestive heart failure in the chest X-ray? Please choose from the following two options: [yes, no]\n<image>"
        ],
        "responses": [
            [
                "yes",
                "yes",
                "yes",
                "yes",
                "Yes",
                "yes",
                "yes",
                "yes",
                "yes",
                "yes",
                "yes"
            ]
        ],
        "logprob_matrices": [
            [
                [
                    -5.9375,
                    -5.9375,
                    -5.9375,
                    -5.9375,
                    -5.875,
                    -5.9375,
                    -5.9375,
                    -5.9375,
                    -5.9375,
                    -5.9375,
                    -5.9375
                ],
                [
                    -4.90625,
                    -4.90625,
                    -4.90625,
                    -4.90625,
                    -5.46875,
                    -4.90625,
                    -4.90625,
                    -4.90625,
                    -4.90625,
                    -4.90625,
                    -4.90625
                ],
                [
                    -5.9375,
                    -5.9375,
                    -5.9375,
                    -5.9375,
                    -5.875,
                    -5.9375,
                    -5.9375,
                    -5.9375,
                    -5.9375,
                    -5.9375,
                    -5.9375
                ],
                [
                    -7.0,
                    -7.0,
                    -7.0,
                    -7.0,
                    -6.375,
                    -7.0,
                    -7.0,
                    -7.0,
                    -7.0,
                    -7.0,
                    -7.0
                ],
                [
                    -5.53125,
                    -5.53125,
                    -5.53125,
                    -5.53125,
                    -6.09375,
                    -5.53125,
                    -5.53125,
                    -5.53125,
                    -5.53125,
                    -5.53125,
                    -5.53125
                ],
                [
                    -5.875,
                    -5.875,
                    -5.875,
                    -5.875,
                    -6.125,
                    -5.875,
                    -5.875,
                    -5.875,
                    -5.875,
                    -5.875,
                    -5.875
                ],
                [
                    -4.75,
                    -4.75,
                    -4.75,
                    -4.75,
                    -5.8125,
                    -4.75,
                    -4.75,
                    -4.75,
                    -4.75,
                    -4.75,
                    -4.75
                ],
                [
                    -5.71875,
                    -5.71875,
                    -5.71875,
                    -5.71875,
                    -6.34375,
                    -5.71875,
                    -5.71875,
                    -5.71875,
                    -5.71875,
                    -5.71875,
                    -5.71875
                ],
                [
                    -4.4375,
                    -4.4375,
                    -4.4375,
                    -4.4375,
                    -5.6875,
                    -4.4375,
                    -4.4375,
                    -4.4375,
                    -4.4375,
                    -4.4375,
                    -4.4375
                ],
                [
                    -6.625,
                    -6.625,
                    -6.625,
                    -6.625,
                    -7.25,
                    -6.625,
                    -6.625,
                    -6.625,
                    -6.625,
                    -6.625,
                    -6.625
                ],
                [
                    -4.53125,
                    -4.53125,
                    -4.53125,
                    -4.53125,
                    -4.96875,
                    -4.53125,
                    -4.53125,
                    -4.53125,
                    -4.53125,
                    -4.53125,
                    -4.53125
                ]
            ]
        ],
        "prompt_sensitivities": [
            0.10170454545454545
        ],
        "posix": 0.10170454545454545
    }
}