{
    "file_name": "question_377_variants_results.json",
    "overall_posix": 0.3522727272727273,
    "detailed_scores": [
        {
            "Variation 1": 0.0,
            "Variation 2": 0.0,
            "Variation 3": 0.3125,
            "Variation 4": 0.0,
            "Variation 5": 0.0,
            "Variation 6": 0.0,
            "Variation 7": 0.0,
            "Variation 8": 0.3125,
            "Variation 9": 0.0,
            "Variation 10": 0.0
        }
    ],
    "trace": {
        "prompts": [
            "Is it safe to say that the heart is definitely enlarged, based on the chest X-ray? Please choose from the following two options: [yes, no]\n<image>"
        ],
        "responses": [
            [
                "yes",
                "yes",
                "yes",
                "no",
                "yes",
                "yes",
                "yes",
                "yes",
                "no",
                "yes",
                "yes"
            ]
        ],
        "logprob_matrices": [
            [
                [
                    -7.9375,
                    -7.9375,
                    -7.9375,
                    -7.625,
                    -7.9375,
                    -7.9375,
                    -7.9375,
                    -7.9375,
                    -7.625,
                    -7.9375,
                    -7.9375
                ],
                [
                    -7.9375,
                    -7.9375,
                    -7.9375,
                    -7.625,
                    -7.9375,
                    -7.9375,
                    -7.9375,
                    -7.9375,
                    -7.625,
                    -7.9375,
                    -7.9375
                ],
                [
                    -7.09375,
                    -7.09375,
                    -7.09375,
                    -7.34375,
                    -7.09375,
                    -7.09375,
                    -7.09375,
                    -7.09375,
                    -7.34375,
                    -7.09375,
                    -7.09375
                ],
                [
                    -5.75,
                    -5.75,
                    -5.75,
                    -6.75,
                    -5.75,
                    -5.75,
                    -5.75,
                    -5.75,
                    -6.75,
                    -5.75,
                    -5.75
                ],
                [
                    -7.65625,
                    -7.65625,
                    -7.65625,
                    -8.5625,
                    -7.65625,
                    -7.65625,
                    -7.65625,
                    -7.65625,
                    -8.5625,
                    -7.65625,
                    -7.65625
                ],
                [
                    -8.1875,
                    -8.1875,
                    -8.1875,
                    -9.5625,
                    -8.1875,
                    -8.1875,
                    -8.1875,
                    -8.1875,
                    -9.5625,
                    -8.1875,
                    -8.1875
                ],
                [
                    -6.15625,
                    -6.15625,
                    -6.15625,
                    -6.78125,
                    -6.15625,
                    -6.15625,
                    -6.15625,
                    -6.15625,
                    -6.78125,
                    -6.15625,
                    -6.15625
                ],
                [
                    -7.46875,
                    -7.46875,
                    -7.46875,
                    -8.75,
                    -7.46875,
                    -7.46875,
                    -7.46875,
                    -7.46875,
                    -8.75,
                    -7.46875,
                    -7.46875
                ],
                [
                    -6.8125,
                    -6.8125,
                    -6.8125,
                    -8.0625,
                    -6.8125,
                    -6.8125,
                    -6.8125,
                    -6.8125,
                    -8.0625,
                    -6.8125,
                    -6.8125
                ],
                [
                    -5.625,
                    -5.625,
                    -5.625,
                    -7.6875,
                    -5.625,
                    -5.625,
                    -5.625,
                    -5.625,
                    -7.6875,
                    -5.625,
                    -5.625
                ],
                [
                    -6.9375,
                    -6.9375,
                    -6.9375,
                    -9.0625,
                    -6.9375,
                    -6.9375,
                    -6.9375,
                    -6.9375,
                    -9.0625,
                    -6.9375,
                    -6.9375
                ]
            ]
        ],
        "prompt_sensitivities": [
            0.3522727272727273
        ],
        "posix": 0.3522727272727273
    }
}