{
    "file_name": "question_375_variants_results.json",
    "overall_posix": 0.7778409090909091,
    "detailed_scores": [
        {
            "Variation 1": 2.9375,
            "Variation 2": 0.0,
            "Variation 3": 0.0,
            "Variation 4": 0.0,
            "Variation 5": 0.0,
            "Variation 6": 0.0,
            "Variation 7": 2.9375,
            "Variation 8": 2.9375,
            "Variation 9": 0.0,
            "Variation 10": 0.0
        }
    ],
    "trace": {
        "prompts": [
            "Based on the chest X-ray, are the patient's lungs considered to be abnormal? Please choose from the following two options: [yes, no]\n<image>"
        ],
        "responses": [
            [
                "yes",
                "no",
                "yes",
                "yes",
                "yes",
                "yes",
                "yes",
                "no",
                "no",
                "yes",
                "yes"
            ]
        ],
        "logprob_matrices": [
            [
                [
                    -4.8125,
                    -7.75,
                    -4.8125,
                    -4.8125,
                    -4.8125,
                    -4.8125,
                    -4.8125,
                    -7.75,
                    -7.75,
                    -4.8125,
                    -4.8125
                ],
                [
                    -6.5625,
                    -7.375,
                    -6.5625,
                    -6.5625,
                    -6.5625,
                    -6.5625,
                    -6.5625,
                    -7.375,
                    -7.375,
                    -6.5625,
                    -6.5625
                ],
                [
                    -6.96875,
                    -8.8125,
                    -6.96875,
                    -6.96875,
                    -6.96875,
                    -6.96875,
                    -6.96875,
                    -8.8125,
                    -8.8125,
                    -6.96875,
                    -6.96875
                ],
                [
                    -4.8125,
                    -7.75,
                    -4.8125,
                    -4.8125,
                    -4.8125,
                    -4.8125,
                    -4.8125,
                    -7.75,
                    -7.75,
                    -4.8125,
                    -4.8125
                ],
                [
                    -5.625,
                    -7.875,
                    -5.625,
                    -5.625,
                    -5.625,
                    -5.625,
                    -5.625,
                    -7.875,
                    -7.875,
                    -5.625,
                    -5.625
                ],
                [
                    -6.15625,
                    -8.25,
                    -6.15625,
                    -6.15625,
                    -6.15625,
                    -6.15625,
                    -6.15625,
                    -8.25,
                    -8.25,
                    -6.15625,
                    -6.15625
                ],
                [
                    -6.15625,
                    -6.34375,
                    -6.15625,
                    -6.15625,
                    -6.15625,
                    -6.15625,
                    -6.15625,
                    -6.34375,
                    -6.34375,
                    -6.15625,
                    -6.15625
                ],
                [
                    -4.875,
                    -7.1875,
                    -4.875,
                    -4.875,
                    -4.875,
                    -4.875,
                    -4.875,
                    -7.1875,
                    -7.1875,
                    -4.875,
                    -4.875
                ],
                [
                    -7.34375,
                    -8.0,
                    -7.34375,
                    -7.34375,
                    -7.34375,
                    -7.34375,
                    -7.34375,
                    -8.0,
                    -8.0,
                    -7.34375,
                    -7.34375
                ],
                [
                    -5.0625,
                    -8.0,
                    -5.0625,
                    -5.0625,
                    -5.0625,
                    -5.0625,
                    -5.0625,
                    -8.0,
                    -8.0,
                    -5.0625,
                    -5.0625
                ],
                [
                    -5.3125,
                    -8.5625,
                    -5.3125,
                    -5.3125,
                    -5.3125,
                    -5.3125,
                    -5.3125,
                    -8.5625,
                    -8.5625,
                    -5.3125,
                    -5.3125
                ]
            ]
        ],
        "prompt_sensitivities": [
            0.7778409090909091
        ],
        "posix": 0.7778409090909091
    }
}