{
    "file_name": "question_79_variants_results.json",
    "overall_posix": 0.9477272727272728,
    "detailed_scores": [
        {
            "Variation 1": 0.0625,
            "Variation 2": 0.0,
            "Variation 3": 0.0625,
            "Variation 4": 0.0625,
            "Variation 5": 4.21875,
            "Variation 6": 0.0625,
            "Variation 7": 0.0625,
            "Variation 8": 0.0625,
            "Variation 9": 3.40625,
            "Variation 10": 0.0625
        }
    ],
    "trace": {
        "prompts": [
            "Are there any noteworthy findings in the bones or soft tissues in the chest X-ray? Please choose from the following two options: [yes, no]\n<image>"
        ],
        "responses": [
            [
                "Yes",
                "yes",
                "Yes",
                "yes",
                "yes",
                "No",
                "yes",
                "yes",
                "yes",
                "no",
                "yes"
            ]
        ],
        "logprob_matrices": [
            [
                [
                    -6.90625,
                    -6.96875,
                    -6.90625,
                    -6.96875,
                    -6.96875,
                    -11.125,
                    -6.96875,
                    -6.96875,
                    -6.96875,
                    -10.3125,
                    -6.96875
                ],
                [
                    -7.96875,
                    -8.0625,
                    -7.96875,
                    -8.0625,
                    -8.0625,
                    -11.75,
                    -8.0625,
                    -8.0625,
                    -8.0625,
                    -11.0,
                    -8.0625
                ],
                [
                    -6.90625,
                    -6.96875,
                    -6.90625,
                    -6.96875,
                    -6.96875,
                    -11.125,
                    -6.96875,
                    -6.96875,
                    -6.96875,
                    -10.3125,
                    -6.96875
                ],
                [
                    -9.0,
                    -9.125,
                    -9.0,
                    -9.125,
                    -9.125,
                    -11.1875,
                    -9.125,
                    -9.125,
                    -9.125,
                    -11.5,
                    -9.125
                ],
                [
                    -6.40625,
                    -6.15625,
                    -6.40625,
                    -6.15625,
                    -6.15625,
                    -10.25,
                    -6.15625,
                    -6.15625,
                    -6.15625,
                    -10.375,
                    -6.15625
                ],
                [
                    -8.125,
                    -7.9375,
                    -8.125,
                    -7.9375,
                    -7.9375,
                    -10.5,
                    -7.9375,
                    -7.9375,
                    -7.9375,
                    -10.5,
                    -7.9375
                ],
                [
                    -7.1875,
                    -7.1875,
                    -7.1875,
                    -7.1875,
                    -7.1875,
                    -10.25,
                    -7.1875,
                    -7.1875,
                    -7.1875,
                    -9.6875,
                    -7.1875
                ],
                [
                    -8.5625,
                    -8.25,
                    -8.5625,
                    -8.25,
                    -8.25,
                    -12.1875,
                    -8.25,
                    -8.25,
                    -8.25,
                    -10.9375,
                    -8.25
                ],
                [
                    -6.84375,
                    -7.03125,
                    -6.84375,
                    -7.03125,
                    -7.03125,
                    -10.75,
                    -7.03125,
                    -7.03125,
                    -7.03125,
                    -10.75,
                    -7.03125
                ],
                [
                    -8.375,
                    -8.3125,
                    -8.375,
                    -8.3125,
                    -8.3125,
                    -10.875,
                    -8.3125,
                    -8.3125,
                    -8.3125,
                    -10.3125,
                    -8.3125
                ],
                [
                    -7.40625,
                    -7.15625,
                    -7.40625,
                    -7.15625,
                    -7.15625,
                    -10.625,
                    -7.15625,
                    -7.15625,
                    -7.15625,
                    -9.25,
                    -7.15625
                ]
            ]
        ],
        "prompt_sensitivities": [
            0.9477272727272728
        ],
        "posix": 0.9477272727272728
    }
}