{
    "file_name": "question_294_variants_results.json",
    "overall_posix": 0.4113636363636364,
    "detailed_scores": [
        {
            "Variation 1": 1.6875,
            "Variation 2": 1.6875,
            "Variation 3": 1.6875,
            "Variation 4": 1.6875,
            "Variation 5": 1.6875,
            "Variation 6": 1.6875,
            "Variation 7": 1.6875,
            "Variation 8": 1.6875,
            "Variation 9": 1.6875,
            "Variation 10": 1.6875
        }
    ],
    "trace": {
        "prompts": [
            "Are there any signs of acute infection like infiltrates in the lungs on the X-ray? Please choose from the following two options: [yes, no]\n<image>"
        ],
        "responses": [
            [
                "no",
                "yes",
                "yes",
                "yes",
                "yes",
                "yes",
                "yes",
                "yes",
                "yes",
                "yes",
                "yes"
            ]
        ],
        "logprob_matrices": [
            [
                [
                    -7.9375,
                    -6.25,
                    -6.25,
                    -6.25,
                    -6.25,
                    -6.25,
                    -6.25,
                    -6.25,
                    -6.25,
                    -6.25,
                    -6.25
                ],
                [
                    -11.0,
                    -8.375,
                    -8.375,
                    -8.375,
                    -8.375,
                    -8.375,
                    -8.375,
                    -8.375,
                    -8.375,
                    -8.375,
                    -8.375
                ],
                [
                    -9.9375,
                    -6.875,
                    -6.875,
                    -6.875,
                    -6.875,
                    -6.875,
                    -6.875,
                    -6.875,
                    -6.875,
                    -6.875,
                    -6.875
                ],
                [
                    -10.0625,
                    -7.53125,
                    -7.53125,
                    -7.53125,
                    -7.53125,
                    -7.53125,
                    -7.53125,
                    -7.53125,
                    -7.53125,
                    -7.53125,
                    -7.53125
                ],
                [
                    -12.1875,
                    -8.5,
                    -8.5,
                    -8.5,
                    -8.5,
                    -8.5,
                    -8.5,
                    -8.5,
                    -8.5,
                    -8.5,
                    -8.5
                ],
                [
                    -10.0,
                    -7.625,
                    -7.625,
                    -7.625,
                    -7.625,
                    -7.625,
                    -7.625,
                    -7.625,
                    -7.625,
                    -7.625,
                    -7.625
                ],
                [
                    -9.875,
                    -7.5,
                    -7.5,
                    -7.5,
                    -7.5,
                    -7.5,
                    -7.5,
                    -7.5,
                    -7.5,
                    -7.5,
                    -7.5
                ],
                [
                    -9.6875,
                    -7.375,
                    -7.375,
                    -7.375,
                    -7.375,
                    -7.375,
                    -7.375,
                    -7.375,
                    -7.375,
                    -7.375,
                    -7.375
                ],
                [
                    -10.4375,
                    -6.75,
                    -6.75,
                    -6.75,
                    -6.75,
                    -6.75,
                    -6.75,
                    -6.75,
                    -6.75,
                    -6.75,
                    -6.75
                ],
                [
                    -11.5625,
                    -7.78125,
                    -7.78125,
                    -7.78125,
                    -7.78125,
                    -7.78125,
                    -7.78125,
                    -7.78125,
                    -7.78125,
                    -7.78125,
                    -7.78125
                ],
                [
                    -10.25,
                    -8.3125,
                    -8.3125,
                    -8.3125,
                    -8.3125,
                    -8.3125,
                    -8.3125,
                    -8.3125,
                    -8.3125,
                    -8.3125,
                    -8.3125
                ]
            ]
        ],
        "prompt_sensitivities": [
            0.4113636363636364
        ],
        "posix": 0.4113636363636364
    }
}