{
    "file_name": "question_223_variants_results.json",
    "overall_posix": 1.7441982629196497,
    "detailed_scores": [
        {
            "Variation 1": 1.625,
            "Variation 2": 0.0,
            "Variation 3": 0.0,
            "Variation 4": 0.0,
            "Variation 5": 1.625,
            "Variation 6": 0.0,
            "Variation 7": 0.0,
            "Variation 8": 0.0,
            "Variation 9": 0.0,
            "Variation 10": 1.2361501392565275
        }
    ],
    "trace": {
        "prompts": [
            "Are there any visible masses or nodules in the mediastinum on the X-ray? Please choose from the following two options: [yes, no]\n<image>"
        ],
        "responses": [
            [
                "yes",
                "no",
                "yes",
                "yes",
                "yes",
                "no",
                "yes",
                "yes",
                "yes",
                "yes",
                "Yes, there is a mass in the middle mediastinum on the chest x-ray."
            ]
        ],
        "logprob_matrices": [
            [
                [
                    -5.25,
                    -6.875,
                    -5.25,
                    -5.25,
                    -5.25,
                    -6.875,
                    -5.25,
                    -5.25,
                    -5.25,
                    -5.25,
                    -28.736852645874023
                ],
                [
                    -5.84375,
                    -7.78125,
                    -5.84375,
                    -5.84375,
                    -5.84375,
                    -7.78125,
                    -5.84375,
                    -5.84375,
                    -5.84375,
                    -5.84375,
                    -31.846967220306396
                ],
                [
                    -5.46875,
                    -8.0,
                    -5.46875,
                    -5.46875,
                    -5.46875,
                    -8.0,
                    -5.46875,
                    -5.46875,
                    -5.46875,
                    -5.46875,
                    -28.3222815990448
                ],
                [
                    -4.96875,
                    -8.625,
                    -4.96875,
                    -4.96875,
                    -4.96875,
                    -8.625,
                    -4.96875,
                    -4.96875,
                    -4.96875,
                    -4.96875,
                    -25.590806365013123
                ],
                [
                    -5.46875,
                    -8.625,
                    -5.46875,
                    -5.46875,
                    -5.46875,
                    -8.625,
                    -5.46875,
                    -5.46875,
                    -5.46875,
                    -5.46875,
                    -26.66180694103241
                ],
                [
                    -4.84375,
                    -7.53125,
                    -4.84375,
                    -4.84375,
                    -4.84375,
                    -7.53125,
                    -4.84375,
                    -4.84375,
                    -4.84375,
                    -4.84375,
                    -24.1765159368515
                ],
                [
                    -5.375,
                    -8.1875,
                    -5.375,
                    -5.375,
                    -5.375,
                    -8.1875,
                    -5.375,
                    -5.375,
                    -5.375,
                    -5.375,
                    -27.516856908798218
                ],
                [
                    -5.125,
                    -8.1875,
                    -5.125,
                    -5.125,
                    -5.125,
                    -8.1875,
                    -5.125,
                    -5.125,
                    -5.125,
                    -5.125,
                    -29.268873691558838
                ],
                [
                    -3.8125,
                    -5.5625,
                    -3.8125,
                    -3.8125,
                    -3.8125,
                    -5.5625,
                    -3.8125,
                    -3.8125,
                    -3.8125,
                    -3.8125,
                    -23.571881532669067
                ],
                [
                    -5.90625,
                    -8.375,
                    -5.90625,
                    -5.90625,
                    -5.90625,
                    -8.375,
                    -5.90625,
                    -5.90625,
                    -5.90625,
                    -5.90625,
                    -36.61106204986572
                ],
                [
                    -5.96875,
                    -8.8125,
                    -5.96875,
                    -5.96875,
                    -5.96875,
                    -8.8125,
                    -5.96875,
                    -5.96875,
                    -5.96875,
                    -5.96875,
                    -16.62372612953186
                ]
            ]
        ],
        "prompt_sensitivities": [
            1.7441982629196497
        ],
        "posix": 1.7441982629196497
    }
}