{
    "file_name": "question_60_variants_results.json",
    "overall_posix": 0.0,
    "detailed_scores": [
        {
            "Variation 1": 0.0,
            "Variation 2": 0.0,
            "Variation 3": 0.0,
            "Variation 4": 0.0,
            "Variation 5": 0.0,
            "Variation 6": 0.0,
            "Variation 7": 0.0,
            "Variation 8": 0.0,
            "Variation 9": 0.0,
            "Variation 10": 0.0
        }
    ],
    "trace": {
        "prompts": [
            "Can pleural effusion be seen on the X-ray image? Please choose from the following two options: [yes, no]\n<image>"
        ],
        "responses": [
            [
                "yes",
                "yes",
                "yes",
                "yes",
                "yes",
                "yes",
                "yes",
                "yes",
                "yes",
                "yes",
                "yes"
            ]
        ],
        "logprob_matrices": [
            [
                [
                    -8.125,
                    -8.125,
                    -8.125,
                    -8.125,
                    -8.125,
                    -8.125,
                    -8.125,
                    -8.125,
                    -8.125,
                    -8.125,
                    -8.125
                ],
                [
                    -7.34375,
                    -7.34375,
                    -7.34375,
                    -7.34375,
                    -7.34375,
                    -7.34375,
                    -7.34375,
                    -7.34375,
                    -7.34375,
                    -7.34375,
                    -7.34375
                ],
                [
                    -8.125,
                    -8.125,
                    -8.125,
                    -8.125,
                    -8.125,
                    -8.125,
                    -8.125,
                    -8.125,
                    -8.125,
                    -8.125,
                    -8.125
                ],
                [
                    -8.0625,
                    -8.0625,
                    -8.0625,
                    -8.0625,
                    -8.0625,
                    -8.0625,
                    -8.0625,
                    -8.0625,
                    -8.0625,
                    -8.0625,
                    -8.0625
                ],
                [
                    -7.8125,
                    -7.8125,
                    -7.8125,
                    -7.8125,
                    -7.8125,
                    -7.8125,
                    -7.8125,
                    -7.8125,
                    -7.8125,
                    -7.8125,
                    -7.8125
                ],
                [
                    -6.03125,
                    -6.03125,
                    -6.03125,
                    -6.03125,
                    -6.03125,
                    -6.03125,
                    -6.03125,
                    -6.03125,
                    -6.03125,
                    -6.03125,
                    -6.03125
                ],
                [
                    -7.8125,
                    -7.8125,
                    -7.8125,
                    -7.8125,
                    -7.8125,
                    -7.8125,
                    -7.8125,
                    -7.8125,
                    -7.8125,
                    -7.8125,
                    -7.8125
                ],
                [
                    -7.125,
                    -7.125,
                    -7.125,
                    -7.125,
                    -7.125,
                    -7.125,
                    -7.125,
                    -7.125,
                    -7.125,
                    -7.125,
                    -7.125
                ],
                [
                    -7.53125,
                    -7.53125,
                    -7.53125,
                    -7.53125,
                    -7.53125,
                    -7.53125,
                    -7.53125,
                    -7.53125,
                    -7.53125,
                    -7.53125,
                    -7.53125
                ],
                [
                    -8.375,
                    -8.375,
                    -8.375,
                    -8.375,
                    -8.375,
                    -8.375,
                    -8.375,
                    -8.375,
                    -8.375,
                    -8.375,
                    -8.375
                ],
                [
                    -7.8125,
                    -7.8125,
                    -7.8125,
                    -7.8125,
                    -7.8125,
                    -7.8125,
                    -7.8125,
                    -7.8125,
                    -7.8125,
                    -7.8125,
                    -7.8125
                ]
            ]
        ],
        "prompt_sensitivities": [
            0.0
        ],
        "posix": 0.0
    }
}