{
    "file_name": "question_269_variants_results.json",
    "overall_posix": 1.6974655898300917,
    "detailed_scores": [
        {
            "Variation 1": 3.3725961538461537,
            "Variation 2": 1.28125,
            "Variation 3": 0.125,
            "Variation 4": 3.21875,
            "Variation 5": 0.125,
            "Variation 6": 0.0,
            "Variation 7": 0.125,
            "Variation 8": 0.125,
            "Variation 9": 3.21875,
            "Variation 10": 0.0
        }
    ],
    "trace": {
        "prompts": [
            "Are the lungs clear of any focal consolidation or infection? Please choose from the following two options: [yes, no]\n<image>"
        ],
        "responses": [
            [
                "yes",
                "Yes, there are visible lung lesions suggesting acute pneumonia or infection.",
                "no",
                "Yes",
                "No",
                "Yes",
                "yes",
                "Yes",
                "Yes",
                "No",
                "yes"
            ]
        ],
        "logprob_matrices": [
            [
                [
                    -7.15625,
                    -51.0,
                    -8.4375,
                    -7.28125,
                    -10.375,
                    -7.28125,
                    -7.15625,
                    -7.28125,
                    -7.28125,
                    -10.375,
                    -7.15625
                ],
                [
                    -7.34375,
                    -9.649810791015625,
                    -9.0625,
                    -7.65625,
                    -11.1875,
                    -7.65625,
                    -7.34375,
                    -7.65625,
                    -7.65625,
                    -11.1875,
                    -7.34375
                ],
                [
                    -5.59375,
                    -49.07421875,
                    -8.3125,
                    -6.71875,
                    -10.8125,
                    -6.71875,
                    -5.59375,
                    -6.71875,
                    -6.71875,
                    -10.8125,
                    -5.59375
                ],
                [
                    -7.25,
                    -50.73046875,
                    -8.3125,
                    -7.5625,
                    -10.6875,
                    -7.5625,
                    -7.25,
                    -7.5625,
                    -7.5625,
                    -10.6875,
                    -7.25
                ],
                [
                    -8.5625,
                    -54.2724609375,
                    -10.25,
                    -8.625,
                    -12.8125,
                    -8.625,
                    -8.5625,
                    -8.625,
                    -8.625,
                    -12.8125,
                    -8.5625
                ],
                [
                    -7.0,
                    -56.03515625,
                    -9.3125,
                    -6.5625,
                    -10.0625,
                    -6.5625,
                    -7.0,
                    -6.5625,
                    -6.5625,
                    -10.0625,
                    -7.0
                ],
                [
                    -8.5,
                    -49.5313720703125,
                    -10.5,
                    -8.625,
                    -14.1875,
                    -8.625,
                    -8.5,
                    -8.625,
                    -8.625,
                    -14.1875,
                    -8.5
                ],
                [
                    -6.40625,
                    -53.744140625,
                    -8.25,
                    -6.71875,
                    -10.5625,
                    -6.71875,
                    -6.40625,
                    -6.71875,
                    -6.71875,
                    -10.5625,
                    -6.40625
                ],
                [
                    -6.65625,
                    -41.7724609375,
                    -8.125,
                    -6.90625,
                    -9.9375,
                    -6.90625,
                    -6.65625,
                    -6.90625,
                    -6.90625,
                    -9.9375,
                    -6.65625
                ],
                [
                    -7.59375,
                    -47.1416015625,
                    -8.8125,
                    -6.84375,
                    -9.0625,
                    -6.84375,
                    -7.59375,
                    -6.84375,
                    -6.84375,
                    -9.0625,
                    -7.59375
                ],
                [
                    -7.28125,
                    -61.982421875,
                    -8.5625,
                    -7.09375,
                    -11.4375,
                    -7.09375,
                    -7.28125,
                    -7.09375,
                    -7.09375,
                    -11.4375,
                    -7.28125
                ]
            ]
        ],
        "prompt_sensitivities": [
            1.6974655898300917
        ],
        "posix": 1.6974655898300917
    }
}