{
    "file_name": "question_387_variants_results.json",
    "overall_posix": 0.0,
    "detailed_scores": [
        {
            "Variation 1": 0.0,
            "Variation 2": 0.0,
            "Variation 3": 0.0,
            "Variation 4": 0.0,
            "Variation 5": 0.0,
            "Variation 6": 0.0,
            "Variation 7": 0.0,
            "Variation 8": 0.0,
            "Variation 9": 0.0,
            "Variation 10": 0.0
        }
    ],
    "trace": {
        "prompts": [
            "Have the bilateral interstitial opacities worsened compared to a previous exam? Please choose from the following two options: [yes, no]\n<image>"
        ],
        "responses": [
            [
                "yes",
                "yes",
                "yes",
                "yes",
                "yes",
                "yes",
                "yes",
                "yes",
                "yes",
                "yes",
                "yes"
            ]
        ],
        "logprob_matrices": [
            [
                [
                    -5.65625,
                    -5.65625,
                    -5.65625,
                    -5.65625,
                    -5.65625,
                    -5.65625,
                    -5.65625,
                    -5.65625,
                    -5.65625,
                    -5.65625,
                    -5.65625
                ],
                [
                    -3.453125,
                    -3.453125,
                    -3.453125,
                    -3.453125,
                    -3.453125,
                    -3.453125,
                    -3.453125,
                    -3.453125,
                    -3.453125,
                    -3.453125,
                    -3.453125
                ],
                [
                    -5.65625,
                    -5.65625,
                    -5.65625,
                    -5.65625,
                    -5.65625,
                    -5.65625,
                    -5.65625,
                    -5.65625,
                    -5.65625,
                    -5.65625,
                    -5.65625
                ],
                [
                    -6.15625,
                    -6.15625,
                    -6.15625,
                    -6.15625,
                    -6.15625,
                    -6.15625,
                    -6.15625,
                    -6.15625,
                    -6.15625,
                    -6.15625,
                    -6.15625
                ],
                [
                    -4.4375,
                    -4.4375,
                    -4.4375,
                    -4.4375,
                    -4.4375,
                    -4.4375,
                    -4.4375,
                    -4.4375,
                    -4.4375,
                    -4.4375,
                    -4.4375
                ],
                [
                    -4.0625,
                    -4.0625,
                    -4.0625,
                    -4.0625,
                    -4.0625,
                    -4.0625,
                    -4.0625,
                    -4.0625,
                    -4.0625,
                    -4.0625,
                    -4.0625
                ],
                [
                    -5.5625,
                    -5.5625,
                    -5.5625,
                    -5.5625,
                    -5.5625,
                    -5.5625,
                    -5.5625,
                    -5.5625,
                    -5.5625,
                    -5.5625,
                    -5.5625
                ],
                [
                    -2.828125,
                    -2.828125,
                    -2.828125,
                    -2.828125,
                    -2.828125,
                    -2.828125,
                    -2.828125,
                    -2.828125,
                    -2.828125,
                    -2.828125,
                    -2.828125
                ],
                [
                    -4.59375,
                    -4.59375,
                    -4.59375,
                    -4.59375,
                    -4.59375,
                    -4.59375,
                    -4.59375,
                    -4.59375,
                    -4.59375,
                    -4.59375,
                    -4.59375
                ],
                [
                    -4.1875,
                    -4.1875,
                    -4.1875,
                    -4.1875,
                    -4.1875,
                    -4.1875,
                    -4.1875,
                    -4.1875,
                    -4.1875,
                    -4.1875,
                    -4.1875
                ],
                [
                    -4.34375,
                    -4.34375,
                    -4.34375,
                    -4.34375,
                    -4.34375,
                    -4.34375,
                    -4.34375,
                    -4.34375,
                    -4.34375,
                    -4.34375,
                    -4.34375
                ]
            ]
        ],
        "prompt_sensitivities": [
            0.0
        ],
        "posix": 0.0
    }
}