{
    "file_name": "question_7_variants_results.json",
    "overall_posix": 0.2625,
    "detailed_scores": [
        {
            "Variation 1": 0.0,
            "Variation 2": 0.0,
            "Variation 3": 0.0,
            "Variation 4": 0.3125,
            "Variation 5": 0.0,
            "Variation 6": 0.0,
            "Variation 7": 0.0,
            "Variation 8": 0.0,
            "Variation 9": 0.0,
            "Variation 10": 0.0
        }
    ],
    "trace": {
        "prompts": [
            "Is the pulmonary vascularity increased on the chest X-ray? Please choose from the following two options: [yes, no]\n<image>"
        ],
        "responses": [
            [
                "yes",
                "yes",
                "yes",
                "yes",
                "no",
                "yes",
                "yes",
                "yes",
                "yes",
                "yes",
                "yes"
            ]
        ],
        "logprob_matrices": [
            [
                [
                    -7.46875,
                    -7.46875,
                    -7.46875,
                    -7.46875,
                    -7.78125,
                    -7.46875,
                    -7.46875,
                    -7.46875,
                    -7.46875,
                    -7.46875,
                    -7.46875
                ],
                [
                    -5.78125,
                    -5.78125,
                    -5.78125,
                    -5.78125,
                    -8.4375,
                    -5.78125,
                    -5.78125,
                    -5.78125,
                    -5.78125,
                    -5.78125,
                    -5.78125
                ],
                [
                    -7.46875,
                    -7.46875,
                    -7.46875,
                    -7.46875,
                    -7.78125,
                    -7.46875,
                    -7.46875,
                    -7.46875,
                    -7.46875,
                    -7.46875,
                    -7.46875
                ],
                [
                    -7.875,
                    -7.875,
                    -7.875,
                    -7.875,
                    -10.5625,
                    -7.875,
                    -7.875,
                    -7.875,
                    -7.875,
                    -7.875,
                    -7.875
                ],
                [
                    -7.90625,
                    -7.90625,
                    -7.90625,
                    -7.90625,
                    -9.0,
                    -7.90625,
                    -7.90625,
                    -7.90625,
                    -7.90625,
                    -7.90625,
                    -7.90625
                ],
                [
                    -5.03125,
                    -5.03125,
                    -5.03125,
                    -5.03125,
                    -6.96875,
                    -5.03125,
                    -5.03125,
                    -5.03125,
                    -5.03125,
                    -5.03125,
                    -5.03125
                ],
                [
                    -6.59375,
                    -6.59375,
                    -6.59375,
                    -6.59375,
                    -9.3125,
                    -6.59375,
                    -6.59375,
                    -6.59375,
                    -6.59375,
                    -6.59375,
                    -6.59375
                ],
                [
                    -6.59375,
                    -6.59375,
                    -6.59375,
                    -6.59375,
                    -7.78125,
                    -6.59375,
                    -6.59375,
                    -6.59375,
                    -6.59375,
                    -6.59375,
                    -6.59375
                ],
                [
                    -6.125,
                    -6.125,
                    -6.125,
                    -6.125,
                    -7.8125,
                    -6.125,
                    -6.125,
                    -6.125,
                    -6.125,
                    -6.125,
                    -6.125
                ],
                [
                    -5.78125,
                    -5.78125,
                    -5.78125,
                    -5.78125,
                    -7.59375,
                    -5.78125,
                    -5.78125,
                    -5.78125,
                    -5.78125,
                    -5.78125,
                    -5.78125
                ],
                [
                    -6.5625,
                    -6.5625,
                    -6.5625,
                    -6.5625,
                    -9.1875,
                    -6.5625,
                    -6.5625,
                    -6.5625,
                    -6.5625,
                    -6.5625,
                    -6.5625
                ]
            ]
        ],
        "prompt_sensitivities": [
            0.2625
        ],
        "posix": 0.2625
    }
}