{
    "file_name": "question_94_variants_results.json",
    "overall_posix": 0.7710227272727272,
    "detailed_scores": [
        {
            "Variation 1": 0.0,
            "Variation 2": 0.0,
            "Variation 3": 1.625,
            "Variation 4": 0.0,
            "Variation 5": 0.0,
            "Variation 6": 1.625,
            "Variation 7": 0.0,
            "Variation 8": 0.0,
            "Variation 9": 1.625,
            "Variation 10": 1.625
        }
    ],
    "trace": {
        "prompts": [
            "Does the chest X-ray image indicate that the lungs and pleural spaces are free of acute abnormalities? Please choose from the following two options: [yes, no]\n<image>"
        ],
        "responses": [
            [
                "yes",
                "yes",
                "yes",
                "no",
                "yes",
                "yes",
                "no",
                "yes",
                "yes",
                "no",
                "no"
            ]
        ],
        "logprob_matrices": [
            [
                [
                    -6.28125,
                    -6.28125,
                    -6.28125,
                    -7.90625,
                    -6.28125,
                    -6.28125,
                    -7.90625,
                    -6.28125,
                    -6.28125,
                    -7.90625,
                    -7.90625
                ],
                [
                    -5.40625,
                    -5.40625,
                    -5.40625,
                    -7.03125,
                    -5.40625,
                    -5.40625,
                    -7.03125,
                    -5.40625,
                    -5.40625,
                    -7.03125,
                    -7.03125
                ],
                [
                    -6.28125,
                    -6.28125,
                    -6.28125,
                    -7.90625,
                    -6.28125,
                    -6.28125,
                    -7.90625,
                    -6.28125,
                    -6.28125,
                    -7.90625,
                    -7.90625
                ],
                [
                    -5.40625,
                    -5.40625,
                    -5.40625,
                    -7.46875,
                    -5.40625,
                    -5.40625,
                    -7.46875,
                    -5.40625,
                    -5.40625,
                    -7.46875,
                    -7.46875
                ],
                [
                    -6.03125,
                    -6.03125,
                    -6.03125,
                    -7.09375,
                    -6.03125,
                    -6.03125,
                    -7.09375,
                    -6.03125,
                    -6.03125,
                    -7.09375,
                    -7.09375
                ],
                [
                    -5.78125,
                    -5.78125,
                    -5.78125,
                    -7.46875,
                    -5.78125,
                    -5.78125,
                    -7.46875,
                    -5.78125,
                    -5.78125,
                    -7.46875,
                    -7.46875
                ],
                [
                    -5.09375,
                    -5.09375,
                    -5.09375,
                    -7.53125,
                    -5.09375,
                    -5.09375,
                    -7.53125,
                    -5.09375,
                    -5.09375,
                    -7.53125,
                    -7.53125
                ],
                [
                    -6.21875,
                    -6.21875,
                    -6.21875,
                    -8.25,
                    -6.21875,
                    -6.21875,
                    -8.25,
                    -6.21875,
                    -6.21875,
                    -8.25,
                    -8.25
                ],
                [
                    -6.5625,
                    -6.5625,
                    -6.5625,
                    -7.5,
                    -6.5625,
                    -6.5625,
                    -7.5,
                    -6.5625,
                    -6.5625,
                    -7.5,
                    -7.5
                ],
                [
                    -7.3125,
                    -7.3125,
                    -7.3125,
                    -8.3125,
                    -7.3125,
                    -7.3125,
                    -8.3125,
                    -7.3125,
                    -7.3125,
                    -8.3125,
                    -8.3125
                ],
                [
                    -7.34375,
                    -7.34375,
                    -7.34375,
                    -7.90625,
                    -7.34375,
                    -7.34375,
                    -7.90625,
                    -7.34375,
                    -7.34375,
                    -7.90625,
                    -7.90625
                ]
            ]
        ],
        "prompt_sensitivities": [
            0.7710227272727272
        ],
        "posix": 0.7710227272727272
    }
}