{
    "file_name": "question_367_variants_results.json",
    "overall_posix": 0.0,
    "detailed_scores": [
        {
            "Variation 1": 0.0,
            "Variation 2": 0.0,
            "Variation 3": 0.0,
            "Variation 4": 0.0,
            "Variation 5": 0.0,
            "Variation 6": 0.0,
            "Variation 7": 0.0,
            "Variation 8": 0.0,
            "Variation 9": 0.0,
            "Variation 10": 0.0
        }
    ],
    "trace": {
        "prompts": [
            "Are there signs of pleural effusion on the patient's chest X-ray? Please choose from the following two options: [yes, no]\n<image>"
        ],
        "responses": [
            [
                "yes",
                "yes",
                "yes",
                "yes",
                "yes",
                "yes",
                "yes",
                "yes",
                "yes",
                "yes",
                "yes"
            ]
        ],
        "logprob_matrices": [
            [
                [
                    -5.125,
                    -5.125,
                    -5.125,
                    -5.125,
                    -5.125,
                    -5.125,
                    -5.125,
                    -5.125,
                    -5.125,
                    -5.125,
                    -5.125
                ],
                [
                    -5.125,
                    -5.125,
                    -5.125,
                    -5.125,
                    -5.125,
                    -5.125,
                    -5.125,
                    -5.125,
                    -5.125,
                    -5.125,
                    -5.125
                ],
                [
                    -5.90625,
                    -5.90625,
                    -5.90625,
                    -5.90625,
                    -5.90625,
                    -5.90625,
                    -5.90625,
                    -5.90625,
                    -5.90625,
                    -5.90625,
                    -5.90625
                ],
                [
                    -6.0625,
                    -6.0625,
                    -6.0625,
                    -6.0625,
                    -6.0625,
                    -6.0625,
                    -6.0625,
                    -6.0625,
                    -6.0625,
                    -6.0625,
                    -6.0625
                ],
                [
                    -5.03125,
                    -5.03125,
                    -5.03125,
                    -5.03125,
                    -5.03125,
                    -5.03125,
                    -5.03125,
                    -5.03125,
                    -5.03125,
                    -5.03125,
                    -5.03125
                ],
                [
                    -5.59375,
                    -5.59375,
                    -5.59375,
                    -5.59375,
                    -5.59375,
                    -5.59375,
                    -5.59375,
                    -5.59375,
                    -5.59375,
                    -5.59375,
                    -5.59375
                ],
                [
                    -5.0625,
                    -5.0625,
                    -5.0625,
                    -5.0625,
                    -5.0625,
                    -5.0625,
                    -5.0625,
                    -5.0625,
                    -5.0625,
                    -5.0625,
                    -5.0625
                ],
                [
                    -5.6875,
                    -5.6875,
                    -5.6875,
                    -5.6875,
                    -5.6875,
                    -5.6875,
                    -5.6875,
                    -5.6875,
                    -5.6875,
                    -5.6875,
                    -5.6875
                ],
                [
                    -5.3125,
                    -5.3125,
                    -5.3125,
                    -5.3125,
                    -5.3125,
                    -5.3125,
                    -5.3125,
                    -5.3125,
                    -5.3125,
                    -5.3125,
                    -5.3125
                ],
                [
                    -5.96875,
                    -5.96875,
                    -5.96875,
                    -5.96875,
                    -5.96875,
                    -5.96875,
                    -5.96875,
                    -5.96875,
                    -5.96875,
                    -5.96875,
                    -5.96875
                ],
                [
                    -5.375,
                    -5.375,
                    -5.375,
                    -5.375,
                    -5.375,
                    -5.375,
                    -5.375,
                    -5.375,
                    -5.375,
                    -5.375,
                    -5.375
                ]
            ]
        ],
        "prompt_sensitivities": [
            0.0
        ],
        "posix": 0.0
    }
}