{
    "file_name": "question_327_variants_results.json",
    "overall_posix": 0.9116477272727272,
    "detailed_scores": [
        {
            "Variation 1": 1.125,
            "Variation 2": 0.0,
            "Variation 3": 1.125,
            "Variation 4": 1.125,
            "Variation 5": 1.125,
            "Variation 6": 1.125,
            "Variation 7": 1.125,
            "Variation 8": 0.0,
            "Variation 9": 1.125,
            "Variation 10": 1.125
        }
    ],
    "trace": {
        "prompts": [
            "Is the cardiomediastinal contour of the patient normal? Please choose from the following two options: [yes, no]\n<image>"
        ],
        "responses": [
            [
                "no",
                "yes",
                "no",
                "yes",
                "yes",
                "yes",
                "yes",
                "yes",
                "no",
                "yes",
                "yes"
            ]
        ],
        "logprob_matrices": [
            [
                [
                    -7.96875,
                    -6.84375,
                    -7.96875,
                    -6.84375,
                    -6.84375,
                    -6.84375,
                    -6.84375,
                    -6.84375,
                    -7.96875,
                    -6.84375,
                    -6.84375
                ],
                [
                    -10.0625,
                    -7.75,
                    -10.0625,
                    -7.75,
                    -7.75,
                    -7.75,
                    -7.75,
                    -7.75,
                    -10.0625,
                    -7.75,
                    -7.75
                ],
                [
                    -7.96875,
                    -6.84375,
                    -7.96875,
                    -6.84375,
                    -6.84375,
                    -6.84375,
                    -6.84375,
                    -6.84375,
                    -7.96875,
                    -6.84375,
                    -6.84375
                ],
                [
                    -9.3125,
                    -7.0,
                    -9.3125,
                    -7.0,
                    -7.0,
                    -7.0,
                    -7.0,
                    -7.0,
                    -9.3125,
                    -7.0,
                    -7.0
                ],
                [
                    -10.0625,
                    -7.03125,
                    -10.0625,
                    -7.03125,
                    -7.03125,
                    -7.03125,
                    -7.03125,
                    -7.03125,
                    -10.0625,
                    -7.03125,
                    -7.03125
                ],
                [
                    -9.125,
                    -6.5625,
                    -9.125,
                    -6.5625,
                    -6.5625,
                    -6.5625,
                    -6.5625,
                    -6.5625,
                    -9.125,
                    -6.5625,
                    -6.5625
                ],
                [
                    -7.34375,
                    -5.71875,
                    -7.34375,
                    -5.71875,
                    -5.71875,
                    -5.71875,
                    -5.71875,
                    -5.71875,
                    -7.34375,
                    -5.71875,
                    -5.71875
                ],
                [
                    -8.875,
                    -5.8125,
                    -8.875,
                    -5.8125,
                    -5.8125,
                    -5.8125,
                    -5.8125,
                    -5.8125,
                    -8.875,
                    -5.8125,
                    -5.8125
                ],
                [
                    -8.9375,
                    -6.46875,
                    -8.9375,
                    -6.46875,
                    -6.46875,
                    -6.46875,
                    -6.46875,
                    -6.46875,
                    -8.9375,
                    -6.46875,
                    -6.46875
                ],
                [
                    -7.9375,
                    -5.6875,
                    -7.9375,
                    -5.6875,
                    -5.6875,
                    -5.6875,
                    -5.6875,
                    -5.6875,
                    -7.9375,
                    -5.6875,
                    -5.6875
                ],
                [
                    -8.625,
                    -4.9375,
                    -8.625,
                    -4.9375,
                    -4.9375,
                    -4.9375,
                    -4.9375,
                    -4.9375,
                    -8.625,
                    -4.9375,
                    -4.9375
                ]
            ]
        ],
        "prompt_sensitivities": [
            0.9116477272727272
        ],
        "posix": 0.9116477272727272
    }
}