{
    "file_name": "question_257_variants_results.json",
    "overall_posix": 0.0,
    "detailed_scores": [
        {
            "Variation 1": 0.0,
            "Variation 2": 0.0,
            "Variation 3": 0.0,
            "Variation 4": 0.0,
            "Variation 5": 0.0,
            "Variation 6": 0.0,
            "Variation 7": 0.0,
            "Variation 8": 0.0,
            "Variation 9": 0.0,
            "Variation 10": 0.0
        }
    ],
    "trace": {
        "prompts": [
            "Has a broken rib or any bone abnormality been detected in the X-ray? Please choose from the following two options: [yes, no]\n<image>"
        ],
        "responses": [
            [
                "yes",
                "yes",
                "yes",
                "yes",
                "yes",
                "yes",
                "yes",
                "yes",
                "yes",
                "yes",
                "yes"
            ]
        ],
        "logprob_matrices": [
            [
                [
                    -6.0,
                    -6.0,
                    -6.0,
                    -6.0,
                    -6.0,
                    -6.0,
                    -6.0,
                    -6.0,
                    -6.0,
                    -6.0,
                    -6.0
                ],
                [
                    -6.09375,
                    -6.09375,
                    -6.09375,
                    -6.09375,
                    -6.09375,
                    -6.09375,
                    -6.09375,
                    -6.09375,
                    -6.09375,
                    -6.09375,
                    -6.09375
                ],
                [
                    -6.0,
                    -6.0,
                    -6.0,
                    -6.0,
                    -6.0,
                    -6.0,
                    -6.0,
                    -6.0,
                    -6.0,
                    -6.0,
                    -6.0
                ],
                [
                    -6.625,
                    -6.625,
                    -6.625,
                    -6.625,
                    -6.625,
                    -6.625,
                    -6.625,
                    -6.625,
                    -6.625,
                    -6.625,
                    -6.625
                ],
                [
                    -5.40625,
                    -5.40625,
                    -5.40625,
                    -5.40625,
                    -5.40625,
                    -5.40625,
                    -5.40625,
                    -5.40625,
                    -5.40625,
                    -5.40625,
                    -5.40625
                ],
                [
                    -6.3125,
                    -6.3125,
                    -6.3125,
                    -6.3125,
                    -6.3125,
                    -6.3125,
                    -6.3125,
                    -6.3125,
                    -6.3125,
                    -6.3125,
                    -6.3125
                ],
                [
                    -7.28125,
                    -7.28125,
                    -7.28125,
                    -7.28125,
                    -7.28125,
                    -7.28125,
                    -7.28125,
                    -7.28125,
                    -7.28125,
                    -7.28125,
                    -7.28125
                ],
                [
                    -6.0625,
                    -6.0625,
                    -6.0625,
                    -6.0625,
                    -6.0625,
                    -6.0625,
                    -6.0625,
                    -6.0625,
                    -6.0625,
                    -6.0625,
                    -6.0625
                ],
                [
                    -7.5,
                    -7.5,
                    -7.5,
                    -7.5,
                    -7.5,
                    -7.5,
                    -7.5,
                    -7.5,
                    -7.5,
                    -7.5,
                    -7.5
                ],
                [
                    -6.125,
                    -6.125,
                    -6.125,
                    -6.125,
                    -6.125,
                    -6.125,
                    -6.125,
                    -6.125,
                    -6.125,
                    -6.125,
                    -6.125
                ],
                [
                    -6.03125,
                    -6.03125,
                    -6.03125,
                    -6.03125,
                    -6.03125,
                    -6.03125,
                    -6.03125,
                    -6.03125,
                    -6.03125,
                    -6.03125,
                    -6.03125
                ]
            ]
        ],
        "prompt_sensitivities": [
            0.0
        ],
        "posix": 0.0
    }
}