{
    "file_name": "question_349_variants_results.json",
    "overall_posix": 0.3846590909090909,
    "detailed_scores": [
        {
            "Variation 1": 0.0,
            "Variation 2": 0.8125,
            "Variation 3": 0.8125,
            "Variation 4": 0.8125,
            "Variation 5": 0.8125,
            "Variation 6": 0.8125,
            "Variation 7": 0.8125,
            "Variation 8": 0.8125,
            "Variation 9": 0.8125,
            "Variation 10": 0.8125
        }
    ],
    "trace": {
        "prompts": [
            "Is there any lobar air space consolidation present on the chest X-ray? - No Please choose from the following two options: [yes, no]\n<image>"
        ],
        "responses": [
            [
                "no",
                "no",
                "yes",
                "yes",
                "yes",
                "yes",
                "yes",
                "yes",
                "yes",
                "yes",
                "yes"
            ]
        ],
        "logprob_matrices": [
            [
                [
                    -7.21875,
                    -7.21875,
                    -6.40625,
                    -6.40625,
                    -6.40625,
                    -6.40625,
                    -6.40625,
                    -6.40625,
                    -6.40625,
                    -6.40625,
                    -6.40625
                ],
                [
                    -7.21875,
                    -7.21875,
                    -6.40625,
                    -6.40625,
                    -6.40625,
                    -6.40625,
                    -6.40625,
                    -6.40625,
                    -6.40625,
                    -6.40625,
                    -6.40625
                ],
                [
                    -7.84375,
                    -7.84375,
                    -6.71875,
                    -6.71875,
                    -6.71875,
                    -6.71875,
                    -6.71875,
                    -6.71875,
                    -6.71875,
                    -6.71875,
                    -6.71875
                ],
                [
                    -8.875,
                    -8.875,
                    -6.96875,
                    -6.96875,
                    -6.96875,
                    -6.96875,
                    -6.96875,
                    -6.96875,
                    -6.96875,
                    -6.96875,
                    -6.96875
                ],
                [
                    -6.5,
                    -6.5,
                    -4.625,
                    -4.625,
                    -4.625,
                    -4.625,
                    -4.625,
                    -4.625,
                    -4.625,
                    -4.625,
                    -4.625
                ],
                [
                    -7.3125,
                    -7.3125,
                    -6.375,
                    -6.375,
                    -6.375,
                    -6.375,
                    -6.375,
                    -6.375,
                    -6.375,
                    -6.375,
                    -6.375
                ],
                [
                    -8.875,
                    -8.875,
                    -7.25,
                    -7.25,
                    -7.25,
                    -7.25,
                    -7.25,
                    -7.25,
                    -7.25,
                    -7.25,
                    -7.25
                ],
                [
                    -7.0,
                    -7.0,
                    -5.375,
                    -5.375,
                    -5.375,
                    -5.375,
                    -5.375,
                    -5.375,
                    -5.375,
                    -5.375,
                    -5.375
                ],
                [
                    -6.4375,
                    -6.4375,
                    -5.1875,
                    -5.1875,
                    -5.1875,
                    -5.1875,
                    -5.1875,
                    -5.1875,
                    -5.1875,
                    -5.1875,
                    -5.1875
                ],
                [
                    -6.6875,
                    -6.6875,
                    -4.5,
                    -4.5,
                    -4.5,
                    -4.5,
                    -4.5,
                    -4.5,
                    -4.5,
                    -4.5,
                    -4.5
                ],
                [
                    -7.40625,
                    -7.40625,
                    -6.09375,
                    -6.09375,
                    -6.09375,
                    -6.09375,
                    -6.09375,
                    -6.09375,
                    -6.09375,
                    -6.09375,
                    -6.09375
                ]
            ]
        ],
        "prompt_sensitivities": [
            0.3846590909090909
        ],
        "posix": 0.3846590909090909
    }
}