{
    "file_name": "question_361_variants_results.json",
    "overall_posix": 0.0,
    "detailed_scores": [
        {
            "Variation 1": 0.0,
            "Variation 2": 0.0,
            "Variation 3": 0.0,
            "Variation 4": 0.0,
            "Variation 5": 0.0,
            "Variation 6": 0.0,
            "Variation 7": 0.0,
            "Variation 8": 0.0,
            "Variation 9": 0.0,
            "Variation 10": 0.0
        }
    ],
    "trace": {
        "prompts": [
            "Are there calcifications present in the aorta? Please choose from the following two options: [yes, no]\n<image>"
        ],
        "responses": [
            [
                "yes",
                "yes",
                "yes",
                "yes",
                "yes",
                "yes",
                "yes",
                "yes",
                "yes",
                "yes",
                "yes"
            ]
        ],
        "logprob_matrices": [
            [
                [
                    -6.25,
                    -6.25,
                    -6.25,
                    -6.25,
                    -6.25,
                    -6.25,
                    -6.25,
                    -6.25,
                    -6.25,
                    -6.25,
                    -6.25
                ],
                [
                    -6.28125,
                    -6.28125,
                    -6.28125,
                    -6.28125,
                    -6.28125,
                    -6.28125,
                    -6.28125,
                    -6.28125,
                    -6.28125,
                    -6.28125,
                    -6.28125
                ],
                [
                    -6.25,
                    -6.25,
                    -6.25,
                    -6.25,
                    -6.25,
                    -6.25,
                    -6.25,
                    -6.25,
                    -6.25,
                    -6.25,
                    -6.25
                ],
                [
                    -6.75,
                    -6.75,
                    -6.75,
                    -6.75,
                    -6.75,
                    -6.75,
                    -6.75,
                    -6.75,
                    -6.75,
                    -6.75,
                    -6.75
                ],
                [
                    -5.84375,
                    -5.84375,
                    -5.84375,
                    -5.84375,
                    -5.84375,
                    -5.84375,
                    -5.84375,
                    -5.84375,
                    -5.84375,
                    -5.84375,
                    -5.84375
                ],
                [
                    -5.5,
                    -5.5,
                    -5.5,
                    -5.5,
                    -5.5,
                    -5.5,
                    -5.5,
                    -5.5,
                    -5.5,
                    -5.5,
                    -5.5
                ],
                [
                    -7.09375,
                    -7.09375,
                    -7.09375,
                    -7.09375,
                    -7.09375,
                    -7.09375,
                    -7.09375,
                    -7.09375,
                    -7.09375,
                    -7.09375,
                    -7.09375
                ],
                [
                    -6.375,
                    -6.375,
                    -6.375,
                    -6.375,
                    -6.375,
                    -6.375,
                    -6.375,
                    -6.375,
                    -6.375,
                    -6.375,
                    -6.375
                ],
                [
                    -4.96875,
                    -4.96875,
                    -4.96875,
                    -4.96875,
                    -4.96875,
                    -4.96875,
                    -4.96875,
                    -4.96875,
                    -4.96875,
                    -4.96875,
                    -4.96875
                ],
                [
                    -5.8125,
                    -5.8125,
                    -5.8125,
                    -5.8125,
                    -5.8125,
                    -5.8125,
                    -5.8125,
                    -5.8125,
                    -5.8125,
                    -5.8125,
                    -5.8125
                ],
                [
                    -4.75,
                    -4.75,
                    -4.75,
                    -4.75,
                    -4.75,
                    -4.75,
                    -4.75,
                    -4.75,
                    -4.75,
                    -4.75,
                    -4.75
                ]
            ]
        ],
        "prompt_sensitivities": [
            0.0
        ],
        "posix": 0.0
    }
}