{
    "file_name": "question_64_variants_results.json",
    "overall_posix": 0.0,
    "detailed_scores": [
        {
            "Variation 1": 0.0,
            "Variation 2": 0.0,
            "Variation 3": 0.0,
            "Variation 4": 0.0,
            "Variation 5": 0.0,
            "Variation 6": 0.0,
            "Variation 7": 0.0,
            "Variation 8": 0.0,
            "Variation 9": 0.0,
            "Variation 10": 0.0
        }
    ],
    "trace": {
        "prompts": [
            "Does the patient show signs of a rib fracture on the chest X-ray? Please choose from the following two options: [yes, no]\n<image>"
        ],
        "responses": [
            [
                "yes",
                "yes",
                "yes",
                "yes",
                "yes",
                "yes",
                "yes",
                "yes",
                "yes",
                "yes",
                "yes"
            ]
        ],
        "logprob_matrices": [
            [
                [
                    -6.46875,
                    -6.46875,
                    -6.46875,
                    -6.46875,
                    -6.46875,
                    -6.46875,
                    -6.46875,
                    -6.46875,
                    -6.46875,
                    -6.46875,
                    -6.46875
                ],
                [
                    -6.53125,
                    -6.53125,
                    -6.53125,
                    -6.53125,
                    -6.53125,
                    -6.53125,
                    -6.53125,
                    -6.53125,
                    -6.53125,
                    -6.53125,
                    -6.53125
                ],
                [
                    -6.46875,
                    -6.46875,
                    -6.46875,
                    -6.46875,
                    -6.46875,
                    -6.46875,
                    -6.46875,
                    -6.46875,
                    -6.46875,
                    -6.46875,
                    -6.46875
                ],
                [
                    -7.5,
                    -7.5,
                    -7.5,
                    -7.5,
                    -7.5,
                    -7.5,
                    -7.5,
                    -7.5,
                    -7.5,
                    -7.5,
                    -7.5
                ],
                [
                    -7.40625,
                    -7.40625,
                    -7.40625,
                    -7.40625,
                    -7.40625,
                    -7.40625,
                    -7.40625,
                    -7.40625,
                    -7.40625,
                    -7.40625,
                    -7.40625
                ],
                [
                    -5.78125,
                    -5.78125,
                    -5.78125,
                    -5.78125,
                    -5.78125,
                    -5.78125,
                    -5.78125,
                    -5.78125,
                    -5.78125,
                    -5.78125,
                    -5.78125
                ],
                [
                    -6.9375,
                    -6.9375,
                    -6.9375,
                    -6.9375,
                    -6.9375,
                    -6.9375,
                    -6.9375,
                    -6.9375,
                    -6.9375,
                    -6.9375,
                    -6.9375
                ],
                [
                    -4.78125,
                    -4.78125,
                    -4.78125,
                    -4.78125,
                    -4.78125,
                    -4.78125,
                    -4.78125,
                    -4.78125,
                    -4.78125,
                    -4.78125,
                    -4.78125
                ],
                [
                    -6.90625,
                    -6.90625,
                    -6.90625,
                    -6.90625,
                    -6.90625,
                    -6.90625,
                    -6.90625,
                    -6.90625,
                    -6.90625,
                    -6.90625,
                    -6.90625
                ],
                [
                    -6.78125,
                    -6.78125,
                    -6.78125,
                    -6.78125,
                    -6.78125,
                    -6.78125,
                    -6.78125,
                    -6.78125,
                    -6.78125,
                    -6.78125,
                    -6.78125
                ],
                [
                    -5.71875,
                    -5.71875,
                    -5.71875,
                    -5.71875,
                    -5.71875,
                    -5.71875,
                    -5.71875,
                    -5.71875,
                    -5.71875,
                    -5.71875,
                    -5.71875
                ]
            ]
        ],
        "prompt_sensitivities": [
            0.0
        ],
        "posix": 0.0
    }
}