{
    "file_name": "question_283_variants.json",
    "overall_posix": 0.02572083307428633,
    "detailed_scores": [
        {
            "Variation 1": 0.1575902328816043,
            "Variation 2": 0.1575902328816043,
            "Variation 3": 0.1575902328816043,
            "Variation 4": 0.1575902328816043,
            "Variation 5": 0.1575902328816043,
            "Variation 6": 0.1575902328816043,
            "Variation 7": 0.1575902328816043,
            "Variation 8": 0.1575902328816043,
            "Variation 9": 0.1575902328816043,
            "Variation 10": 0.1575902328816043
        }
    ],
    "trace": {
        "prompts": [
            "Is there any mention of a pneumothorax in the chest X-ray findings? Please choose from the following two options: [yes, no]\n<image>"
        ],
        "responses": [
            [
                "No, there is no mention of a pneumothorax in the chest X-ray findings. ",
                "The chest X-ray findings do not mention a pneumothorax. ",
                "The chest X-ray findings do not mention a pneumothorax. ",
                "The chest X-ray findings do not mention a pneumothorax. ",
                "The chest X-ray findings do not mention a pneumothorax. ",
                "The chest X-ray findings do not mention a pneumothorax. ",
                "The chest X-ray findings do not mention a pneumothorax. ",
                "The chest X-ray findings do not mention a pneumothorax. ",
                "The chest X-ray findings do not mention a pneumothorax. ",
                "The chest X-ray findings do not mention a pneumothorax. ",
                "The chest X-ray findings do not mention a pneumothorax. "
            ]
        ],
        "logprob_matrices": [
            [
                [
                    -40.196024256693335,
                    -43.190238681443816,
                    -43.190238681443816,
                    -43.190238681443816,
                    -43.190238681443816,
                    -43.190238681443816,
                    -43.190238681443816,
                    -43.190238681443816,
                    -43.190238681443816,
                    -43.190238681443816,
                    -43.190238681443816
                ],
                [
                    -40.774075279633365,
                    -43.85183980182887,
                    -43.85183980182887,
                    -43.85183980182887,
                    -43.85183980182887,
                    -43.85183980182887,
                    -43.85183980182887,
                    -43.85183980182887,
                    -43.85183980182887,
                    -43.85183980182887,
                    -43.85183980182887
                ],
                [
                    -41.11642595580619,
                    -44.015498455392844,
                    -44.015498455392844,
                    -44.015498455392844,
                    -44.015498455392844,
                    -44.015498455392844,
                    -44.015498455392844,
                    -44.015498455392844,
                    -44.015498455392844,
                    -44.015498455392844,
                    -44.015498455392844
                ],
                [
                    -41.48769435452036,
                    -44.34290272789235,
                    -44.34290272789235,
                    -44.34290272789235,
                    -44.34290272789235,
                    -44.34290272789235,
                    -44.34290272789235,
                    -44.34290272789235,
                    -44.34290272789235,
                    -44.34290272789235,
                    -44.34290272789235
                ],
                [
                    -41.11642595580619,
                    -44.015498455392844,
                    -44.015498455392844,
                    -44.015498455392844,
                    -44.015498455392844,
                    -44.015498455392844,
                    -44.015498455392844,
                    -44.015498455392844,
                    -44.015498455392844,
                    -44.015498455392844,
                    -44.015498455392844
                ],
                [
                    -40.297216923356444,
                    -43.47205747794192,
                    -43.47205747794192,
                    -43.47205747794192,
                    -43.47205747794192,
                    -43.47205747794192,
                    -43.47205747794192,
                    -43.47205747794192,
                    -43.47205747794192,
                    -43.47205747794192,
                    -43.47205747794192
                ],
                [
                    -40.53849109996244,
                    -43.34118034148037,
                    -43.34118034148037,
                    -43.34118034148037,
                    -43.34118034148037,
                    -43.34118034148037,
                    -43.34118034148037,
                    -43.34118034148037,
                    -43.34118034148037,
                    -43.34118034148037,
                    -43.34118034148037
                ],
                [
                    -40.598052941681516,
                    -43.43130906197166,
                    -43.43130906197166,
                    -43.43130906197166,
                    -43.43130906197166,
                    -43.43130906197166,
                    -43.43130906197166,
                    -43.43130906197166,
                    -43.43130906197166,
                    -43.43130906197166,
                    -43.43130906197166
                ],
                [
                    -40.890990488789924,
                    -44.03823952103994,
                    -44.03823952103994,
                    -44.03823952103994,
                    -44.03823952103994,
                    -44.03823952103994,
                    -44.03823952103994,
                    -44.03823952103994,
                    -44.03823952103994,
                    -44.03823952103994,
                    -44.03823952103994
                ],
                [
                    -40.49533281030162,
                    -43.83008190224109,
                    -43.83008190224109,
                    -43.83008190224109,
                    -43.83008190224109,
                    -43.83008190224109,
                    -43.83008190224109,
                    -43.83008190224109,
                    -43.83008190224109,
                    -43.83008190224109,
                    -43.83008190224109
                ],
                [
                    -40.25790070728951,
                    -43.315342196496545,
                    -43.315342196496545,
                    -43.315342196496545,
                    -43.315342196496545,
                    -43.315342196496545,
                    -43.315342196496545,
                    -43.315342196496545,
                    -43.315342196496545,
                    -43.315342196496545,
                    -43.315342196496545
                ]
            ]
        ],
        "prompt_sensitivities": [
            0.02572083307428633
        ],
        "posix": 0.02572083307428633
    }
}