{
    "file_name": "question_305_variants.json",
    "overall_posix": 0.007017000173583793,
    "detailed_scores": [
        {
            "Variation 1": 0.0,
            "Variation 2": 0.0,
            "Variation 3": 0.0,
            "Variation 4": 0.0,
            "Variation 5": 0.07265421296105501,
            "Variation 6": 0.0,
            "Variation 7": 0.0,
            "Variation 8": 0.0,
            "Variation 9": 0.0,
            "Variation 10": 0.0
        }
    ],
    "trace": {
        "prompts": [
            "Is there any evidence of pneumothorax on the chest X-ray? Please choose from the following two options: [yes, no]\n<image>"
        ],
        "responses": [
            [
                "The chest x-ray does not show any evidence of pneumothorax. ",
                "The chest x-ray does not show any evidence of pneumothorax. ",
                "The chest x-ray does not show any evidence of pneumothorax. ",
                "The chest x-ray does not show any evidence of pneumothorax. ",
                "The chest x-ray does not show any evidence of pneumothorax. ",
                "The chest X-ray does not show any evidence of pneumothorax. ",
                "The chest x-ray does not show any evidence of pneumothorax. ",
                "The chest x-ray does not show any evidence of pneumothorax. ",
                "The chest x-ray does not show any evidence of pneumothorax. ",
                "The chest x-ray does not show any evidence of pneumothorax. ",
                "The chest x-ray does not show any evidence of pneumothorax. "
            ]
        ],
        "logprob_matrices": [
            [
                [
                    -41.158908637045556,
                    -41.158908637045556,
                    -41.158908637045556,
                    -41.158908637045556,
                    -41.158908637045556,
                    -42.611992896266656,
                    -41.158908637045556,
                    -41.158908637045556,
                    -41.158908637045556,
                    -41.158908637045556,
                    -41.158908637045556
                ],
                [
                    -41.962493154931735,
                    -41.962493154931735,
                    -41.962493154931735,
                    -41.962493154931735,
                    -41.962493154931735,
                    -43.20679608451201,
                    -41.962493154931735,
                    -41.962493154931735,
                    -41.962493154931735,
                    -41.962493154931735,
                    -41.962493154931735
                ],
                [
                    -41.532886038884385,
                    -41.532886038884385,
                    -41.532886038884385,
                    -41.532886038884385,
                    -41.532886038884385,
                    -42.217815406010686,
                    -41.532886038884385,
                    -41.532886038884385,
                    -41.532886038884385,
                    -41.532886038884385,
                    -41.532886038884385
                ],
                [
                    -41.60117250771111,
                    -41.60117250771111,
                    -41.60117250771111,
                    -41.60117250771111,
                    -41.60117250771111,
                    -42.94373796726495,
                    -41.60117250771111,
                    -41.60117250771111,
                    -41.60117250771111,
                    -41.60117250771111,
                    -41.60117250771111
                ],
                [
                    -41.33149988133289,
                    -41.33149988133289,
                    -41.33149988133289,
                    -41.33149988133289,
                    -41.33149988133289,
                    -42.812347227079044,
                    -41.33149988133289,
                    -41.33149988133289,
                    -41.33149988133289,
                    -41.33149988133289,
                    -41.33149988133289
                ],
                [
                    -41.325655434888745,
                    -41.325655434888745,
                    -41.325655434888745,
                    -41.325655434888745,
                    -41.325655434888745,
                    -41.77565413795628,
                    -41.325655434888745,
                    -41.325655434888745,
                    -41.325655434888745,
                    -41.325655434888745,
                    -41.325655434888745
                ],
                [
                    -41.2715931787194,
                    -41.2715931787194,
                    -41.2715931787194,
                    -41.2715931787194,
                    -41.2715931787194,
                    -42.306344233712025,
                    -41.2715931787194,
                    -41.2715931787194,
                    -41.2715931787194,
                    -41.2715931787194,
                    -41.2715931787194
                ],
                [
                    -41.8962502771891,
                    -41.8962502771891,
                    -41.8962502771891,
                    -41.8962502771891,
                    -41.8962502771891,
                    -42.55978658202275,
                    -41.8962502771891,
                    -41.8962502771891,
                    -41.8962502771891,
                    -41.8962502771891,
                    -41.8962502771891
                ],
                [
                    -42.12482672414956,
                    -42.12482672414956,
                    -42.12482672414956,
                    -42.12482672414956,
                    -42.12482672414956,
                    -43.53937665965577,
                    -42.12482672414956,
                    -42.12482672414956,
                    -42.12482672414956,
                    -42.12482672414956,
                    -42.12482672414956
                ],
                [
                    -41.80977103717805,
                    -41.80977103717805,
                    -41.80977103717805,
                    -41.80977103717805,
                    -41.80977103717805,
                    -42.73178955469848,
                    -41.80977103717805,
                    -41.80977103717805,
                    -41.80977103717805,
                    -41.80977103717805,
                    -41.80977103717805
                ],
                [
                    -41.90607807910044,
                    -41.90607807910044,
                    -41.90607807910044,
                    -41.90607807910044,
                    -41.90607807910044,
                    -42.602906256228835,
                    -41.90607807910044,
                    -41.90607807910044,
                    -41.90607807910044,
                    -41.90607807910044,
                    -41.90607807910044
                ]
            ]
        ],
        "prompt_sensitivities": [
            0.007017000173583793
        ],
        "posix": 0.007017000173583793
    }
}