{
    "file_name": "question_351_variants.json",
    "overall_posix": 0.005307822448003503,
    "detailed_scores": [
        {
            "Variation 1": 0.0,
            "Variation 2": 0.0,
            "Variation 3": 0.0,
            "Variation 4": 0.0,
            "Variation 5": 0.05901702359384011,
            "Variation 6": 0.0,
            "Variation 7": 0.0,
            "Variation 8": 0.0,
            "Variation 9": 0.0,
            "Variation 10": 0.0
        }
    ],
    "trace": {
        "prompts": [
            "Is there evidence of a pneumothorax on the chest X-ray? Please choose from the following two options: [yes, no]\n<image>"
        ],
        "responses": [
            [
                "The chest x-ray does not show any evidence of a pneumothorax. ",
                "The chest x-ray does not show any evidence of a pneumothorax. ",
                "The chest x-ray does not show any evidence of a pneumothorax. ",
                "The chest x-ray does not show any evidence of a pneumothorax. ",
                "The chest x-ray does not show any evidence of a pneumothorax. ",
                "The chest X-ray does not show any evidence of a pneumothorax. ",
                "The chest x-ray does not show any evidence of a pneumothorax. ",
                "The chest x-ray does not show any evidence of a pneumothorax. ",
                "The chest x-ray does not show any evidence of a pneumothorax. ",
                "The chest x-ray does not show any evidence of a pneumothorax. ",
                "The chest x-ray does not show any evidence of a pneumothorax. "
            ]
        ],
        "logprob_matrices": [
            [
                [
                    -41.483858117385125,
                    -41.483858117385125,
                    -41.483858117385125,
                    -41.483858117385125,
                    -41.483858117385125,
                    -42.72321561285577,
                    -41.483858117385125,
                    -41.483858117385125,
                    -41.483858117385125,
                    -41.483858117385125,
                    -41.483858117385125
                ],
                [
                    -41.82893567218457,
                    -41.82893567218457,
                    -41.82893567218457,
                    -41.82893567218457,
                    -41.82893567218457,
                    -42.6776312577681,
                    -41.82893567218457,
                    -41.82893567218457,
                    -41.82893567218457,
                    -41.82893567218457,
                    -41.82893567218457
                ],
                [
                    -42.08837752270438,
                    -42.08837752270438,
                    -42.08837752270438,
                    -42.08837752270438,
                    -42.08837752270438,
                    -43.238652126427496,
                    -42.08837752270438,
                    -42.08837752270438,
                    -42.08837752270438,
                    -42.08837752270438,
                    -42.08837752270438
                ],
                [
                    -42.08837752270438,
                    -42.08837752270438,
                    -42.08837752270438,
                    -42.08837752270438,
                    -42.08837752270438,
                    -43.238652126427496,
                    -42.08837752270438,
                    -42.08837752270438,
                    -42.08837752270438,
                    -42.08837752270438,
                    -42.08837752270438
                ],
                [
                    -41.861681851690264,
                    -41.861681851690264,
                    -41.861681851690264,
                    -41.861681851690264,
                    -41.861681851690264,
                    -42.87441947617344,
                    -41.861681851690264,
                    -41.861681851690264,
                    -41.861681851690264,
                    -41.861681851690264,
                    -41.861681851690264
                ],
                [
                    -41.84946969179873,
                    -41.84946969179873,
                    -41.84946969179873,
                    -41.84946969179873,
                    -41.84946969179873,
                    -42.06718890463583,
                    -41.84946969179873,
                    -41.84946969179873,
                    -41.84946969179873,
                    -41.84946969179873,
                    -41.84946969179873
                ],
                [
                    -42.61021326591185,
                    -42.61021326591185,
                    -42.61021326591185,
                    -42.61021326591185,
                    -42.61021326591185,
                    -43.777368822482856,
                    -42.61021326591185,
                    -42.61021326591185,
                    -42.61021326591185,
                    -42.61021326591185,
                    -42.61021326591185
                ],
                [
                    -42.06401237680609,
                    -42.06401237680609,
                    -42.06401237680609,
                    -42.06401237680609,
                    -42.06401237680609,
                    -43.159488710559685,
                    -42.06401237680609,
                    -42.06401237680609,
                    -42.06401237680609,
                    -42.06401237680609,
                    -42.06401237680609
                ],
                [
                    -41.7934312945049,
                    -41.7934312945049,
                    -41.7934312945049,
                    -41.7934312945049,
                    -41.7934312945049,
                    -42.48883424332462,
                    -41.7934312945049,
                    -41.7934312945049,
                    -41.7934312945049,
                    -41.7934312945049,
                    -41.7934312945049
                ],
                [
                    -42.63508316140292,
                    -42.63508316140292,
                    -42.63508316140292,
                    -42.63508316140292,
                    -42.63508316140292,
                    -43.89362742491858,
                    -42.63508316140292,
                    -42.63508316140292,
                    -42.63508316140292,
                    -42.63508316140292,
                    -42.63508316140292
                ],
                [
                    -42.49634396720444,
                    -42.49634396720444,
                    -42.49634396720444,
                    -42.49634396720444,
                    -42.49634396720444,
                    -42.962302678078004,
                    -42.49634396720444,
                    -42.49634396720444,
                    -42.49634396720444,
                    -42.49634396720444,
                    -42.49634396720444
                ]
            ]
        ],
        "prompt_sensitivities": [
            0.005307822448003503
        ],
        "posix": 0.005307822448003503
    }
}