{
    "file_name": "question_55_variants.json",
    "overall_posix": 0.010820266234422884,
    "detailed_scores": [
        {
            "Variation 1": 0.0,
            "Variation 2": 0.0,
            "Variation 3": 0.0,
            "Variation 4": 0.048269777094969865,
            "Variation 5": 0.048269777094969865,
            "Variation 6": 0.0,
            "Variation 7": 0.048269777094969865,
            "Variation 8": 0.0,
            "Variation 9": 0.0,
            "Variation 10": 0.0
        }
    ],
    "trace": {
        "prompts": [
            "Does the chest X-ray show any signs of an enlarged heart? Please choose from the following two options: [yes, no]\n<image>"
        ],
        "responses": [
            [
                "The chest x-ray does not show any signs of an enlarged heart. ",
                "The chest x-ray does not show any signs of an enlarged heart. ",
                "The chest x-ray does not show any signs of an enlarged heart. ",
                "The chest x-ray does not show any signs of an enlarged heart. ",
                "The chest X-ray does not show any signs of an enlarged heart. ",
                "The chest X-ray does not show any signs of an enlarged heart. ",
                "The chest x-ray does not show any signs of an enlarged heart. ",
                "The chest X-ray does not show any signs of an enlarged heart. ",
                "The chest x-ray does not show any signs of an enlarged heart. ",
                "The chest x-ray does not show any signs of an enlarged heart. ",
                "The chest x-ray does not show any signs of an enlarged heart. "
            ]
        ],
        "logprob_matrices": [
            [
                [
                    -40.2456848368206,
                    -40.2456848368206,
                    -40.2456848368206,
                    -40.2456848368206,
                    -41.21108037872,
                    -41.21108037872,
                    -40.2456848368206,
                    -41.21108037872,
                    -40.2456848368206,
                    -40.2456848368206,
                    -40.2456848368206
                ],
                [
                    -40.71622910473479,
                    -40.71622910473479,
                    -40.71622910473479,
                    -40.71622910473479,
                    -41.33361813889451,
                    -41.33361813889451,
                    -40.71622910473479,
                    -41.33361813889451,
                    -40.71622910473479,
                    -40.71622910473479,
                    -40.71622910473479
                ],
                [
                    -41.775158350306356,
                    -41.775158350306356,
                    -41.775158350306356,
                    -41.775158350306356,
                    -42.75841058965352,
                    -42.75841058965352,
                    -41.775158350306356,
                    -42.75841058965352,
                    -41.775158350306356,
                    -41.775158350306356,
                    -41.775158350306356
                ],
                [
                    -40.22013005711415,
                    -40.22013005711415,
                    -40.22013005711415,
                    -40.22013005711415,
                    -40.9392451941103,
                    -40.9392451941103,
                    -40.22013005711415,
                    -40.9392451941103,
                    -40.22013005711415,
                    -40.22013005711415,
                    -40.22013005711415
                ],
                [
                    -40.49995423840983,
                    -40.49995423840983,
                    -40.49995423840983,
                    -40.49995423840983,
                    -40.587346796555266,
                    -40.587346796555266,
                    -40.49995423840983,
                    -40.587346796555266,
                    -40.49995423840983,
                    -40.49995423840983,
                    -40.49995423840983
                ],
                [
                    -40.39363072542801,
                    -40.39363072542801,
                    -40.39363072542801,
                    -40.39363072542801,
                    -40.58151700719236,
                    -40.58151700719236,
                    -40.39363072542801,
                    -40.58151700719236,
                    -40.39363072542801,
                    -40.39363072542801,
                    -40.39363072542801
                ],
                [
                    -40.86593358696291,
                    -40.86593358696291,
                    -40.86593358696291,
                    -40.86593358696291,
                    -41.60643150887927,
                    -41.60643150887927,
                    -40.86593358696291,
                    -41.60643150887927,
                    -40.86593358696291,
                    -40.86593358696291,
                    -40.86593358696291
                ],
                [
                    -40.894479554298414,
                    -40.894479554298414,
                    -40.894479554298414,
                    -40.894479554298414,
                    -41.2225132528406,
                    -41.2225132528406,
                    -40.894479554298414,
                    -41.2225132528406,
                    -40.894479554298414,
                    -40.894479554298414,
                    -40.894479554298414
                ],
                [
                    -40.83343398764737,
                    -40.83343398764737,
                    -40.83343398764737,
                    -40.83343398764737,
                    -41.68143544557961,
                    -41.68143544557961,
                    -40.83343398764737,
                    -41.68143544557961,
                    -40.83343398764737,
                    -40.83343398764737,
                    -40.83343398764737
                ],
                [
                    -40.76247525821509,
                    -40.76247525821509,
                    -40.76247525821509,
                    -40.76247525821509,
                    -41.59301471532808,
                    -41.59301471532808,
                    -40.76247525821509,
                    -41.59301471532808,
                    -40.76247525821509,
                    -40.76247525821509,
                    -40.76247525821509
                ],
                [
                    -40.958928720542644,
                    -40.958928720542644,
                    -40.958928720542644,
                    -40.958928720542644,
                    -41.58076640055015,
                    -41.58076640055015,
                    -40.958928720542644,
                    -41.58076640055015,
                    -40.958928720542644,
                    -40.958928720542644,
                    -40.958928720542644
                ]
            ]
        ],
        "prompt_sensitivities": [
            0.010820266234422884
        ],
        "posix": 0.010820266234422884
    }
}