{
    "file_name": "question_362_variants.json",
    "overall_posix": 0.0074248201546689985,
    "detailed_scores": [
        {
            "Variation 1": 0.0,
            "Variation 2": 0.0,
            "Variation 3": 0.0,
            "Variation 4": 0.0,
            "Variation 5": 0.0,
            "Variation 6": 0.0,
            "Variation 7": 0.0,
            "Variation 8": 0.0,
            "Variation 9": 0.07242891874187492,
            "Variation 10": 0.0
        }
    ],
    "trace": {
        "prompts": [
            "Is there a pneumothorax visible on the chest X-ray? Please choose from the following two options: [yes, no]\n<image>"
        ],
        "responses": [
            [
                "The chest x-ray does not show any signs of pneumothorax. ",
                "The chest x-ray does not show any signs of pneumothorax. ",
                "The chest x-ray does not show any signs of pneumothorax. ",
                "The chest x-ray does not show any signs of pneumothorax. ",
                "The chest x-ray does not show any signs of pneumothorax. ",
                "The chest x-ray does not show any signs of pneumothorax. ",
                "The chest x-ray does not show any signs of pneumothorax. ",
                "The chest x-ray does not show any signs of pneumothorax. ",
                "The chest x-ray does not show any signs of pneumothorax. ",
                "The chest X-ray does not show any signs of a pneumothorax. ",
                "The chest x-ray does not show any signs of pneumothorax. "
            ]
        ],
        "logprob_matrices": [
            [
                [
                    -42.517029528599096,
                    -42.517029528599096,
                    -42.517029528599096,
                    -42.517029528599096,
                    -42.517029528599096,
                    -42.517029528599096,
                    -42.517029528599096,
                    -42.517029528599096,
                    -42.517029528599096,
                    -44.03803682217847,
                    -42.517029528599096
                ],
                [
                    -42.76589418076276,
                    -42.76589418076276,
                    -42.76589418076276,
                    -42.76589418076276,
                    -42.76589418076276,
                    -42.76589418076276,
                    -42.76589418076276,
                    -42.76589418076276,
                    -42.76589418076276,
                    -44.455389467787825,
                    -42.76589418076276
                ],
                [
                    -42.89224735768096,
                    -42.89224735768096,
                    -42.89224735768096,
                    -42.89224735768096,
                    -42.89224735768096,
                    -42.89224735768096,
                    -42.89224735768096,
                    -42.89224735768096,
                    -42.89224735768096,
                    -44.26870733027084,
                    -42.89224735768096
                ],
                [
                    -43.261781822277044,
                    -43.261781822277044,
                    -43.261781822277044,
                    -43.261781822277044,
                    -43.261781822277044,
                    -43.261781822277044,
                    -43.261781822277044,
                    -43.261781822277044,
                    -43.261781822277044,
                    -44.90196882552675,
                    -43.261781822277044
                ],
                [
                    -43.33173508909624,
                    -43.33173508909624,
                    -43.33173508909624,
                    -43.33173508909624,
                    -43.33173508909624,
                    -43.33173508909624,
                    -43.33173508909624,
                    -43.33173508909624,
                    -43.33173508909624,
                    -44.34683974617877,
                    -43.33173508909624
                ],
                [
                    -42.706276999661554,
                    -42.706276999661554,
                    -42.706276999661554,
                    -42.706276999661554,
                    -42.706276999661554,
                    -42.706276999661554,
                    -42.706276999661554,
                    -42.706276999661554,
                    -42.706276999661554,
                    -44.34934903145174,
                    -42.706276999661554
                ],
                [
                    -43.21581579958968,
                    -43.21581579958968,
                    -43.21581579958968,
                    -43.21581579958968,
                    -43.21581579958968,
                    -43.21581579958968,
                    -43.21581579958968,
                    -43.21581579958968,
                    -43.21581579958968,
                    -44.46615757548295,
                    -43.21581579958968
                ],
                [
                    -43.21345322211221,
                    -43.21345322211221,
                    -43.21345322211221,
                    -43.21345322211221,
                    -43.21345322211221,
                    -43.21345322211221,
                    -43.21345322211221,
                    -43.21345322211221,
                    -43.21345322211221,
                    -44.99596397801946,
                    -43.21345322211221
                ],
                [
                    -43.79528208474824,
                    -43.79528208474824,
                    -43.79528208474824,
                    -43.79528208474824,
                    -43.79528208474824,
                    -43.79528208474824,
                    -43.79528208474824,
                    -43.79528208474824,
                    -43.79528208474824,
                    -45.507058994825854,
                    -43.79528208474824
                ],
                [
                    -42.84236092690355,
                    -42.84236092690355,
                    -42.84236092690355,
                    -42.84236092690355,
                    -42.84236092690355,
                    -42.84236092690355,
                    -42.84236092690355,
                    -42.84236092690355,
                    -42.84236092690355,
                    -43.094592396256246,
                    -42.84236092690355
                ],
                [
                    -43.49460972416148,
                    -43.49460972416148,
                    -43.49460972416148,
                    -43.49460972416148,
                    -43.49460972416148,
                    -43.49460972416148,
                    -43.49460972416148,
                    -43.49460972416148,
                    -43.49460972416148,
                    -44.367558166048696,
                    -43.49460972416148
                ]
            ]
        ],
        "prompt_sensitivities": [
            0.0074248201546689985
        ],
        "posix": 0.0074248201546689985
    }
}