{
    "file_name": "question_333_variants.json",
    "overall_posix": 0.0,
    "detailed_scores": [
        {
            "Variation 1": 0.0,
            "Variation 2": 0.0,
            "Variation 3": 0.0,
            "Variation 4": 0.0,
            "Variation 5": 0.0,
            "Variation 6": 0.0,
            "Variation 7": 0.0,
            "Variation 8": 0.0,
            "Variation 9": 0.0,
            "Variation 10": 0.0
        }
    ],
    "trace": {
        "prompts": [
            "Has the chest X-ray detected any lung masses? Please choose from the following two options: [yes, no]\n<image>"
        ],
        "responses": [
            [
                "The chest X-ray did not detect any lung masses. ",
                "The chest X-ray did not detect any lung masses. ",
                "The chest X-ray did not detect any lung masses. ",
                "The chest X-ray did not detect any lung masses. ",
                "The chest X-ray did not detect any lung masses. ",
                "The chest X-ray did not detect any lung masses. ",
                "The chest X-ray did not detect any lung masses. ",
                "The chest X-ray did not detect any lung masses. ",
                "The chest X-ray did not detect any lung masses. ",
                "The chest X-ray did not detect any lung masses. ",
                "The chest X-ray did not detect any lung masses. "
            ]
        ],
        "logprob_matrices": [
            [
                [
                    -41.11540854962732,
                    -41.11540854962732,
                    -41.11540854962732,
                    -41.11540854962732,
                    -41.11540854962732,
                    -41.11540854962732,
                    -41.11540854962732,
                    -41.11540854962732,
                    -41.11540854962732,
                    -41.11540854962732,
                    -41.11540854962732
                ],
                [
                    -42.46943574094257,
                    -42.46943574094257,
                    -42.46943574094257,
                    -42.46943574094257,
                    -42.46943574094257,
                    -42.46943574094257,
                    -42.46943574094257,
                    -42.46943574094257,
                    -42.46943574094257,
                    -42.46943574094257,
                    -42.46943574094257
                ],
                [
                    -41.2631563477953,
                    -41.2631563477953,
                    -41.2631563477953,
                    -41.2631563477953,
                    -41.2631563477953,
                    -41.2631563477953,
                    -41.2631563477953,
                    -41.2631563477953,
                    -41.2631563477953,
                    -41.2631563477953,
                    -41.2631563477953
                ],
                [
                    -41.391109306394355,
                    -41.391109306394355,
                    -41.391109306394355,
                    -41.391109306394355,
                    -41.391109306394355,
                    -41.391109306394355,
                    -41.391109306394355,
                    -41.391109306394355,
                    -41.391109306394355,
                    -41.391109306394355,
                    -41.391109306394355
                ],
                [
                    -41.65273302004425,
                    -41.65273302004425,
                    -41.65273302004425,
                    -41.65273302004425,
                    -41.65273302004425,
                    -41.65273302004425,
                    -41.65273302004425,
                    -41.65273302004425,
                    -41.65273302004425,
                    -41.65273302004425,
                    -41.65273302004425
                ],
                [
                    -41.17005974878248,
                    -41.17005974878248,
                    -41.17005974878248,
                    -41.17005974878248,
                    -41.17005974878248,
                    -41.17005974878248,
                    -41.17005974878248,
                    -41.17005974878248,
                    -41.17005974878248,
                    -41.17005974878248,
                    -41.17005974878248
                ],
                [
                    -41.54411113290007,
                    -41.54411113290007,
                    -41.54411113290007,
                    -41.54411113290007,
                    -41.54411113290007,
                    -41.54411113290007,
                    -41.54411113290007,
                    -41.54411113290007,
                    -41.54411113290007,
                    -41.54411113290007,
                    -41.54411113290007
                ],
                [
                    -41.208310580736,
                    -41.208310580736,
                    -41.208310580736,
                    -41.208310580736,
                    -41.208310580736,
                    -41.208310580736,
                    -41.208310580736,
                    -41.208310580736,
                    -41.208310580736,
                    -41.208310580736,
                    -41.208310580736
                ],
                [
                    -41.05806170979031,
                    -41.05806170979031,
                    -41.05806170979031,
                    -41.05806170979031,
                    -41.05806170979031,
                    -41.05806170979031,
                    -41.05806170979031,
                    -41.05806170979031,
                    -41.05806170979031,
                    -41.05806170979031,
                    -41.05806170979031
                ],
                [
                    -41.538788150661276,
                    -41.538788150661276,
                    -41.538788150661276,
                    -41.538788150661276,
                    -41.538788150661276,
                    -41.538788150661276,
                    -41.538788150661276,
                    -41.538788150661276,
                    -41.538788150661276,
                    -41.538788150661276,
                    -41.538788150661276
                ],
                [
                    -39.96681114200965,
                    -39.96681114200965,
                    -39.96681114200965,
                    -39.96681114200965,
                    -39.96681114200965,
                    -39.96681114200965,
                    -39.96681114200965,
                    -39.96681114200965,
                    -39.96681114200965,
                    -39.96681114200965,
                    -39.96681114200965
                ]
            ]
        ],
        "prompt_sensitivities": [
            0.0
        ],
        "posix": 0.0
    }
}