{
    "file_name": "question_393_variants.json",
    "overall_posix": 0.0,
    "detailed_scores": [
        {
            "Variation 1": 0.0,
            "Variation 2": 0.0,
            "Variation 3": 0.0,
            "Variation 4": 0.0,
            "Variation 5": 0.0,
            "Variation 6": 0.0,
            "Variation 7": 0.0,
            "Variation 8": 0.0,
            "Variation 9": 0.0,
            "Variation 10": 0.0
        }
    ],
    "trace": {
        "prompts": [
            "Is there a visible pneumothorax on the chest X-ray? Please choose from the following two options: [yes, no]\n<image>"
        ],
        "responses": [
            [
                "The chest x-ray does not show any visible pneumothorax. ",
                "The chest x-ray does not show any visible pneumothorax. ",
                "The chest x-ray does not show any visible pneumothorax. ",
                "The chest x-ray does not show any visible pneumothorax. ",
                "The chest x-ray does not show any visible pneumothorax. ",
                "The chest x-ray does not show any visible pneumothorax. ",
                "The chest x-ray does not show any visible pneumothorax. ",
                "The chest x-ray does not show any visible pneumothorax. ",
                "The chest x-ray does not show any visible pneumothorax. ",
                "The chest x-ray does not show any visible pneumothorax. ",
                "The chest x-ray does not show any visible pneumothorax. "
            ]
        ],
        "logprob_matrices": [
            [
                [
                    -41.9380445015986,
                    -41.9380445015986,
                    -41.9380445015986,
                    -41.9380445015986,
                    -41.9380445015986,
                    -41.9380445015986,
                    -41.9380445015986,
                    -41.9380445015986,
                    -41.9380445015986,
                    -41.9380445015986,
                    -41.9380445015986
                ],
                [
                    -43.10083148966419,
                    -43.10083148966419,
                    -43.10083148966419,
                    -43.10083148966419,
                    -43.10083148966419,
                    -43.10083148966419,
                    -43.10083148966419,
                    -43.10083148966419,
                    -43.10083148966419,
                    -43.10083148966419,
                    -43.10083148966419
                ],
                [
                    -43.19533086372735,
                    -43.19533086372735,
                    -43.19533086372735,
                    -43.19533086372735,
                    -43.19533086372735,
                    -43.19533086372735,
                    -43.19533086372735,
                    -43.19533086372735,
                    -43.19533086372735,
                    -43.19533086372735,
                    -43.19533086372735
                ],
                [
                    -42.20517415335462,
                    -42.20517415335462,
                    -42.20517415335462,
                    -42.20517415335462,
                    -42.20517415335462,
                    -42.20517415335462,
                    -42.20517415335462,
                    -42.20517415335462,
                    -42.20517415335462,
                    -42.20517415335462,
                    -42.20517415335462
                ],
                [
                    -42.96136480458904,
                    -42.96136480458904,
                    -42.96136480458904,
                    -42.96136480458904,
                    -42.96136480458904,
                    -42.96136480458904,
                    -42.96136480458904,
                    -42.96136480458904,
                    -42.96136480458904,
                    -42.96136480458904,
                    -42.96136480458904
                ],
                [
                    -42.955679660987016,
                    -42.955679660987016,
                    -42.955679660987016,
                    -42.955679660987016,
                    -42.955679660987016,
                    -42.955679660987016,
                    -42.955679660987016,
                    -42.955679660987016,
                    -42.955679660987016,
                    -42.955679660987016,
                    -42.955679660987016
                ],
                [
                    -42.28322372289858,
                    -42.28322372289858,
                    -42.28322372289858,
                    -42.28322372289858,
                    -42.28322372289858,
                    -42.28322372289858,
                    -42.28322372289858,
                    -42.28322372289858,
                    -42.28322372289858,
                    -42.28322372289858,
                    -42.28322372289858
                ],
                [
                    -42.1278522225291,
                    -42.1278522225291,
                    -42.1278522225291,
                    -42.1278522225291,
                    -42.1278522225291,
                    -42.1278522225291,
                    -42.1278522225291,
                    -42.1278522225291,
                    -42.1278522225291,
                    -42.1278522225291,
                    -42.1278522225291
                ],
                [
                    -42.44557635108595,
                    -42.44557635108595,
                    -42.44557635108595,
                    -42.44557635108595,
                    -42.44557635108595,
                    -42.44557635108595,
                    -42.44557635108595,
                    -42.44557635108595,
                    -42.44557635108595,
                    -42.44557635108595,
                    -42.44557635108595
                ],
                [
                    -42.636925906641636,
                    -42.636925906641636,
                    -42.636925906641636,
                    -42.636925906641636,
                    -42.636925906641636,
                    -42.636925906641636,
                    -42.636925906641636,
                    -42.636925906641636,
                    -42.636925906641636,
                    -42.636925906641636,
                    -42.636925906641636
                ],
                [
                    -42.882806255721334,
                    -42.882806255721334,
                    -42.882806255721334,
                    -42.882806255721334,
                    -42.882806255721334,
                    -42.882806255721334,
                    -42.882806255721334,
                    -42.882806255721334,
                    -42.882806255721334,
                    -42.882806255721334,
                    -42.882806255721334
                ]
            ]
        ],
        "prompt_sensitivities": [
            0.0
        ],
        "posix": 0.0
    }
}