{
    "file_name": "question_214_variants.json",
    "overall_posix": 0.0168202704075373,
    "detailed_scores": [
        {
            "Variation 1": 0.054725438267222246,
            "Variation 2": 0.054725438267222246,
            "Variation 3": 0.054725438267222246,
            "Variation 4": 0.054725438267222246,
            "Variation 5": 0.054725438267222246,
            "Variation 6": 0.054725438267222246,
            "Variation 7": 0.054725438267222246,
            "Variation 8": 0.054725438267222246,
            "Variation 9": 0.13934339641508253,
            "Variation 10": 0.054725438267222246
        }
    ],
    "trace": {
        "prompts": [
            "Is there any focal consolidation present on the chest X-ray? Please choose from the following two options: [yes, no]\n<image>"
        ],
        "responses": [
            [
                "No, there is no focal consolidation present on the chest X-ray. ",
                "The chest x-ray does not show any focal consolidation. ",
                "The chest x-ray does not show any focal consolidation. ",
                "The chest x-ray does not show any focal consolidation. ",
                "The chest x-ray does not show any focal consolidation. ",
                "The chest x-ray does not show any focal consolidation. ",
                "The chest x-ray does not show any focal consolidation. ",
                "The chest x-ray does not show any focal consolidation. ",
                "The chest x-ray does not show any focal consolidation. ",
                "The chest X-ray does not show any focal consolidation. ",
                "The chest x-ray does not show any focal consolidation. "
            ]
        ],
        "logprob_matrices": [
            [
                [
                    -40.58094636951762,
                    -41.5112788200604,
                    -41.5112788200604,
                    -41.5112788200604,
                    -41.5112788200604,
                    -41.5112788200604,
                    -41.5112788200604,
                    -41.5112788200604,
                    -41.5112788200604,
                    -42.94978410857402,
                    -41.5112788200604
                ],
                [
                    -40.954377039689234,
                    -41.31792015714382,
                    -41.31792015714382,
                    -41.31792015714382,
                    -41.31792015714382,
                    -41.31792015714382,
                    -41.31792015714382,
                    -41.31792015714382,
                    -41.31792015714382,
                    -42.44428813355444,
                    -41.31792015714382
                ],
                [
                    -41.35603137625117,
                    -41.94808617362287,
                    -41.94808617362287,
                    -41.94808617362287,
                    -41.94808617362287,
                    -41.94808617362287,
                    -41.94808617362287,
                    -41.94808617362287,
                    -41.94808617362287,
                    -43.210790190636544,
                    -41.94808617362287
                ],
                [
                    -40.883104816582545,
                    -41.75535405211485,
                    -41.75535405211485,
                    -41.75535405211485,
                    -41.75535405211485,
                    -41.75535405211485,
                    -41.75535405211485,
                    -41.75535405211485,
                    -41.75535405211485,
                    -42.401764060585265,
                    -41.75535405211485
                ],
                [
                    -41.08649047954236,
                    -41.357814830369534,
                    -41.357814830369534,
                    -41.357814830369534,
                    -41.357814830369534,
                    -41.357814830369534,
                    -41.357814830369534,
                    -41.357814830369534,
                    -41.357814830369534,
                    -42.77579324834733,
                    -41.357814830369534
                ],
                [
                    -40.70818965277522,
                    -41.55117483011054,
                    -41.55117483011054,
                    -41.55117483011054,
                    -41.55117483011054,
                    -41.55117483011054,
                    -41.55117483011054,
                    -41.55117483011054,
                    -41.55117483011054,
                    -42.8074264120296,
                    -41.55117483011054
                ],
                [
                    -40.63960802453096,
                    -41.776994125915735,
                    -41.776994125915735,
                    -41.776994125915735,
                    -41.776994125915735,
                    -41.776994125915735,
                    -41.776994125915735,
                    -41.776994125915735,
                    -41.776994125915735,
                    -42.91043003976847,
                    -41.776994125915735
                ],
                [
                    -40.647618968975166,
                    -41.409294401886655,
                    -41.409294401886655,
                    -41.409294401886655,
                    -41.409294401886655,
                    -41.409294401886655,
                    -41.409294401886655,
                    -41.409294401886655,
                    -41.409294401886655,
                    -42.28811915296501,
                    -41.409294401886655
                ],
                [
                    -40.19664686682847,
                    -41.31646488703336,
                    -41.31646488703336,
                    -41.31646488703336,
                    -41.31646488703336,
                    -41.31646488703336,
                    -41.31646488703336,
                    -41.31646488703336,
                    -41.31646488703336,
                    -42.883390732776206,
                    -41.31646488703336
                ],
                [
                    -40.08832887853339,
                    -41.511575986271055,
                    -41.511575986271055,
                    -41.511575986271055,
                    -41.511575986271055,
                    -41.511575986271055,
                    -41.511575986271055,
                    -41.511575986271055,
                    -41.511575986271055,
                    -41.86527863280389,
                    -41.511575986271055
                ],
                [
                    -41.73180446267236,
                    -42.07209391734796,
                    -42.07209391734796,
                    -42.07209391734796,
                    -42.07209391734796,
                    -42.07209391734796,
                    -42.07209391734796,
                    -42.07209391734796,
                    -42.07209391734796,
                    -43.445413328567156,
                    -42.07209391734796
                ]
            ]
        ],
        "prompt_sensitivities": [
            0.0168202704075373
        ],
        "posix": 0.0168202704075373
    }
}