{
    "file_name": "question_157_variants.json",
    "overall_posix": 0.07710307255857887,
    "detailed_scores": [
        {
            "Variation 1": 0.054017745410366094,
            "Variation 2": 0.08797526734892494,
            "Variation 3": 0.08797526734892494,
            "Variation 4": 0.0,
            "Variation 5": 0.054017745410366094,
            "Variation 6": 0.0,
            "Variation 7": 0.08797526734892494,
            "Variation 8": 0.054017745410366094,
            "Variation 9": 0.054017745410366094,
            "Variation 10": 0.08797526734892494
        }
    ],
    "trace": {
        "prompts": [
            "Does the patient have a pleural effusion according to the chest X-ray? Please choose from the following two options: [yes, no]\n<image>"
        ],
        "responses": [
            [
                "The chest x-ray does not show any pleural effusion. ",
                "The chest X-ray does not show any pleural effusion. ",
                "The patient does not have a pleural effusion according to the chest X-ray. ",
                "The patient does not have a pleural effusion according to the chest X-ray. ",
                "The chest x-ray does not show any pleural effusion. ",
                "The chest X-ray does not show any pleural effusion. ",
                "The chest x-ray does not show any pleural effusion. ",
                "The patient does not have a pleural effusion according to the chest X-ray. ",
                "The chest X-ray does not show any pleural effusion. ",
                "The chest X-ray does not show any pleural effusion. ",
                "The patient does not have a pleural effusion according to the chest X-ray. "
            ]
        ],
        "logprob_matrices": [
            [
                [
                    -43.60825260544152,
                    -44.526554277417745,
                    -41.7607719911141,
                    -41.7607719911141,
                    -43.60825260544152,
                    -44.526554277417745,
                    -43.60825260544152,
                    -41.7607719911141,
                    -44.526554277417745,
                    -44.526554277417745,
                    -41.7607719911141
                ],
                [
                    -43.33860835264568,
                    -43.95068095379429,
                    -41.163669995014516,
                    -41.163669995014516,
                    -43.33860835264568,
                    -43.95068095379429,
                    -43.33860835264568,
                    -41.163669995014516,
                    -43.95068095379429,
                    -43.95068095379429,
                    -41.163669995014516
                ],
                [
                    -43.559822449948115,
                    -44.15669961392996,
                    -41.31077819815005,
                    -41.31077819815005,
                    -43.559822449948115,
                    -44.15669961392996,
                    -43.559822449948115,
                    -41.31077819815005,
                    -44.15669961392996,
                    -44.15669961392996,
                    -41.31077819815005
                ],
                [
                    -43.64923747383,
                    -43.710388931646776,
                    -40.80416819380321,
                    -40.80416819380321,
                    -43.64923747383,
                    -43.710388931646776,
                    -43.64923747383,
                    -40.80416819380321,
                    -43.710388931646776,
                    -43.710388931646776,
                    -40.80416819380321
                ],
                [
                    -43.06988790876858,
                    -43.76835162650423,
                    -41.04198909520301,
                    -41.04198909520301,
                    -43.06988790876858,
                    -43.76835162650423,
                    -43.06988790876858,
                    -41.04198909520301,
                    -43.76835162650423,
                    -43.76835162650423,
                    -41.04198909520301
                ],
                [
                    -42.998035873883055,
                    -43.27748347982288,
                    -40.4713230323614,
                    -40.4713230323614,
                    -42.998035873883055,
                    -43.27748347982288,
                    -42.998035873883055,
                    -40.4713230323614,
                    -43.27748347982288,
                    -43.27748347982288,
                    -40.4713230323614
                ],
                [
                    -44.15294716729113,
                    -44.84836608064779,
                    -42.318526060013255,
                    -42.318526060013255,
                    -44.15294716729113,
                    -44.84836608064779,
                    -44.15294716729113,
                    -42.318526060013255,
                    -44.84836608064779,
                    -44.84836608064779,
                    -42.318526060013255
                ],
                [
                    -43.812289393648825,
                    -44.3440558791699,
                    -41.414579323897215,
                    -41.414579323897215,
                    -43.812289393648825,
                    -44.3440558791699,
                    -43.812289393648825,
                    -41.414579323897215,
                    -44.3440558791699,
                    -44.3440558791699,
                    -41.414579323897215
                ],
                [
                    -43.518669018631044,
                    -43.47647155435243,
                    -41.108435391022795,
                    -41.108435391022795,
                    -43.518669018631044,
                    -43.47647155435243,
                    -43.518669018631044,
                    -41.108435391022795,
                    -43.47647155435243,
                    -43.47647155435243,
                    -41.108435391022795
                ],
                [
                    -43.531705671612144,
                    -44.23464494363725,
                    -41.52076858212854,
                    -41.52076858212854,
                    -43.531705671612144,
                    -44.23464494363725,
                    -43.531705671612144,
                    -41.52076858212854,
                    -44.23464494363725,
                    -44.23464494363725,
                    -41.52076858212854
                ],
                [
                    -44.11444409016622,
                    -44.41239719235,
                    -41.460949343575294,
                    -41.460949343575294,
                    -44.11444409016622,
                    -44.41239719235,
                    -44.11444409016622,
                    -41.460949343575294,
                    -44.41239719235,
                    -44.41239719235,
                    -41.460949343575294
                ]
            ]
        ],
        "prompt_sensitivities": [
            0.07710307255857887
        ],
        "posix": 0.07710307255857887
    }
}