{
    "file_name": "question_114_variants.json",
    "overall_posix": 0.02882747670730054,
    "detailed_scores": [
        {
            "Variation 1": 0.027471613619899433,
            "Variation 2": 0.04566389415857509,
            "Variation 3": 0.027471613619899433,
            "Variation 4": 0.04566389415857509,
            "Variation 5": 0.027471613619899433,
            "Variation 6": 0.04566389415857509,
            "Variation 7": 0.15791141010104562,
            "Variation 8": 0.04566389415857509,
            "Variation 9": 0.04566389415857509,
            "Variation 10": 0.04566389415857509
        }
    ],
    "trace": {
        "prompts": [
            "Is there a visible calcified granuloma in the left lung base on the X-ray? Please choose from the following two options: [yes, no]\n<image>"
        ],
        "responses": [
            [
                "Yes, the chest X-ray shows a calcified granuloma in the left lung base. ",
                "Yes, the chest X-ray shows a visible calcified granuloma in the left lung base. ",
                "Yes, the X-ray shows a visible calcified granuloma in the left lung base. ",
                "Yes, the chest X-ray shows a visible calcified granuloma in the left lung base. ",
                "Yes, the X-ray shows a visible calcified granuloma in the left lung base. ",
                "Yes, the chest X-ray shows a visible calcified granuloma in the left lung base. ",
                "Yes, the X-ray shows a visible calcified granuloma in the left lung base. ",
                "The chest X-ray does not show any visible calcified granuloma in the left lung base. ",
                "Yes, the X-ray shows a visible calcified granuloma in the left lung base. ",
                "Yes, the X-ray shows a visible calcified granuloma in the left lung base. ",
                "Yes, the X-ray shows a visible calcified granuloma in the left lung base. "
            ]
        ],
        "logprob_matrices": [
            [
                [
                    -41.76739955585026,
                    -42.42671828272785,
                    -42.81766912149749,
                    -42.42671828272785,
                    -42.81766912149749,
                    -42.42671828272785,
                    -42.81766912149749,
                    -45.557273398275356,
                    -42.81766912149749,
                    -42.81766912149749,
                    -42.81766912149749
                ],
                [
                    -42.78490821666276,
                    -42.63040305987664,
                    -43.13995820187478,
                    -42.63040305987664,
                    -43.13995820187478,
                    -42.63040305987664,
                    -43.13995820187478,
                    -45.239567770454414,
                    -43.13995820187478,
                    -43.13995820187478,
                    -43.13995820187478
                ],
                [
                    -41.82537568649934,
                    -41.73210114648634,
                    -42.079034814276326,
                    -41.73210114648634,
                    -42.079034814276326,
                    -41.73210114648634,
                    -42.079034814276326,
                    -44.593586731925825,
                    -42.079034814276326,
                    -42.079034814276326,
                    -42.079034814276326
                ],
                [
                    -42.48449167850379,
                    -42.486739447747766,
                    -42.86194710995909,
                    -42.486739447747766,
                    -42.86194710995909,
                    -42.486739447747766,
                    -42.86194710995909,
                    -44.822347670231466,
                    -42.86194710995909,
                    -42.86194710995909,
                    -42.86194710995909
                ],
                [
                    -42.429878306994965,
                    -42.293711742800895,
                    -42.59442656188543,
                    -42.293711742800895,
                    -42.59442656188543,
                    -42.293711742800895,
                    -42.59442656188543,
                    -45.17702362846376,
                    -42.59442656188543,
                    -42.59442656188543,
                    -42.59442656188543
                ],
                [
                    -42.6892849782904,
                    -42.658801815809,
                    -43.166583076104814,
                    -42.658801815809,
                    -43.166583076104814,
                    -42.658801815809,
                    -43.166583076104814,
                    -45.34277912930247,
                    -43.166583076104814,
                    -43.166583076104814,
                    -43.166583076104814
                ],
                [
                    -42.447346992434746,
                    -42.41798521143659,
                    -42.68978892370791,
                    -42.41798521143659,
                    -42.68978892370791,
                    -42.41798521143659,
                    -42.68978892370791,
                    -45.00467945046694,
                    -42.68978892370791,
                    -42.68978892370791,
                    -42.68978892370791
                ],
                [
                    -42.15929500128607,
                    -42.38090187985739,
                    -42.59301857368331,
                    -42.38090187985739,
                    -42.59301857368331,
                    -42.38090187985739,
                    -42.59301857368331,
                    -45.00987384058135,
                    -42.59301857368331,
                    -42.59301857368331,
                    -42.59301857368331
                ],
                [
                    -42.498658995885876,
                    -42.26698915391165,
                    -42.547974277862465,
                    -42.26698915391165,
                    -42.547974277862465,
                    -42.26698915391165,
                    -42.547974277862465,
                    -45.223265938069744,
                    -42.547974277862465,
                    -42.547974277862465,
                    -42.547974277862465
                ],
                [
                    -42.429878306994965,
                    -42.293711742800895,
                    -42.59442656188543,
                    -42.293711742800895,
                    -42.59442656188543,
                    -42.293711742800895,
                    -42.59442656188543,
                    -45.17702362846376,
                    -42.59442656188543,
                    -42.59442656188543,
                    -42.59442656188543
                ],
                [
                    -42.00698854979203,
                    -41.82969077096635,
                    -42.1993658731771,
                    -41.82969077096635,
                    -42.1993658731771,
                    -41.82969077096635,
                    -42.1993658731771,
                    -44.02907462192343,
                    -42.1993658731771,
                    -42.1993658731771,
                    -42.1993658731771
                ]
            ]
        ],
        "prompt_sensitivities": [
            0.02882747670730054
        ],
        "posix": 0.02882747670730054
    }
}