{
    "file_name": "question_145_variants.json",
    "overall_posix": 0.041592172254089,
    "detailed_scores": [
        {
            "Variation 1": 0.0,
            "Variation 2": 0.10424458775923995,
            "Variation 3": 0.02049469221111351,
            "Variation 4": 0.0794063084655423,
            "Variation 5": 0.02049469221111351,
            "Variation 6": 0.0,
            "Variation 7": 0.10424458775923995,
            "Variation 8": 0.0,
            "Variation 9": 0.0,
            "Variation 10": 0.0
        }
    ],
    "trace": {
        "prompts": [
            "Is the heart size on the X-ray within normal limits? Please choose from the following two options: [yes, no]\n<image>"
        ],
        "responses": [
            [
                "Yes, the heart size on the X-ray appears to be within normal limits. ",
                "Yes, the heart size on the X-ray appears to be within normal limits. ",
                "The heart size on the X-ray appears to be within normal limits. ",
                "Yes, the heart size on the chest X-ray appears to be within normal limits. ",
                "The heart size on the chest X-ray appears to be within normal limits. ",
                "Yes, the heart size on the chest X-ray appears to be within normal limits. ",
                "Yes, the heart size on the X-ray appears to be within normal limits. ",
                "The heart size on the X-ray appears to be within normal limits. ",
                "Yes, the heart size on the X-ray appears to be within normal limits. ",
                "Yes, the heart size on the X-ray appears to be within normal limits. ",
                "Yes, the heart size on the X-ray appears to be within normal limits. "
            ]
        ],
        "logprob_matrices": [
            [
                [
                    -40.721106883825996,
                    -40.721106883825996,
                    -42.597509463492315,
                    -40.29071834739261,
                    -42.2298267446713,
                    -40.29071834739261,
                    -40.721106883825996,
                    -42.597509463492315,
                    -40.721106883825996,
                    -40.721106883825996,
                    -40.721106883825996
                ],
                [
                    -41.193152877644025,
                    -41.193152877644025,
                    -42.86565689227791,
                    -41.02147702756429,
                    -42.55463989044074,
                    -41.02147702756429,
                    -41.193152877644025,
                    -42.86565689227791,
                    -41.193152877644025,
                    -41.193152877644025,
                    -41.193152877644025
                ],
                [
                    -41.048119516681254,
                    -41.048119516681254,
                    -42.521794097381644,
                    -40.992743433504074,
                    -42.409609562868354,
                    -40.992743433504074,
                    -41.048119516681254,
                    -42.521794097381644,
                    -41.048119516681254,
                    -41.048119516681254,
                    -41.048119516681254
                ],
                [
                    -40.55987379097496,
                    -40.55987379097496,
                    -42.50693403680998,
                    -40.15693517177533,
                    -41.925623526984054,
                    -40.15693517177533,
                    -40.55987379097496,
                    -42.50693403680998,
                    -40.55987379097496,
                    -40.55987379097496,
                    -40.55987379097496
                ],
                [
                    -41.55858323713255,
                    -41.55858323713255,
                    -43.06480668722725,
                    -41.461923858953924,
                    -42.84126552507678,
                    -41.461923858953924,
                    -41.55858323713255,
                    -43.06480668722725,
                    -41.55858323713255,
                    -41.55858323713255,
                    -41.55858323713255
                ],
                [
                    -41.21313499525422,
                    -41.21313499525422,
                    -42.73068487389537,
                    -40.76088062240888,
                    -42.11590658086516,
                    -40.76088062240888,
                    -41.21313499525422,
                    -42.73068487389537,
                    -41.21313499525422,
                    -41.21313499525422,
                    -41.21313499525422
                ],
                [
                    -39.99639246826155,
                    -39.99639246826155,
                    -41.96803527220982,
                    -39.88654038122513,
                    -41.72420778328251,
                    -39.88654038122513,
                    -39.99639246826155,
                    -41.96803527220982,
                    -39.99639246826155,
                    -39.99639246826155,
                    -39.99639246826155
                ],
                [
                    -40.87377117340475,
                    -40.87377117340475,
                    -42.81227359564218,
                    -40.9229972052899,
                    -42.6217505171453,
                    -40.9229972052899,
                    -40.87377117340475,
                    -42.81227359564218,
                    -40.87377117340475,
                    -40.87377117340475,
                    -40.87377117340475
                ],
                [
                    -40.54447897676073,
                    -40.54447897676073,
                    -42.137904372993944,
                    -40.521001983517635,
                    -41.92567723146112,
                    -40.521001983517635,
                    -40.54447897676073,
                    -42.137904372993944,
                    -40.54447897676073,
                    -40.54447897676073,
                    -40.54447897676073
                ],
                [
                    -40.07350281570507,
                    -40.07350281570507,
                    -42.18866971663374,
                    -40.1950826145594,
                    -42.09149454312046,
                    -40.1950826145594,
                    -40.07350281570507,
                    -42.18866971663374,
                    -40.07350281570507,
                    -40.07350281570507,
                    -40.07350281570507
                ],
                [
                    -40.64334096454513,
                    -40.64334096454513,
                    -42.15666076436173,
                    -40.595843486379636,
                    -41.92385732825733,
                    -40.595843486379636,
                    -40.64334096454513,
                    -42.15666076436173,
                    -40.64334096454513,
                    -40.64334096454513,
                    -40.64334096454513
                ]
            ]
        ],
        "prompt_sensitivities": [
            0.041592172254089
        ],
        "posix": 0.041592172254089
    }
}