{
    "file_name": "question_38_variants.json",
    "overall_posix": 0.008644357493281548,
    "detailed_scores": [
        {
            "Variation 1": 0.02991809868490236,
            "Variation 2": 0.0,
            "Variation 3": 0.02991809868490236,
            "Variation 4": 0.02991809868490236,
            "Variation 5": 0.02991809868490236,
            "Variation 6": 0.0,
            "Variation 7": 0.02991809868490236,
            "Variation 8": 0.02991809868490236,
            "Variation 9": 0.02991809868490236,
            "Variation 10": 0.0
        }
    ],
    "trace": {
        "prompts": [
            "Does the chest X-ray indicate the presence of focal airspace disease? Please choose from the following two options: [yes, no]\n<image>"
        ],
        "responses": [
            [
                "The chest x-ray does not show any focal airspace disease. ",
                "The chest X-ray does not show any focal airspace disease. ",
                "The chest x-ray does not show any focal airspace disease. ",
                "The chest X-ray does not show any focal airspace disease. ",
                "The chest X-ray does not show any focal airspace disease. ",
                "The chest X-ray does not show any focal airspace disease. ",
                "The chest x-ray does not show any focal airspace disease. ",
                "The chest X-ray does not show any focal airspace disease. ",
                "The chest X-ray does not show any focal airspace disease. ",
                "The chest X-ray does not show any focal airspace disease. ",
                "The chest x-ray does not show any focal airspace disease. "
            ]
        ],
        "logprob_matrices": [
            [
                [
                    -42.659972173358256,
                    -43.1984979496865,
                    -42.659972173358256,
                    -43.1984979496865,
                    -43.1984979496865,
                    -43.1984979496865,
                    -42.659972173358256,
                    -43.1984979496865,
                    -43.1984979496865,
                    -43.1984979496865,
                    -42.659972173358256
                ],
                [
                    -43.4924044019499,
                    -43.443157425690515,
                    -43.4924044019499,
                    -43.443157425690515,
                    -43.443157425690515,
                    -43.443157425690515,
                    -43.4924044019499,
                    -43.443157425690515,
                    -43.443157425690515,
                    -43.443157425690515,
                    -43.4924044019499
                ],
                [
                    -43.276480312273634,
                    -43.745158383660964,
                    -43.276480312273634,
                    -43.745158383660964,
                    -43.745158383660964,
                    -43.745158383660964,
                    -43.276480312273634,
                    -43.745158383660964,
                    -43.745158383660964,
                    -43.745158383660964,
                    -43.276480312273634
                ],
                [
                    -43.69070102527985,
                    -43.5737499234865,
                    -43.69070102527985,
                    -43.5737499234865,
                    -43.5737499234865,
                    -43.5737499234865,
                    -43.69070102527985,
                    -43.5737499234865,
                    -43.5737499234865,
                    -43.5737499234865,
                    -43.69070102527985
                ],
                [
                    -42.742590230984206,
                    -42.939529179067904,
                    -42.742590230984206,
                    -42.939529179067904,
                    -42.939529179067904,
                    -42.939529179067904,
                    -42.742590230984206,
                    -42.939529179067904,
                    -42.939529179067904,
                    -42.939529179067904,
                    -42.742590230984206
                ],
                [
                    -43.5140372204296,
                    -43.62458317286291,
                    -43.5140372204296,
                    -43.62458317286291,
                    -43.62458317286291,
                    -43.62458317286291,
                    -43.5140372204296,
                    -43.62458317286291,
                    -43.62458317286291,
                    -43.62458317286291,
                    -43.5140372204296
                ],
                [
                    -42.60694973077261,
                    -42.99754227145331,
                    -42.60694973077261,
                    -42.99754227145331,
                    -42.99754227145331,
                    -42.99754227145331,
                    -42.60694973077261,
                    -42.99754227145331,
                    -42.99754227145331,
                    -42.99754227145331,
                    -42.60694973077261
                ],
                [
                    -42.19711828395157,
                    -42.40878944951692,
                    -42.19711828395157,
                    -42.40878944951692,
                    -42.40878944951692,
                    -42.40878944951692,
                    -42.19711828395157,
                    -42.40878944951692,
                    -42.40878944951692,
                    -42.40878944951692,
                    -42.19711828395157
                ],
                [
                    -43.56826532607738,
                    -43.88004352822645,
                    -43.56826532607738,
                    -43.88004352822645,
                    -43.88004352822645,
                    -43.88004352822645,
                    -43.56826532607738,
                    -43.88004352822645,
                    -43.88004352822645,
                    -43.88004352822645,
                    -43.56826532607738
                ],
                [
                    -44.21107341216339,
                    -43.97130267272951,
                    -44.21107341216339,
                    -43.97130267272951,
                    -43.97130267272951,
                    -43.97130267272951,
                    -44.21107341216339,
                    -43.97130267272951,
                    -43.97130267272951,
                    -43.97130267272951,
                    -44.21107341216339
                ],
                [
                    -42.28509190728437,
                    -42.625612018005995,
                    -42.28509190728437,
                    -42.625612018005995,
                    -42.625612018005995,
                    -42.625612018005995,
                    -42.28509190728437,
                    -42.625612018005995,
                    -42.625612018005995,
                    -42.625612018005995,
                    -42.28509190728437
                ]
            ]
        ],
        "prompt_sensitivities": [
            0.008644357493281548
        ],
        "posix": 0.008644357493281548
    }
}