{
    "file_name": "question_285_variants.json",
    "overall_posix": 0.0,
    "detailed_scores": [
        {
            "Variation 1": 0.0,
            "Variation 2": 0.0,
            "Variation 3": 0.0,
            "Variation 4": 0.0,
            "Variation 5": 0.0,
            "Variation 6": 0.0,
            "Variation 7": 0.0,
            "Variation 8": 0.0,
            "Variation 9": 0.0,
            "Variation 10": 0.0
        }
    ],
    "trace": {
        "prompts": [
            "Are the lungs clear on the chest X-ray? Please choose from the following two options: [yes, no]\n<image>"
        ],
        "responses": [
            [
                "Yes, the chest X-ray shows clear lungs. ",
                "Yes, the chest X-ray shows clear lungs. ",
                "Yes, the chest X-ray shows clear lungs. ",
                "Yes, the chest X-ray shows clear lungs. ",
                "Yes, the chest X-ray shows clear lungs. ",
                "Yes, the chest X-ray shows clear lungs. ",
                "Yes, the chest X-ray shows clear lungs. ",
                "Yes, the chest X-ray shows clear lungs. ",
                "Yes, the chest X-ray shows clear lungs. ",
                "Yes, the chest X-ray shows clear lungs. ",
                "Yes, the chest X-ray shows clear lungs. "
            ]
        ],
        "logprob_matrices": [
            [
                [
                    -39.91638750139373,
                    -39.91638750139373,
                    -39.91638750139373,
                    -39.91638750139373,
                    -39.91638750139373,
                    -39.91638750139373,
                    -39.91638750139373,
                    -39.91638750139373,
                    -39.91638750139373,
                    -39.91638750139373,
                    -39.91638750139373
                ],
                [
                    -40.47583330542875,
                    -40.47583330542875,
                    -40.47583330542875,
                    -40.47583330542875,
                    -40.47583330542875,
                    -40.47583330542875,
                    -40.47583330542875,
                    -40.47583330542875,
                    -40.47583330542875,
                    -40.47583330542875,
                    -40.47583330542875
                ],
                [
                    -40.34635402397544,
                    -40.34635402397544,
                    -40.34635402397544,
                    -40.34635402397544,
                    -40.34635402397544,
                    -40.34635402397544,
                    -40.34635402397544,
                    -40.34635402397544,
                    -40.34635402397544,
                    -40.34635402397544,
                    -40.34635402397544
                ],
                [
                    -40.344004217213296,
                    -40.344004217213296,
                    -40.344004217213296,
                    -40.344004217213296,
                    -40.344004217213296,
                    -40.344004217213296,
                    -40.344004217213296,
                    -40.344004217213296,
                    -40.344004217213296,
                    -40.344004217213296,
                    -40.344004217213296
                ],
                [
                    -39.82020390312118,
                    -39.82020390312118,
                    -39.82020390312118,
                    -39.82020390312118,
                    -39.82020390312118,
                    -39.82020390312118,
                    -39.82020390312118,
                    -39.82020390312118,
                    -39.82020390312118,
                    -39.82020390312118,
                    -39.82020390312118
                ],
                [
                    -39.922063353027625,
                    -39.922063353027625,
                    -39.922063353027625,
                    -39.922063353027625,
                    -39.922063353027625,
                    -39.922063353027625,
                    -39.922063353027625,
                    -39.922063353027625,
                    -39.922063353027625,
                    -39.922063353027625,
                    -39.922063353027625
                ],
                [
                    -39.77521093155792,
                    -39.77521093155792,
                    -39.77521093155792,
                    -39.77521093155792,
                    -39.77521093155792,
                    -39.77521093155792,
                    -39.77521093155792,
                    -39.77521093155792,
                    -39.77521093155792,
                    -39.77521093155792,
                    -39.77521093155792
                ],
                [
                    -40.20287019860916,
                    -40.20287019860916,
                    -40.20287019860916,
                    -40.20287019860916,
                    -40.20287019860916,
                    -40.20287019860916,
                    -40.20287019860916,
                    -40.20287019860916,
                    -40.20287019860916,
                    -40.20287019860916,
                    -40.20287019860916
                ],
                [
                    -38.84149464593156,
                    -38.84149464593156,
                    -38.84149464593156,
                    -38.84149464593156,
                    -38.84149464593156,
                    -38.84149464593156,
                    -38.84149464593156,
                    -38.84149464593156,
                    -38.84149464593156,
                    -38.84149464593156,
                    -38.84149464593156
                ],
                [
                    -40.478184674888325,
                    -40.478184674888325,
                    -40.478184674888325,
                    -40.478184674888325,
                    -40.478184674888325,
                    -40.478184674888325,
                    -40.478184674888325,
                    -40.478184674888325,
                    -40.478184674888325,
                    -40.478184674888325,
                    -40.478184674888325
                ],
                [
                    -39.971756479370924,
                    -39.971756479370924,
                    -39.971756479370924,
                    -39.971756479370924,
                    -39.971756479370924,
                    -39.971756479370924,
                    -39.971756479370924,
                    -39.971756479370924,
                    -39.971756479370924,
                    -39.971756479370924,
                    -39.971756479370924
                ]
            ]
        ],
        "prompt_sensitivities": [
            0.0
        ],
        "posix": 0.0
    }
}