{
    "file_name": "question_149_variants.json",
    "overall_posix": 0.014339483547455662,
    "detailed_scores": [
        {
            "Variation 1": 0.0,
            "Variation 2": 0.04088604445286436,
            "Variation 3": 0.0,
            "Variation 4": 0.0,
            "Variation 5": 0.0,
            "Variation 6": 0.04088604445286436,
            "Variation 7": 0.04088604445286436,
            "Variation 8": 0.04088604445286436,
            "Variation 9": 0.0,
            "Variation 10": 0.0
        }
    ],
    "trace": {
        "prompts": [
            "Does the chest X-ray show any signs of focal consolidation? Please choose from the following two options: [yes, no]\n<image>"
        ],
        "responses": [
            [
                "The chest x-ray does not show any signs of focal consolidation. ",
                "The chest x-ray does not show any signs of focal consolidation. ",
                "The chest X-ray does not show any signs of focal consolidation. ",
                "The chest x-ray does not show any signs of focal consolidation. ",
                "The chest x-ray does not show any signs of focal consolidation. ",
                "The chest x-ray does not show any signs of focal consolidation. ",
                "The chest X-ray does not show any signs of focal consolidation. ",
                "The chest X-ray does not show any signs of focal consolidation. ",
                "The chest X-ray does not show any signs of focal consolidation. ",
                "The chest x-ray does not show any signs of focal consolidation. ",
                "The chest x-ray does not show any signs of focal consolidation. "
            ]
        ],
        "logprob_matrices": [
            [
                [
                    -41.0135328989586,
                    -41.0135328989586,
                    -41.790367743563024,
                    -41.0135328989586,
                    -41.0135328989586,
                    -41.0135328989586,
                    -41.790367743563024,
                    -41.790367743563024,
                    -41.790367743563024,
                    -41.0135328989586,
                    -41.0135328989586
                ],
                [
                    -41.63825386281769,
                    -41.63825386281769,
                    -42.59635552766724,
                    -41.63825386281769,
                    -41.63825386281769,
                    -41.63825386281769,
                    -42.59635552766724,
                    -42.59635552766724,
                    -42.59635552766724,
                    -41.63825386281769,
                    -41.63825386281769
                ],
                [
                    -41.731686594153416,
                    -41.731686594153416,
                    -42.018558691290536,
                    -41.731686594153416,
                    -41.731686594153416,
                    -41.731686594153416,
                    -42.018558691290536,
                    -42.018558691290536,
                    -42.018558691290536,
                    -41.731686594153416,
                    -41.731686594153416
                ],
                [
                    -40.83943853679352,
                    -40.83943853679352,
                    -41.57402179935889,
                    -40.83943853679352,
                    -40.83943853679352,
                    -40.83943853679352,
                    -41.57402179935889,
                    -41.57402179935889,
                    -41.57402179935889,
                    -40.83943853679352,
                    -40.83943853679352
                ],
                [
                    -41.05952405384005,
                    -41.05952405384005,
                    -41.877124832158074,
                    -41.05952405384005,
                    -41.05952405384005,
                    -41.05952405384005,
                    -41.877124832158074,
                    -41.877124832158074,
                    -41.877124832158074,
                    -41.05952405384005,
                    -41.05952405384005
                ],
                [
                    -41.250115864089366,
                    -41.250115864089366,
                    -41.9206862600812,
                    -41.250115864089366,
                    -41.250115864089366,
                    -41.250115864089366,
                    -41.9206862600812,
                    -41.9206862600812,
                    -41.9206862600812,
                    -41.250115864089366,
                    -41.250115864089366
                ],
                [
                    -41.31270183847937,
                    -41.31270183847937,
                    -41.45550755210661,
                    -41.31270183847937,
                    -41.31270183847937,
                    -41.31270183847937,
                    -41.45550755210661,
                    -41.45550755210661,
                    -41.45550755210661,
                    -41.31270183847937,
                    -41.31270183847937
                ],
                [
                    -41.271131861272806,
                    -41.271131861272806,
                    -41.60018381010286,
                    -41.271131861272806,
                    -41.271131861272806,
                    -41.271131861272806,
                    -41.60018381010286,
                    -41.60018381010286,
                    -41.60018381010286,
                    -41.271131861272806,
                    -41.271131861272806
                ],
                [
                    -41.435582539723555,
                    -41.435582539723555,
                    -41.694772750629454,
                    -41.435582539723555,
                    -41.435582539723555,
                    -41.435582539723555,
                    -41.694772750629454,
                    -41.694772750629454,
                    -41.694772750629454,
                    -41.435582539723555,
                    -41.435582539723555
                ],
                [
                    -40.408469310644705,
                    -40.408469310644705,
                    -41.28887882623803,
                    -40.408469310644705,
                    -40.408469310644705,
                    -40.408469310644705,
                    -41.28887882623803,
                    -41.28887882623803,
                    -41.28887882623803,
                    -40.408469310644705,
                    -40.408469310644705
                ],
                [
                    -41.59773427759046,
                    -41.59773427759046,
                    -42.47065402083797,
                    -41.59773427759046,
                    -41.59773427759046,
                    -41.59773427759046,
                    -42.47065402083797,
                    -42.47065402083797,
                    -42.47065402083797,
                    -41.59773427759046,
                    -41.59773427759046
                ]
            ]
        ],
        "prompt_sensitivities": [
            0.014339483547455662
        ],
        "posix": 0.014339483547455662
    }
}