{
    "file_name": "question_236_variants.json",
    "overall_posix": 0.0,
    "detailed_scores": [
        {
            "Variation 1": 0.0,
            "Variation 2": 0.0,
            "Variation 3": 0.0,
            "Variation 4": 0.0,
            "Variation 5": 0.0,
            "Variation 6": 0.0,
            "Variation 7": 0.0,
            "Variation 8": 0.0,
            "Variation 9": 0.0,
            "Variation 10": 0.0
        }
    ],
    "trace": {
        "prompts": [
            "Are there any signs of lung infection on this chest X-ray? Please choose from the following two options: [yes, no]\n<image>"
        ],
        "responses": [
            [
                "The chest x-ray does not show any signs of lung infection. ",
                "The chest x-ray does not show any signs of lung infection. ",
                "The chest x-ray does not show any signs of lung infection. ",
                "The chest x-ray does not show any signs of lung infection. ",
                "The chest x-ray does not show any signs of lung infection. ",
                "The chest x-ray does not show any signs of lung infection. ",
                "The chest x-ray does not show any signs of lung infection. ",
                "The chest x-ray does not show any signs of lung infection. ",
                "The chest x-ray does not show any signs of lung infection. ",
                "The chest x-ray does not show any signs of lung infection. ",
                "The chest x-ray does not show any signs of lung infection. "
            ]
        ],
        "logprob_matrices": [
            [
                [
                    -41.13080424310829,
                    -41.13080424310829,
                    -41.13080424310829,
                    -41.13080424310829,
                    -41.13080424310829,
                    -41.13080424310829,
                    -41.13080424310829,
                    -41.13080424310829,
                    -41.13080424310829,
                    -41.13080424310829,
                    -41.13080424310829
                ],
                [
                    -41.623862778942566,
                    -41.623862778942566,
                    -41.623862778942566,
                    -41.623862778942566,
                    -41.623862778942566,
                    -41.623862778942566,
                    -41.623862778942566,
                    -41.623862778942566,
                    -41.623862778942566,
                    -41.623862778942566,
                    -41.623862778942566
                ],
                [
                    -41.18648909064359,
                    -41.18648909064359,
                    -41.18648909064359,
                    -41.18648909064359,
                    -41.18648909064359,
                    -41.18648909064359,
                    -41.18648909064359,
                    -41.18648909064359,
                    -41.18648909064359,
                    -41.18648909064359,
                    -41.18648909064359
                ],
                [
                    -40.69923053575258,
                    -40.69923053575258,
                    -40.69923053575258,
                    -40.69923053575258,
                    -40.69923053575258,
                    -40.69923053575258,
                    -40.69923053575258,
                    -40.69923053575258,
                    -40.69923053575258,
                    -40.69923053575258,
                    -40.69923053575258
                ],
                [
                    -41.68183644210512,
                    -41.68183644210512,
                    -41.68183644210512,
                    -41.68183644210512,
                    -41.68183644210512,
                    -41.68183644210512,
                    -41.68183644210512,
                    -41.68183644210512,
                    -41.68183644210512,
                    -41.68183644210512,
                    -41.68183644210512
                ],
                [
                    -42.02043337750365,
                    -42.02043337750365,
                    -42.02043337750365,
                    -42.02043337750365,
                    -42.02043337750365,
                    -42.02043337750365,
                    -42.02043337750365,
                    -42.02043337750365,
                    -42.02043337750365,
                    -42.02043337750365,
                    -42.02043337750365
                ],
                [
                    -40.48130701908667,
                    -40.48130701908667,
                    -40.48130701908667,
                    -40.48130701908667,
                    -40.48130701908667,
                    -40.48130701908667,
                    -40.48130701908667,
                    -40.48130701908667,
                    -40.48130701908667,
                    -40.48130701908667,
                    -40.48130701908667
                ],
                [
                    -41.28646538621615,
                    -41.28646538621615,
                    -41.28646538621615,
                    -41.28646538621615,
                    -41.28646538621615,
                    -41.28646538621615,
                    -41.28646538621615,
                    -41.28646538621615,
                    -41.28646538621615,
                    -41.28646538621615,
                    -41.28646538621615
                ],
                [
                    -41.072229982701174,
                    -41.072229982701174,
                    -41.072229982701174,
                    -41.072229982701174,
                    -41.072229982701174,
                    -41.072229982701174,
                    -41.072229982701174,
                    -41.072229982701174,
                    -41.072229982701174,
                    -41.072229982701174,
                    -41.072229982701174
                ],
                [
                    -41.60442401570617,
                    -41.60442401570617,
                    -41.60442401570617,
                    -41.60442401570617,
                    -41.60442401570617,
                    -41.60442401570617,
                    -41.60442401570617,
                    -41.60442401570617,
                    -41.60442401570617,
                    -41.60442401570617,
                    -41.60442401570617
                ],
                [
                    -41.24873669756198,
                    -41.24873669756198,
                    -41.24873669756198,
                    -41.24873669756198,
                    -41.24873669756198,
                    -41.24873669756198,
                    -41.24873669756198,
                    -41.24873669756198,
                    -41.24873669756198,
                    -41.24873669756198,
                    -41.24873669756198
                ]
            ]
        ],
        "prompt_sensitivities": [
            0.0
        ],
        "posix": 0.0
    }
}