{
    "file_name": "question_361_variants.json",
    "overall_posix": 0.047821215276885425,
    "detailed_scores": [
        {
            "Variation 1": 0.0,
            "Variation 2": 0.0,
            "Variation 3": 0.0,
            "Variation 4": 0.0,
            "Variation 5": 0.0,
            "Variation 6": 0.0,
            "Variation 7": 0.0,
            "Variation 8": 0.0,
            "Variation 9": 0.0,
            "Variation 10": 0.29674162030434154
        }
    ],
    "trace": {
        "prompts": [
            "Are there calcifications present in the aorta? Please choose from the following two options: [yes, no]\n<image>"
        ],
        "responses": [
            [
                "Yes, the image shows the presence of calcifications in the aorta. ",
                "Yes, the image shows the presence of calcifications in the aorta. ",
                "Yes, the image shows the presence of calcifications in the aorta. ",
                "Yes, the image shows the presence of calcifications in the aorta. ",
                "Yes, the image shows the presence of calcifications in the aorta. ",
                "Yes, the image shows the presence of calcifications in the aorta. ",
                "Yes, the image shows the presence of calcifications in the aorta. ",
                "Yes, the image shows the presence of calcifications in the aorta. ",
                "Yes, the image shows the presence of calcifications in the aorta. ",
                "Yes, the image shows the presence of calcifications in the aorta. ",
                "The image shows the aorta without calcifications. "
            ]
        ],
        "logprob_matrices": [
            [
                [
                    -40.66569554832677,
                    -40.66569554832677,
                    -40.66569554832677,
                    -40.66569554832677,
                    -40.66569554832677,
                    -40.66569554832677,
                    -40.66569554832677,
                    -40.66569554832677,
                    -40.66569554832677,
                    -40.66569554832677,
                    -44.82007823258755
                ],
                [
                    -40.642616547535,
                    -40.642616547535,
                    -40.642616547535,
                    -40.642616547535,
                    -40.642616547535,
                    -40.642616547535,
                    -40.642616547535,
                    -40.642616547535,
                    -40.642616547535,
                    -40.642616547535,
                    -45.09053001680877
                ],
                [
                    -41.49356353953772,
                    -41.49356353953772,
                    -41.49356353953772,
                    -41.49356353953772,
                    -41.49356353953772,
                    -41.49356353953772,
                    -41.49356353953772,
                    -41.49356353953772,
                    -41.49356353953772,
                    -41.49356353953772,
                    -45.318376780473045
                ],
                [
                    -41.58283197542187,
                    -41.58283197542187,
                    -41.58283197542187,
                    -41.58283197542187,
                    -41.58283197542187,
                    -41.58283197542187,
                    -41.58283197542187,
                    -41.58283197542187,
                    -41.58283197542187,
                    -41.58283197542187,
                    -45.361202586238505
                ],
                [
                    -40.748693966452265,
                    -40.748693966452265,
                    -40.748693966452265,
                    -40.748693966452265,
                    -40.748693966452265,
                    -40.748693966452265,
                    -40.748693966452265,
                    -40.748693966452265,
                    -40.748693966452265,
                    -40.748693966452265,
                    -45.14614128903486
                ],
                [
                    -41.613911869244475,
                    -41.613911869244475,
                    -41.613911869244475,
                    -41.613911869244475,
                    -41.613911869244475,
                    -41.613911869244475,
                    -41.613911869244475,
                    -41.613911869244475,
                    -41.613911869244475,
                    -41.613911869244475,
                    -45.563476088267635
                ],
                [
                    -41.10364310786099,
                    -41.10364310786099,
                    -41.10364310786099,
                    -41.10364310786099,
                    -41.10364310786099,
                    -41.10364310786099,
                    -41.10364310786099,
                    -41.10364310786099,
                    -41.10364310786099,
                    -41.10364310786099,
                    -45.13293141045142
                ],
                [
                    -41.54619822843961,
                    -41.54619822843961,
                    -41.54619822843961,
                    -41.54619822843961,
                    -41.54619822843961,
                    -41.54619822843961,
                    -41.54619822843961,
                    -41.54619822843961,
                    -41.54619822843961,
                    -41.54619822843961,
                    -45.920408452584525
                ],
                [
                    -41.6644969016852,
                    -41.6644969016852,
                    -41.6644969016852,
                    -41.6644969016852,
                    -41.6644969016852,
                    -41.6644969016852,
                    -41.6644969016852,
                    -41.6644969016852,
                    -41.6644969016852,
                    -41.6644969016852,
                    -45.917472923363675
                ],
                [
                    -41.5102550189913,
                    -41.5102550189913,
                    -41.5102550189913,
                    -41.5102550189913,
                    -41.5102550189913,
                    -41.5102550189913,
                    -41.5102550189913,
                    -41.5102550189913,
                    -41.5102550189913,
                    -41.5102550189913,
                    -45.59090994828148
                ],
                [
                    -40.27041193636978,
                    -40.27041193636978,
                    -40.27041193636978,
                    -40.27041193636978,
                    -40.27041193636978,
                    -40.27041193636978,
                    -40.27041193636978,
                    -40.27041193636978,
                    -40.27041193636978,
                    -40.27041193636978,
                    -44.661454504472204
                ]
            ]
        ],
        "prompt_sensitivities": [
            0.047821215276885425
        ],
        "posix": 0.047821215276885425
    }
}