{
    "file_name": "question_103_variants.json",
    "overall_posix": 0.0,
    "detailed_scores": [
        {
            "Variation 1": 0.0,
            "Variation 2": 0.0,
            "Variation 3": 0.0,
            "Variation 4": 0.0,
            "Variation 5": 0.0,
            "Variation 6": 0.0,
            "Variation 7": 0.0,
            "Variation 8": 0.0,
            "Variation 9": 0.0,
            "Variation 10": 0.0
        }
    ],
    "trace": {
        "prompts": [
            "Does the patient have an enlarged heart on the chest X-ray? Please choose from the following two options: [yes, no]\n<image>"
        ],
        "responses": [
            [
                "The chest x-ray does not show an enlarged heart. ",
                "The chest x-ray does not show an enlarged heart. ",
                "The chest x-ray does not show an enlarged heart. ",
                "The chest x-ray does not show an enlarged heart. ",
                "The chest x-ray does not show an enlarged heart. ",
                "The chest x-ray does not show an enlarged heart. ",
                "The chest x-ray does not show an enlarged heart. ",
                "The chest x-ray does not show an enlarged heart. ",
                "The chest x-ray does not show an enlarged heart. ",
                "The chest x-ray does not show an enlarged heart. ",
                "The chest x-ray does not show an enlarged heart. "
            ]
        ],
        "logprob_matrices": [
            [
                [
                    -41.63594454162376,
                    -41.63594454162376,
                    -41.63594454162376,
                    -41.63594454162376,
                    -41.63594454162376,
                    -41.63594454162376,
                    -41.63594454162376,
                    -41.63594454162376,
                    -41.63594454162376,
                    -41.63594454162376,
                    -41.63594454162376
                ],
                [
                    -42.65805330853618,
                    -42.65805330853618,
                    -42.65805330853618,
                    -42.65805330853618,
                    -42.65805330853618,
                    -42.65805330853618,
                    -42.65805330853618,
                    -42.65805330853618,
                    -42.65805330853618,
                    -42.65805330853618,
                    -42.65805330853618
                ],
                [
                    -42.72422672791072,
                    -42.72422672791072,
                    -42.72422672791072,
                    -42.72422672791072,
                    -42.72422672791072,
                    -42.72422672791072,
                    -42.72422672791072,
                    -42.72422672791072,
                    -42.72422672791072,
                    -42.72422672791072,
                    -42.72422672791072
                ],
                [
                    -41.17674561372405,
                    -41.17674561372405,
                    -41.17674561372405,
                    -41.17674561372405,
                    -41.17674561372405,
                    -41.17674561372405,
                    -41.17674561372405,
                    -41.17674561372405,
                    -41.17674561372405,
                    -41.17674561372405,
                    -41.17674561372405
                ],
                [
                    -41.63118020390539,
                    -41.63118020390539,
                    -41.63118020390539,
                    -41.63118020390539,
                    -41.63118020390539,
                    -41.63118020390539,
                    -41.63118020390539,
                    -41.63118020390539,
                    -41.63118020390539,
                    -41.63118020390539,
                    -41.63118020390539
                ],
                [
                    -42.7066780574678,
                    -42.7066780574678,
                    -42.7066780574678,
                    -42.7066780574678,
                    -42.7066780574678,
                    -42.7066780574678,
                    -42.7066780574678,
                    -42.7066780574678,
                    -42.7066780574678,
                    -42.7066780574678,
                    -42.7066780574678
                ],
                [
                    -41.78723099876879,
                    -41.78723099876879,
                    -41.78723099876879,
                    -41.78723099876879,
                    -41.78723099876879,
                    -41.78723099876879,
                    -41.78723099876879,
                    -41.78723099876879,
                    -41.78723099876879,
                    -41.78723099876879,
                    -41.78723099876879
                ],
                [
                    -42.33860152368652,
                    -42.33860152368652,
                    -42.33860152368652,
                    -42.33860152368652,
                    -42.33860152368652,
                    -42.33860152368652,
                    -42.33860152368652,
                    -42.33860152368652,
                    -42.33860152368652,
                    -42.33860152368652,
                    -42.33860152368652
                ],
                [
                    -41.84373804029747,
                    -41.84373804029747,
                    -41.84373804029747,
                    -41.84373804029747,
                    -41.84373804029747,
                    -41.84373804029747,
                    -41.84373804029747,
                    -41.84373804029747,
                    -41.84373804029747,
                    -41.84373804029747,
                    -41.84373804029747
                ],
                [
                    -41.78765183980795,
                    -41.78765183980795,
                    -41.78765183980795,
                    -41.78765183980795,
                    -41.78765183980795,
                    -41.78765183980795,
                    -41.78765183980795,
                    -41.78765183980795,
                    -41.78765183980795,
                    -41.78765183980795,
                    -41.78765183980795
                ],
                [
                    -41.801111901939294,
                    -41.801111901939294,
                    -41.801111901939294,
                    -41.801111901939294,
                    -41.801111901939294,
                    -41.801111901939294,
                    -41.801111901939294,
                    -41.801111901939294,
                    -41.801111901939294,
                    -41.801111901939294,
                    -41.801111901939294
                ]
            ]
        ],
        "prompt_sensitivities": [
            0.0
        ],
        "posix": 0.0
    }
}