{
    "file_name": "question_192_variants.json",
    "overall_posix": 0.016529836312959314,
    "detailed_scores": [
        {
            "Variation 1": 0.03361765395784459,
            "Variation 2": 0.0,
            "Variation 3": 0.0,
            "Variation 4": 0.03361765395784459,
            "Variation 5": 0.03361765395784459,
            "Variation 6": 0.03361765395784459,
            "Variation 7": 0.0,
            "Variation 8": 0.03361765395784459,
            "Variation 9": 0.0,
            "Variation 10": 0.03361765395784459
        }
    ],
    "trace": {
        "prompts": [
            "Do the lungs appear to be fully expanded? Please choose from the following two options: [yes, no]\n<image>"
        ],
        "responses": [
            [
                "Yes, the lungs appear to be fully expanded in the image. ",
                "Yes, the chest X-ray shows that the lungs appear to be fully expanded. ",
                "Yes, the lungs appear to be fully expanded in the image. ",
                "Yes, the lungs appear to be fully expanded in the image. ",
                "Yes, the chest X-ray shows that the lungs appear to be fully expanded. ",
                "Yes, the chest X-ray shows that the lungs appear to be fully expanded. ",
                "Yes, the chest X-ray shows that the lungs appear to be fully expanded. ",
                "Yes, the lungs appear to be fully expanded in the image. ",
                "Yes, the chest X-ray shows that the lungs appear to be fully expanded. ",
                "Yes, the lungs appear to be fully expanded in the image. ",
                "Yes, the chest X-ray shows that the lungs appear to be fully expanded. "
            ]
        ],
        "logprob_matrices": [
            [
                [
                    -40.76131611090386,
                    -41.433669190060755,
                    -40.76131611090386,
                    -40.76131611090386,
                    -41.433669190060755,
                    -41.433669190060755,
                    -41.433669190060755,
                    -40.76131611090386,
                    -41.433669190060755,
                    -40.76131611090386,
                    -41.433669190060755
                ],
                [
                    -41.04914755077334,
                    -41.5033388482625,
                    -41.04914755077334,
                    -41.04914755077334,
                    -41.5033388482625,
                    -41.5033388482625,
                    -41.5033388482625,
                    -41.04914755077334,
                    -41.5033388482625,
                    -41.04914755077334,
                    -41.5033388482625
                ],
                [
                    -42.13003448868403,
                    -42.714484689960955,
                    -42.13003448868403,
                    -42.13003448868403,
                    -42.714484689960955,
                    -42.714484689960955,
                    -42.714484689960955,
                    -42.13003448868403,
                    -42.714484689960955,
                    -42.13003448868403,
                    -42.714484689960955
                ],
                [
                    -40.95009626902174,
                    -41.56655149531434,
                    -40.95009626902174,
                    -40.95009626902174,
                    -41.56655149531434,
                    -41.56655149531434,
                    -41.56655149531434,
                    -40.95009626902174,
                    -41.56655149531434,
                    -40.95009626902174,
                    -41.56655149531434
                ],
                [
                    -41.43085424974561,
                    -41.9495369861761,
                    -41.43085424974561,
                    -41.43085424974561,
                    -41.9495369861761,
                    -41.9495369861761,
                    -41.9495369861761,
                    -41.43085424974561,
                    -41.9495369861761,
                    -41.43085424974561,
                    -41.9495369861761
                ],
                [
                    -41.90131832478801,
                    -42.3877871942168,
                    -41.90131832478801,
                    -41.90131832478801,
                    -42.3877871942168,
                    -42.3877871942168,
                    -42.3877871942168,
                    -41.90131832478801,
                    -42.3877871942168,
                    -41.90131832478801,
                    -42.3877871942168
                ],
                [
                    -41.94225043983897,
                    -42.21617305529071,
                    -41.94225043983897,
                    -41.94225043983897,
                    -42.21617305529071,
                    -42.21617305529071,
                    -42.21617305529071,
                    -41.94225043983897,
                    -42.21617305529071,
                    -41.94225043983897,
                    -42.21617305529071
                ],
                [
                    -41.048092641693074,
                    -41.80584356057079,
                    -41.048092641693074,
                    -41.048092641693074,
                    -41.80584356057079,
                    -41.80584356057079,
                    -41.80584356057079,
                    -41.048092641693074,
                    -41.80584356057079,
                    -41.048092641693074,
                    -41.80584356057079
                ],
                [
                    -42.056105247407686,
                    -42.52222632562916,
                    -42.056105247407686,
                    -42.056105247407686,
                    -42.52222632562916,
                    -42.52222632562916,
                    -42.52222632562916,
                    -42.056105247407686,
                    -42.52222632562916,
                    -42.056105247407686,
                    -42.52222632562916
                ],
                [
                    -41.67623292596545,
                    -42.33581630363187,
                    -41.67623292596545,
                    -41.67623292596545,
                    -42.33581630363187,
                    -42.33581630363187,
                    -42.33581630363187,
                    -41.67623292596545,
                    -42.33581630363187,
                    -41.67623292596545,
                    -42.33581630363187
                ],
                [
                    -41.43933754687896,
                    -41.89948424087925,
                    -41.43933754687896,
                    -41.43933754687896,
                    -41.89948424087925,
                    -41.89948424087925,
                    -41.89948424087925,
                    -41.43933754687896,
                    -41.89948424087925,
                    -41.43933754687896,
                    -41.89948424087925
                ]
            ]
        ],
        "prompt_sensitivities": [
            0.016529836312959314
        ],
        "posix": 0.016529836312959314
    }
}