{
    "file_name": "question_399_variants.json",
    "overall_posix": 0.006974387213361996,
    "detailed_scores": [
        {
            "Variation 1": 0.04546425848574245,
            "Variation 2": 0.04546425848574245,
            "Variation 3": 0.04546425848574245,
            "Variation 4": 0.04546425848574245,
            "Variation 5": 0.04546425848574245,
            "Variation 6": 0.04546425848574245,
            "Variation 7": 0.04546425848574245,
            "Variation 8": 0.04546425848574245,
            "Variation 9": 0.04546425848574245,
            "Variation 10": 0.04546425848574245
        }
    ],
    "trace": {
        "prompts": [
            "Are there any signs of focal airspace disease noted on the chest X-ray? Please choose from the following two options: [yes, no]\n<image>"
        ],
        "responses": [
            [
                "No, the chest X-ray does not show any signs of focal airspace disease. ",
                "The chest x-ray does not show any signs of focal airspace disease. ",
                "The chest x-ray does not show any signs of focal airspace disease. ",
                "The chest x-ray does not show any signs of focal airspace disease. ",
                "The chest x-ray does not show any signs of focal airspace disease. ",
                "The chest x-ray does not show any signs of focal airspace disease. ",
                "The chest x-ray does not show any signs of focal airspace disease. ",
                "The chest x-ray does not show any signs of focal airspace disease. ",
                "The chest x-ray does not show any signs of focal airspace disease. ",
                "The chest x-ray does not show any signs of focal airspace disease. ",
                "The chest x-ray does not show any signs of focal airspace disease. "
            ]
        ],
        "logprob_matrices": [
            [
                [
                    -40.41302229733924,
                    -41.32230746705409,
                    -41.32230746705409,
                    -41.32230746705409,
                    -41.32230746705409,
                    -41.32230746705409,
                    -41.32230746705409,
                    -41.32230746705409,
                    -41.32230746705409,
                    -41.32230746705409,
                    -41.32230746705409
                ],
                [
                    -40.852653874079124,
                    -41.71941865688768,
                    -41.71941865688768,
                    -41.71941865688768,
                    -41.71941865688768,
                    -41.71941865688768,
                    -41.71941865688768,
                    -41.71941865688768,
                    -41.71941865688768,
                    -41.71941865688768,
                    -41.71941865688768
                ],
                [
                    -41.00297556329974,
                    -42.13198845890565,
                    -42.13198845890565,
                    -42.13198845890565,
                    -42.13198845890565,
                    -42.13198845890565,
                    -42.13198845890565,
                    -42.13198845890565,
                    -42.13198845890565,
                    -42.13198845890565,
                    -42.13198845890565
                ],
                [
                    -41.5853639342439,
                    -42.119282901458064,
                    -42.119282901458064,
                    -42.119282901458064,
                    -42.119282901458064,
                    -42.119282901458064,
                    -42.119282901458064,
                    -42.119282901458064,
                    -42.119282901458064,
                    -42.119282901458064,
                    -42.119282901458064
                ],
                [
                    -41.12215339603267,
                    -42.017760739435744,
                    -42.017760739435744,
                    -42.017760739435744,
                    -42.017760739435744,
                    -42.017760739435744,
                    -42.017760739435744,
                    -42.017760739435744,
                    -42.017760739435744,
                    -42.017760739435744,
                    -42.017760739435744
                ],
                [
                    -40.974063922119285,
                    -41.52653404068133,
                    -41.52653404068133,
                    -41.52653404068133,
                    -41.52653404068133,
                    -41.52653404068133,
                    -41.52653404068133,
                    -41.52653404068133,
                    -41.52653404068133,
                    -41.52653404068133,
                    -41.52653404068133
                ],
                [
                    -41.83169165099298,
                    -42.21987927148348,
                    -42.21987927148348,
                    -42.21987927148348,
                    -42.21987927148348,
                    -42.21987927148348,
                    -42.21987927148348,
                    -42.21987927148348,
                    -42.21987927148348,
                    -42.21987927148348,
                    -42.21987927148348
                ],
                [
                    -41.62784709951836,
                    -42.453640000301675,
                    -42.453640000301675,
                    -42.453640000301675,
                    -42.453640000301675,
                    -42.453640000301675,
                    -42.453640000301675,
                    -42.453640000301675,
                    -42.453640000301675,
                    -42.453640000301675,
                    -42.453640000301675
                ],
                [
                    -41.64078447786346,
                    -42.08668780345033,
                    -42.08668780345033,
                    -42.08668780345033,
                    -42.08668780345033,
                    -42.08668780345033,
                    -42.08668780345033,
                    -42.08668780345033,
                    -42.08668780345033,
                    -42.08668780345033,
                    -42.08668780345033
                ],
                [
                    -40.81347861344909,
                    -41.67586396945853,
                    -41.67586396945853,
                    -41.67586396945853,
                    -41.67586396945853,
                    -41.67586396945853,
                    -41.67586396945853,
                    -41.67586396945853,
                    -41.67586396945853,
                    -41.67586396945853,
                    -41.67586396945853
                ],
                [
                    -41.12737306380973,
                    -41.50320994281856,
                    -41.50320994281856,
                    -41.50320994281856,
                    -41.50320994281856,
                    -41.50320994281856,
                    -41.50320994281856,
                    -41.50320994281856,
                    -41.50320994281856,
                    -41.50320994281856,
                    -41.50320994281856
                ]
            ]
        ],
        "prompt_sensitivities": [
            0.006974387213361996
        ],
        "posix": 0.006974387213361996
    }
}