{
    "file_name": "question_135_variants.json",
    "overall_posix": 0.006498319441197241,
    "detailed_scores": [
        {
            "Variation 1": 0.010862010320990868,
            "Variation 2": 0.010862010320990868,
            "Variation 3": 0.010862010320990868,
            "Variation 4": 0.010862010320990868,
            "Variation 5": 0.010862010320990868,
            "Variation 6": 0.010862010320990868,
            "Variation 7": 0.010862010320990868,
            "Variation 8": 0.010862010320990868,
            "Variation 9": 0.010862010320990868,
            "Variation 10": 0.010862010320990868
        }
    ],
    "trace": {
        "prompts": [
            "Is the cardiac silhouette size normal in the chest X-ray? Please choose from the following two options: [yes, no]\n<image>"
        ],
        "responses": [
            [
                "The chest x-ray shows a normal cardiac silhouette size. ",
                "The cardiac silhouette size in the chest X-ray appears to be normal. ",
                "The cardiac silhouette size in the chest X-ray appears to be normal. ",
                "The cardiac silhouette size in the chest X-ray appears to be normal. ",
                "The cardiac silhouette size in the chest X-ray appears to be normal. ",
                "The cardiac silhouette size in the chest X-ray appears to be normal. ",
                "The cardiac silhouette size in the chest X-ray appears to be normal. ",
                "The cardiac silhouette size in the chest X-ray appears to be normal. ",
                "The cardiac silhouette size in the chest X-ray appears to be normal. ",
                "The cardiac silhouette size in the chest X-ray appears to be normal. ",
                "The cardiac silhouette size in the chest X-ray appears to be normal. "
            ]
        ],
        "logprob_matrices": [
            [
                [
                    -41.2471432035818,
                    -41.47524542032261,
                    -41.47524542032261,
                    -41.47524542032261,
                    -41.47524542032261,
                    -41.47524542032261,
                    -41.47524542032261,
                    -41.47524542032261,
                    -41.47524542032261,
                    -41.47524542032261,
                    -41.47524542032261
                ],
                [
                    -43.126000903648674,
                    -41.622127947603985,
                    -41.622127947603985,
                    -41.622127947603985,
                    -41.622127947603985,
                    -41.622127947603985,
                    -41.622127947603985,
                    -41.622127947603985,
                    -41.622127947603985,
                    -41.622127947603985,
                    -41.622127947603985
                ],
                [
                    -42.47829784816349,
                    -41.393192451489995,
                    -41.393192451489995,
                    -41.393192451489995,
                    -41.393192451489995,
                    -41.393192451489995,
                    -41.393192451489995,
                    -41.393192451489995,
                    -41.393192451489995,
                    -41.393192451489995,
                    -41.393192451489995
                ],
                [
                    -41.883890889590475,
                    -41.25652179788449,
                    -41.25652179788449,
                    -41.25652179788449,
                    -41.25652179788449,
                    -41.25652179788449,
                    -41.25652179788449,
                    -41.25652179788449,
                    -41.25652179788449,
                    -41.25652179788449,
                    -41.25652179788449
                ],
                [
                    -42.559530656366405,
                    -41.57806666348279,
                    -41.57806666348279,
                    -41.57806666348279,
                    -41.57806666348279,
                    -41.57806666348279,
                    -41.57806666348279,
                    -41.57806666348279,
                    -41.57806666348279,
                    -41.57806666348279,
                    -41.57806666348279
                ],
                [
                    -42.258282521916044,
                    -41.04406654485956,
                    -41.04406654485956,
                    -41.04406654485956,
                    -41.04406654485956,
                    -41.04406654485956,
                    -41.04406654485956,
                    -41.04406654485956,
                    -41.04406654485956,
                    -41.04406654485956,
                    -41.04406654485956
                ],
                [
                    -42.547523488401566,
                    -41.741589459157694,
                    -41.741589459157694,
                    -41.741589459157694,
                    -41.741589459157694,
                    -41.741589459157694,
                    -41.741589459157694,
                    -41.741589459157694,
                    -41.741589459157694,
                    -41.741589459157694,
                    -41.741589459157694
                ],
                [
                    -42.486996046853164,
                    -41.219246751324135,
                    -41.219246751324135,
                    -41.219246751324135,
                    -41.219246751324135,
                    -41.219246751324135,
                    -41.219246751324135,
                    -41.219246751324135,
                    -41.219246751324135,
                    -41.219246751324135,
                    -41.219246751324135
                ],
                [
                    -42.64053390683148,
                    -41.61877571753848,
                    -41.61877571753848,
                    -41.61877571753848,
                    -41.61877571753848,
                    -41.61877571753848,
                    -41.61877571753848,
                    -41.61877571753848,
                    -41.61877571753848,
                    -41.61877571753848,
                    -41.61877571753848
                ],
                [
                    -42.93405381407865,
                    -41.65872908301117,
                    -41.65872908301117,
                    -41.65872908301117,
                    -41.65872908301117,
                    -41.65872908301117,
                    -41.65872908301117,
                    -41.65872908301117,
                    -41.65872908301117,
                    -41.65872908301117,
                    -41.65872908301117
                ],
                [
                    -42.216578227486025,
                    -41.0878612511915,
                    -41.0878612511915,
                    -41.0878612511915,
                    -41.0878612511915,
                    -41.0878612511915,
                    -41.0878612511915,
                    -41.0878612511915,
                    -41.0878612511915,
                    -41.0878612511915,
                    -41.0878612511915
                ]
            ]
        ],
        "prompt_sensitivities": [
            0.006498319441197241
        ],
        "posix": 0.006498319441197241
    }
}