{
    "file_name": "question_266_variants.json",
    "overall_posix": 0.010384883230759343,
    "detailed_scores": [
        {
            "Variation 1": 0.0007681301429566583,
            "Variation 2": 0.0007681301429566583,
            "Variation 3": 0.0007681301429566583,
            "Variation 4": 0.0007681301429566583,
            "Variation 5": 0.0007681301429566583,
            "Variation 6": 0.0007681301429566583,
            "Variation 7": 0.0007681301429566583,
            "Variation 8": 0.0007681301429566583,
            "Variation 9": 0.0007681301429566583,
            "Variation 10": 0.026289501286810263
        }
    ],
    "trace": {
        "prompts": [
            "Is the size of the heart within normal limits according to the X-ray image? Please choose from the following two options: [yes, no]\n<image>"
        ],
        "responses": [
            [
                "Yes, the X-ray image shows a normal-sized heart. ",
                "Yes, the size of the heart in the X-ray image appears to be within normal limits. ",
                "Yes, the size of the heart in the X-ray image appears to be within normal limits. ",
                "Yes, the size of the heart in the X-ray image appears to be within normal limits. ",
                "Yes, the size of the heart in the X-ray image appears to be within normal limits. ",
                "Yes, the size of the heart in the X-ray image appears to be within normal limits. ",
                "Yes, the size of the heart in the X-ray image appears to be within normal limits. ",
                "Yes, the size of the heart in the X-ray image appears to be within normal limits. ",
                "Yes, the size of the heart in the X-ray image appears to be within normal limits. ",
                "Yes, the size of the heart in the X-ray image appears to be within normal limits. ",
                "Yes, according to the X-ray image, the size of the heart appears to be within normal limits. "
            ]
        ],
        "logprob_matrices": [
            [
                [
                    -41.04137525251281,
                    -41.05904224580081,
                    -41.05904224580081,
                    -41.05904224580081,
                    -41.05904224580081,
                    -41.05904224580081,
                    -41.05904224580081,
                    -41.05904224580081,
                    -41.05904224580081,
                    -41.05904224580081,
                    -40.38413772034255
                ],
                [
                    -41.941167477438285,
                    -41.26799215929532,
                    -41.26799215929532,
                    -41.26799215929532,
                    -41.26799215929532,
                    -41.26799215929532,
                    -41.26799215929532,
                    -41.26799215929532,
                    -41.26799215929532,
                    -41.26799215929532,
                    -40.37913141808713
                ],
                [
                    -42.88327295707131,
                    -42.1819168851016,
                    -42.1819168851016,
                    -42.1819168851016,
                    -42.1819168851016,
                    -42.1819168851016,
                    -42.1819168851016,
                    -42.1819168851016,
                    -42.1819168851016,
                    -42.1819168851016,
                    -41.35413397514276
                ],
                [
                    -41.979153475444036,
                    -41.351371480539456,
                    -41.351371480539456,
                    -41.351371480539456,
                    -41.351371480539456,
                    -41.351371480539456,
                    -41.351371480539456,
                    -41.351371480539456,
                    -41.351371480539456,
                    -41.351371480539456,
                    -40.55944336410357
                ],
                [
                    -42.752801469418046,
                    -42.03851060719171,
                    -42.03851060719171,
                    -42.03851060719171,
                    -42.03851060719171,
                    -42.03851060719171,
                    -42.03851060719171,
                    -42.03851060719171,
                    -42.03851060719171,
                    -42.03851060719171,
                    -41.3334678854244
                ],
                [
                    -41.71277825340076,
                    -41.31026288753674,
                    -41.31026288753674,
                    -41.31026288753674,
                    -41.31026288753674,
                    -41.31026288753674,
                    -41.31026288753674,
                    -41.31026288753674,
                    -41.31026288753674,
                    -41.31026288753674,
                    -40.59643823647821
                ],
                [
                    -42.4286870208598,
                    -41.86043166186937,
                    -41.86043166186937,
                    -41.86043166186937,
                    -41.86043166186937,
                    -41.86043166186937,
                    -41.86043166186937,
                    -41.86043166186937,
                    -41.86043166186937,
                    -41.86043166186937,
                    -40.7643274338443
                ],
                [
                    -42.985928730322485,
                    -42.3561884157989,
                    -42.3561884157989,
                    -42.3561884157989,
                    -42.3561884157989,
                    -42.3561884157989,
                    -42.3561884157989,
                    -42.3561884157989,
                    -42.3561884157989,
                    -42.3561884157989,
                    -41.65173755108299
                ],
                [
                    -42.12598171573336,
                    -41.45919248778773,
                    -41.45919248778773,
                    -41.45919248778773,
                    -41.45919248778773,
                    -41.45919248778773,
                    -41.45919248778773,
                    -41.45919248778773,
                    -41.45919248778773,
                    -41.45919248778773,
                    -40.86189987339094
                ],
                [
                    -41.71277825340076,
                    -41.31026288753674,
                    -41.31026288753674,
                    -41.31026288753674,
                    -41.31026288753674,
                    -41.31026288753674,
                    -41.31026288753674,
                    -41.31026288753674,
                    -41.31026288753674,
                    -41.31026288753674,
                    -40.59643823647821
                ],
                [
                    -41.23940246902566,
                    -40.70130227188929,
                    -40.70130227188929,
                    -40.70130227188929,
                    -40.70130227188929,
                    -40.70130227188929,
                    -40.70130227188929,
                    -40.70130227188929,
                    -40.70130227188929,
                    -40.70130227188929,
                    -39.63700728804724
                ]
            ]
        ],
        "prompt_sensitivities": [
            0.010384883230759343
        ],
        "posix": 0.010384883230759343
    }
}