{
    "file_name": "question_384_variants.json",
    "overall_posix": 0.012490906389001919,
    "detailed_scores": [
        {
            "Variation 1": 0.0,
            "Variation 2": 0.046996078020320534,
            "Variation 3": 0.0,
            "Variation 4": 0.0,
            "Variation 5": 0.0,
            "Variation 6": 0.0,
            "Variation 7": 0.046996078020320534,
            "Variation 8": 0.046996078020320534,
            "Variation 9": 0.046996078020320534,
            "Variation 10": 0.0
        }
    ],
    "trace": {
        "prompts": [
            "Does the chest X-ray show any signs of pleural effusions? Please choose from the following two options: [yes, no]\n<image>"
        ],
        "responses": [
            [
                "The chest x-ray does not show any signs of pleural effusions. ",
                "The chest x-ray does not show any signs of pleural effusions. ",
                "The chest X-ray does not show any signs of pleural effusions. ",
                "The chest x-ray does not show any signs of pleural effusions. ",
                "The chest x-ray does not show any signs of pleural effusions. ",
                "The chest x-ray does not show any signs of pleural effusions. ",
                "The chest x-ray does not show any signs of pleural effusions. ",
                "The chest X-ray does not show any signs of pleural effusions. ",
                "The chest X-ray does not show any signs of pleural effusions. ",
                "The chest X-ray does not show any signs of pleural effusions. ",
                "The chest x-ray does not show any signs of pleural effusions. "
            ]
        ],
        "logprob_matrices": [
            [
                [
                    -40.03988990795733,
                    -40.03988990795733,
                    -40.93281539034342,
                    -40.03988990795733,
                    -40.03988990795733,
                    -40.03988990795733,
                    -40.03988990795733,
                    -40.93281539034342,
                    -40.93281539034342,
                    -40.93281539034342,
                    -40.03988990795733
                ],
                [
                    -40.52775934116289,
                    -40.52775934116289,
                    -41.28348982314901,
                    -40.52775934116289,
                    -40.52775934116289,
                    -40.52775934116289,
                    -40.52775934116289,
                    -41.28348982314901,
                    -41.28348982314901,
                    -41.28348982314901,
                    -40.52775934116289
                ],
                [
                    -40.375253741676715,
                    -40.375253741676715,
                    -40.57609014961281,
                    -40.375253741676715,
                    -40.375253741676715,
                    -40.375253741676715,
                    -40.375253741676715,
                    -40.57609014961281,
                    -40.57609014961281,
                    -40.57609014961281,
                    -40.375253741676715
                ],
                [
                    -40.42660903365959,
                    -40.42660903365959,
                    -41.31822425247856,
                    -40.42660903365959,
                    -40.42660903365959,
                    -40.42660903365959,
                    -40.42660903365959,
                    -41.31822425247856,
                    -41.31822425247856,
                    -41.31822425247856,
                    -40.42660903365959
                ],
                [
                    -40.91501720383803,
                    -40.91501720383803,
                    -41.740844561357335,
                    -40.91501720383803,
                    -40.91501720383803,
                    -40.91501720383803,
                    -40.91501720383803,
                    -41.740844561357335,
                    -41.740844561357335,
                    -41.740844561357335,
                    -40.91501720383803
                ],
                [
                    -39.90888036754495,
                    -39.90888036754495,
                    -40.69136205884706,
                    -39.90888036754495,
                    -39.90888036754495,
                    -39.90888036754495,
                    -39.90888036754495,
                    -40.69136205884706,
                    -40.69136205884706,
                    -40.69136205884706,
                    -39.90888036754495
                ],
                [
                    -41.00883251387404,
                    -41.00883251387404,
                    -41.760951341472264,
                    -41.00883251387404,
                    -41.00883251387404,
                    -41.00883251387404,
                    -41.00883251387404,
                    -41.760951341472264,
                    -41.760951341472264,
                    -41.760951341472264,
                    -41.00883251387404
                ],
                [
                    -40.88233084658805,
                    -40.88233084658805,
                    -40.8076472095463,
                    -40.88233084658805,
                    -40.88233084658805,
                    -40.88233084658805,
                    -40.88233084658805,
                    -40.8076472095463,
                    -40.8076472095463,
                    -40.8076472095463,
                    -40.88233084658805
                ],
                [
                    -40.51815431645991,
                    -40.51815431645991,
                    -40.56041635202155,
                    -40.51815431645991,
                    -40.51815431645991,
                    -40.51815431645991,
                    -40.51815431645991,
                    -40.56041635202155,
                    -40.56041635202155,
                    -40.56041635202155,
                    -40.51815431645991
                ],
                [
                    -40.968702918708914,
                    -40.968702918708914,
                    -41.08581190004543,
                    -40.968702918708914,
                    -40.968702918708914,
                    -40.968702918708914,
                    -40.968702918708914,
                    -41.08581190004543,
                    -41.08581190004543,
                    -41.08581190004543,
                    -40.968702918708914
                ],
                [
                    -39.839657076889125,
                    -39.839657076889125,
                    -40.704397247248835,
                    -39.839657076889125,
                    -39.839657076889125,
                    -39.839657076889125,
                    -39.839657076889125,
                    -40.704397247248835,
                    -40.704397247248835,
                    -40.704397247248835,
                    -39.839657076889125
                ]
            ]
        ],
        "prompt_sensitivities": [
            0.012490906389001919
        ],
        "posix": 0.012490906389001919
    }
}