{
    "file_name": "question_334_variants.json",
    "overall_posix": 0.0,
    "detailed_scores": [
        {
            "Variation 1": 0.0,
            "Variation 2": 0.0,
            "Variation 3": 0.0,
            "Variation 4": 0.0,
            "Variation 5": 0.0,
            "Variation 6": 0.0,
            "Variation 7": 0.0,
            "Variation 8": 0.0,
            "Variation 9": 0.0,
            "Variation 10": 0.0
        }
    ],
    "trace": {
        "prompts": [
            "Is there a pleural effusion present on the X-ray? - No Please choose from the following two options: [yes, no]\n<image>"
        ],
        "responses": [
            [
                "The chest X-ray does not show any pleural effusion. ",
                "The chest X-ray does not show any pleural effusion. ",
                "The chest X-ray does not show any pleural effusion. ",
                "The chest X-ray does not show any pleural effusion. ",
                "The chest X-ray does not show any pleural effusion. ",
                "The chest X-ray does not show any pleural effusion. ",
                "The chest X-ray does not show any pleural effusion. ",
                "The chest X-ray does not show any pleural effusion. ",
                "The chest X-ray does not show any pleural effusion. ",
                "The chest X-ray does not show any pleural effusion. ",
                "The chest X-ray does not show any pleural effusion. "
            ]
        ],
        "logprob_matrices": [
            [
                [
                    -40.77354307891801,
                    -40.77354307891801,
                    -40.77354307891801,
                    -40.77354307891801,
                    -40.77354307891801,
                    -40.77354307891801,
                    -40.77354307891801,
                    -40.77354307891801,
                    -40.77354307891801,
                    -40.77354307891801,
                    -40.77354307891801
                ],
                [
                    -41.79073093755869,
                    -41.79073093755869,
                    -41.79073093755869,
                    -41.79073093755869,
                    -41.79073093755869,
                    -41.79073093755869,
                    -41.79073093755869,
                    -41.79073093755869,
                    -41.79073093755869,
                    -41.79073093755869,
                    -41.79073093755869
                ],
                [
                    -42.17921134057906,
                    -42.17921134057906,
                    -42.17921134057906,
                    -42.17921134057906,
                    -42.17921134057906,
                    -42.17921134057906,
                    -42.17921134057906,
                    -42.17921134057906,
                    -42.17921134057906,
                    -42.17921134057906,
                    -42.17921134057906
                ],
                [
                    -42.39627683490289,
                    -42.39627683490289,
                    -42.39627683490289,
                    -42.39627683490289,
                    -42.39627683490289,
                    -42.39627683490289,
                    -42.39627683490289,
                    -42.39627683490289,
                    -42.39627683490289,
                    -42.39627683490289,
                    -42.39627683490289
                ],
                [
                    -42.541833286188194,
                    -42.541833286188194,
                    -42.541833286188194,
                    -42.541833286188194,
                    -42.541833286188194,
                    -42.541833286188194,
                    -42.541833286188194,
                    -42.541833286188194,
                    -42.541833286188194,
                    -42.541833286188194,
                    -42.541833286188194
                ],
                [
                    -41.67001132151199,
                    -41.67001132151199,
                    -41.67001132151199,
                    -41.67001132151199,
                    -41.67001132151199,
                    -41.67001132151199,
                    -41.67001132151199,
                    -41.67001132151199,
                    -41.67001132151199,
                    -41.67001132151199,
                    -41.67001132151199
                ],
                [
                    -41.922103046697885,
                    -41.922103046697885,
                    -41.922103046697885,
                    -41.922103046697885,
                    -41.922103046697885,
                    -41.922103046697885,
                    -41.922103046697885,
                    -41.922103046697885,
                    -41.922103046697885,
                    -41.922103046697885,
                    -41.922103046697885
                ],
                [
                    -41.883687455145264,
                    -41.883687455145264,
                    -41.883687455145264,
                    -41.883687455145264,
                    -41.883687455145264,
                    -41.883687455145264,
                    -41.883687455145264,
                    -41.883687455145264,
                    -41.883687455145264,
                    -41.883687455145264,
                    -41.883687455145264
                ],
                [
                    -41.86782675923132,
                    -41.86782675923132,
                    -41.86782675923132,
                    -41.86782675923132,
                    -41.86782675923132,
                    -41.86782675923132,
                    -41.86782675923132,
                    -41.86782675923132,
                    -41.86782675923132,
                    -41.86782675923132,
                    -41.86782675923132
                ],
                [
                    -42.88781461945655,
                    -42.88781461945655,
                    -42.88781461945655,
                    -42.88781461945655,
                    -42.88781461945655,
                    -42.88781461945655,
                    -42.88781461945655,
                    -42.88781461945655,
                    -42.88781461945655,
                    -42.88781461945655,
                    -42.88781461945655
                ],
                [
                    -42.24018634702588,
                    -42.24018634702588,
                    -42.24018634702588,
                    -42.24018634702588,
                    -42.24018634702588,
                    -42.24018634702588,
                    -42.24018634702588,
                    -42.24018634702588,
                    -42.24018634702588,
                    -42.24018634702588,
                    -42.24018634702588
                ]
            ]
        ],
        "prompt_sensitivities": [
            0.0
        ],
        "posix": 0.0
    }
}