{
    "file_name": "question_314_variants.json",
    "overall_posix": 0.05177693265408483,
    "detailed_scores": [
        {
            "Variation 1": 0.18674719388302133,
            "Variation 2": 0.18674719388302133,
            "Variation 3": 0.18674719388302133,
            "Variation 4": 0.18674719388302133,
            "Variation 5": 0.18674719388302133,
            "Variation 6": 0.0,
            "Variation 7": 0.18674719388302133,
            "Variation 8": 0.18674719388302133,
            "Variation 9": 0.18674719388302133,
            "Variation 10": 0.18674719388302133
        }
    ],
    "trace": {
        "prompts": [
            "Are the lungs underexpanded on the chest X-ray? Please choose from the following two options: [yes, no]\n<image>"
        ],
        "responses": [
            [
                "Yes, the chest X-ray shows that the lungs are underexpanded. ",
                "The chest X-ray shows that the lungs are not underexpanded. ",
                "The chest X-ray shows that the lungs are not underexpanded. ",
                "The chest X-ray shows that the lungs are not underexpanded. ",
                "The chest X-ray shows that the lungs are not underexpanded. ",
                "The chest X-ray shows that the lungs are not underexpanded. ",
                "Yes, the chest X-ray shows that the lungs are underexpanded. ",
                "The chest X-ray shows that the lungs are not underexpanded. ",
                "The chest X-ray shows that the lungs are not underexpanded. ",
                "The chest X-ray shows that the lungs are not underexpanded. ",
                "The chest X-ray shows that the lungs are not underexpanded. "
            ]
        ],
        "logprob_matrices": [
            [
                [
                    -40.9624935941215,
                    -44.5106902778989,
                    -44.5106902778989,
                    -44.5106902778989,
                    -44.5106902778989,
                    -44.5106902778989,
                    -40.9624935941215,
                    -44.5106902778989,
                    -44.5106902778989,
                    -44.5106902778989,
                    -44.5106902778989
                ],
                [
                    -40.884284708312634,
                    -43.83142998663834,
                    -43.83142998663834,
                    -43.83142998663834,
                    -43.83142998663834,
                    -43.83142998663834,
                    -40.884284708312634,
                    -43.83142998663834,
                    -43.83142998663834,
                    -43.83142998663834,
                    -43.83142998663834
                ],
                [
                    -40.45065055063651,
                    -43.614372138497856,
                    -43.614372138497856,
                    -43.614372138497856,
                    -43.614372138497856,
                    -43.614372138497856,
                    -40.45065055063651,
                    -43.614372138497856,
                    -43.614372138497856,
                    -43.614372138497856,
                    -43.614372138497856
                ],
                [
                    -41.36549794470852,
                    -43.81828293022045,
                    -43.81828293022045,
                    -43.81828293022045,
                    -43.81828293022045,
                    -43.81828293022045,
                    -41.36549794470852,
                    -43.81828293022045,
                    -43.81828293022045,
                    -43.81828293022045,
                    -43.81828293022045
                ],
                [
                    -41.033768500544966,
                    -43.9993090333478,
                    -43.9993090333478,
                    -43.9993090333478,
                    -43.9993090333478,
                    -43.9993090333478,
                    -41.033768500544966,
                    -43.9993090333478,
                    -43.9993090333478,
                    -43.9993090333478,
                    -43.9993090333478
                ],
                [
                    -40.611661983410386,
                    -43.60858768563412,
                    -43.60858768563412,
                    -43.60858768563412,
                    -43.60858768563412,
                    -43.60858768563412,
                    -40.611661983410386,
                    -43.60858768563412,
                    -43.60858768563412,
                    -43.60858768563412,
                    -43.60858768563412
                ],
                [
                    -41.61856355001055,
                    -44.700269344432854,
                    -44.700269344432854,
                    -44.700269344432854,
                    -44.700269344432854,
                    -44.700269344432854,
                    -41.61856355001055,
                    -44.700269344432854,
                    -44.700269344432854,
                    -44.700269344432854,
                    -44.700269344432854
                ],
                [
                    -41.32149182322519,
                    -44.55002668427642,
                    -44.55002668427642,
                    -44.55002668427642,
                    -44.55002668427642,
                    -44.55002668427642,
                    -41.32149182322519,
                    -44.55002668427642,
                    -44.55002668427642,
                    -44.55002668427642,
                    -44.55002668427642
                ],
                [
                    -41.656855962639156,
                    -44.12599127595013,
                    -44.12599127595013,
                    -44.12599127595013,
                    -44.12599127595013,
                    -44.12599127595013,
                    -41.656855962639156,
                    -44.12599127595013,
                    -44.12599127595013,
                    -44.12599127595013,
                    -44.12599127595013
                ],
                [
                    -41.23777889523603,
                    -43.985220127177854,
                    -43.985220127177854,
                    -43.985220127177854,
                    -43.985220127177854,
                    -43.985220127177854,
                    -41.23777889523603,
                    -43.985220127177854,
                    -43.985220127177854,
                    -43.985220127177854,
                    -43.985220127177854
                ],
                [
                    -41.92818796975939,
                    -44.50678318369819,
                    -44.50678318369819,
                    -44.50678318369819,
                    -44.50678318369819,
                    -44.50678318369819,
                    -41.92818796975939,
                    -44.50678318369819,
                    -44.50678318369819,
                    -44.50678318369819,
                    -44.50678318369819
                ]
            ]
        ],
        "prompt_sensitivities": [
            0.05177693265408483
        ],
        "posix": 0.05177693265408483
    }
}