{
    "file_name": "question_204_variants.json",
    "overall_posix": 0.04466831636287732,
    "detailed_scores": [
        {
            "Variation 1": 0.0,
            "Variation 2": 0.0,
            "Variation 3": 0.16617816119577627,
            "Variation 4": 0.0,
            "Variation 5": 0.16617816119577627,
            "Variation 6": 0.0,
            "Variation 7": 0.0,
            "Variation 8": 0.0,
            "Variation 9": 0.0,
            "Variation 10": 0.0
        }
    ],
    "trace": {
        "prompts": [
            "Is there a presence of a foreign body within the lungs? Please choose from the following two options: [yes, no]\n<image>"
        ],
        "responses": [
            [
                "Yes, there appears to be a foreign body within the lungs. ",
                "Yes, there appears to be a foreign body within the lungs. ",
                "Yes, there appears to be a foreign body within the lungs. ",
                "The chest X-ray does not show any signs of a foreign body within the lungs. ",
                "Yes, there appears to be a foreign body within the lungs. ",
                "The chest X-ray does not show any signs of a foreign body within the lungs. ",
                "Yes, there appears to be a foreign body within the lungs. ",
                "Yes, there appears to be a foreign body within the lungs. ",
                "Yes, there appears to be a foreign body within the lungs. ",
                "Yes, there appears to be a foreign body within the lungs. ",
                "Yes, there appears to be a foreign body within the lungs. "
            ]
        ],
        "logprob_matrices": [
            [
                [
                    -41.39202053332974,
                    -41.39202053332974,
                    -41.39202053332974,
                    -44.88176191844104,
                    -41.39202053332974,
                    -44.88176191844104,
                    -41.39202053332974,
                    -41.39202053332974,
                    -41.39202053332974,
                    -41.39202053332974,
                    -41.39202053332974
                ],
                [
                    -42.84623240698784,
                    -42.84623240698784,
                    -42.84623240698784,
                    -45.12768198484264,
                    -42.84623240698784,
                    -45.12768198484264,
                    -42.84623240698784,
                    -42.84623240698784,
                    -42.84623240698784,
                    -42.84623240698784,
                    -42.84623240698784
                ],
                [
                    -42.50333944504382,
                    -42.50333944504382,
                    -42.50333944504382,
                    -45.084192173788324,
                    -42.50333944504382,
                    -45.084192173788324,
                    -42.50333944504382,
                    -42.50333944504382,
                    -42.50333944504382,
                    -42.50333944504382,
                    -42.50333944504382
                ],
                [
                    -42.45961682960842,
                    -42.45961682960842,
                    -42.45961682960842,
                    -45.148289307107916,
                    -42.45961682960842,
                    -45.148289307107916,
                    -42.45961682960842,
                    -42.45961682960842,
                    -42.45961682960842,
                    -42.45961682960842,
                    -42.45961682960842
                ],
                [
                    -42.972762591432,
                    -42.972762591432,
                    -42.972762591432,
                    -44.89008308266784,
                    -42.972762591432,
                    -44.89008308266784,
                    -42.972762591432,
                    -42.972762591432,
                    -42.972762591432,
                    -42.972762591432,
                    -42.972762591432
                ],
                [
                    -43.03966331251377,
                    -43.03966331251377,
                    -43.03966331251377,
                    -45.44679716524843,
                    -43.03966331251377,
                    -45.44679716524843,
                    -43.03966331251377,
                    -43.03966331251377,
                    -43.03966331251377,
                    -43.03966331251377,
                    -43.03966331251377
                ],
                [
                    -42.9331640817918,
                    -42.9331640817918,
                    -42.9331640817918,
                    -44.98089024656656,
                    -42.9331640817918,
                    -44.98089024656656,
                    -42.9331640817918,
                    -42.9331640817918,
                    -42.9331640817918,
                    -42.9331640817918,
                    -42.9331640817918
                ],
                [
                    -42.522775324706345,
                    -42.522775324706345,
                    -42.522775324706345,
                    -44.404706386558246,
                    -42.522775324706345,
                    -44.404706386558246,
                    -42.522775324706345,
                    -42.522775324706345,
                    -42.522775324706345,
                    -42.522775324706345,
                    -42.522775324706345
                ],
                [
                    -42.99246942399077,
                    -42.99246942399077,
                    -42.99246942399077,
                    -45.92282944402541,
                    -42.99246942399077,
                    -45.92282944402541,
                    -42.99246942399077,
                    -42.99246942399077,
                    -42.99246942399077,
                    -42.99246942399077,
                    -42.99246942399077
                ],
                [
                    -41.95524408615711,
                    -41.95524408615711,
                    -41.95524408615711,
                    -44.54500891431235,
                    -41.95524408615711,
                    -44.54500891431235,
                    -41.95524408615711,
                    -41.95524408615711,
                    -41.95524408615711,
                    -41.95524408615711,
                    -41.95524408615711
                ],
                [
                    -42.54370187411587,
                    -42.54370187411587,
                    -42.54370187411587,
                    -44.319354877530714,
                    -42.54370187411587,
                    -44.319354877530714,
                    -42.54370187411587,
                    -42.54370187411587,
                    -42.54370187411587,
                    -42.54370187411587,
                    -42.54370187411587
                ]
            ]
        ],
        "prompt_sensitivities": [
            0.04466831636287732
        ],
        "posix": 0.04466831636287732
    }
}