{
    "file_name": "question_163_variants_results.json",
    "overall_posix": 0.6599267838697392,
    "detailed_scores": [
        {
            "Variation 1": 0.0,
            "Variation 2": 1.2629558542695511,
            "Variation 3": 0.7089558565816045,
            "Variation 4": 0.33381825314472735,
            "Variation 5": 0.40161475909761585,
            "Variation 6": 0.37251336032123716,
            "Variation 7": 0.9469183104618537,
            "Variation 8": 0.7508525091085781,
            "Variation 9": 1.1801131670495293,
            "Variation 10": 0.9639314623891551
        }
    ],
    "trace": {
        "prompts": [
            "Is there any evidence of rib fractures on the chest X-ray? Please choose from the following two options: [yes, no]\n<image>"
        ],
        "responses": [
            [
                "The chest x-ray does not show any evidence of rib fractures. ",
                "The chest x-ray does not show any evidence of rib fractures. ",
                "No, there are no visible fractures of any ribs in this chest radiograph. ",
                "The chest X-ray image does not show any signs of rib fracture. ",
                "Yes, the chest X-ray shows fractured ribs. ",
                "Yes, the chest X-ray shows radiographic findings suggestive of rib fractures. ",
                "The chest x-ray does not show any evidence of rib fracture. ",
                "The chest radiograph shows normal ribs, which means that there are no visible abnormalities or signs of fracture in the ribs. ",
                "No, there are no visible fractures of the ribcage in the chest X-ray image. ",
                "The chest X-ray does not show a pattern consistent with rib fracture or other rib-related abnormalities. ",
                "The chest radiograph does not show any visible signs of rib fracture. "
            ]
        ],
        "logprob_matrices": [
            [
                [
                    -39.907361348836275,
                    -39.907361348836275,
                    -66.42943428849685,
                    -53.37752262388676,
                    -45.24845339915191,
                    -48.34127128988621,
                    -46.612601834618545,
                    -70.2087472836156,
                    -57.92782156744215,
                    -71.77041685917357,
                    -57.258127671841066
                ],
                [
                    -39.907361348836275,
                    -39.907361348836275,
                    -66.42943428849685,
                    -53.37752262388676,
                    -45.24845339915191,
                    -48.34127128988621,
                    -46.612601834618545,
                    -70.2087472836156,
                    -57.92782156744215,
                    -71.77041685917357,
                    -57.258127671841066
                ],
                [
                    -48.57708133597043,
                    -48.57708133597043,
                    -39.9186650085212,
                    -60.16688446686021,
                    -48.70629192928027,
                    -56.25019169830193,
                    -52.51977557581267,
                    -65.87808670479717,
                    -56.618341316861915,
                    -78.62669154361356,
                    -50.50666752742836
                ],
                [
                    -46.95137265619269,
                    -46.95137265619269,
                    -69.41122119006468,
                    -41.66233878114326,
                    -51.01148473529429,
                    -54.291787245359956,
                    -45.82475368123414,
                    -68.3380109096579,
                    -59.539826327694755,
                    -72.88399101520281,
                    -52.28486243169755
                ],
                [
                    -45.75290896083243,
                    -45.75290896083243,
                    -64.13053539561224,
                    -52.89376917847949,
                    -40.540889806424275,
                    -49.614890778456356,
                    -48.63761747032186,
                    -69.1316208905373,
                    -58.31415187246603,
                    -68.76394570705816,
                    -56.0621709752013
                ],
                [
                    -46.33248354110401,
                    -46.33248354110401,
                    -64.3303291760094,
                    -55.03131029577344,
                    -48.770715904458484,
                    -41.3069256321869,
                    -51.04890411969973,
                    -66.22091388638364,
                    -62.65002232813276,
                    -74.77987235214096,
                    -58.22531652834732
                ],
                [
                    -42.193524415939464,
                    -42.193524415939464,
                    -65.11911045794841,
                    -48.00898738417527,
                    -45.613421035694955,
                    -49.05735237513454,
                    -40.60911055798351,
                    -68.47876568701395,
                    -58.42874734599991,
                    -69.22483454050598,
                    -52.886250257026404
                ],
                [
                    -51.310543747327756,
                    -51.310543747327756,
                    -60.196010536077665,
                    -56.09889468691836,
                    -49.789175249199616,
                    -55.651252172148816,
                    -50.792020838242024,
                    -47.711206501189736,
                    -71.08636311837472,
                    -74.94232302547607,
                    -50.787589501502225
                ],
                [
                    -48.93007183553709,
                    -48.93007183553709,
                    -63.18628144027025,
                    -51.86379967881476,
                    -48.61672513408848,
                    -56.41682263685743,
                    -52.18962548552372,
                    -77.98941525621922,
                    -40.35576730194134,
                    -76.64348052757668,
                    -55.97184327954892
                ],
                [
                    -50.57807034216239,
                    -50.57807034216239,
                    -72.21060076408321,
                    -53.69731817700813,
                    -50.658361811979375,
                    -52.938438009822676,
                    -49.4349727803783,
                    -63.49492905349598,
                    -66.79684432602699,
                    -43.14747948911645,
                    -58.350800146581605
                ],
                [
                    -49.39196479081875,
                    -49.39196479081875,
                    -55.67181650272687,
                    -54.33553837338695,
                    -51.5874670487392,
                    -54.69550265138969,
                    -48.65269393537892,
                    -64.30700725946372,
                    -62.55452287688968,
                    -74.00159192965657,
                    -43.00019632425392
                ]
            ]
        ],
        "prompt_sensitivities": [
            0.6599267838697392
        ],
        "posix": 0.6599267838697392
    }
}