{
    "file_name": "question_243_variants_results.json",
    "overall_posix": 1.1676415883412152,
    "detailed_scores": [
        {
            "Variation 1": 0.9406553296503262,
            "Variation 2": 0.0,
            "Variation 3": 0.9016531205668477,
            "Variation 4": 1.268521671254651,
            "Variation 5": 1.6577026829001782,
            "Variation 6": 1.9696984221053653,
            "Variation 7": 1.1459550490725026,
            "Variation 8": 1.1508904112696048,
            "Variation 9": 0.5782170384989417,
            "Variation 10": 1.602403778284497
        }
    ],
    "trace": {
        "prompts": [
            "Is the heart's contour abnormal on the patient's chest X-ray? Please choose from the following two options: [yes, no]\n<image>"
        ],
        "responses": [
            [
                "The chest x-ray shows a normal heart contour. ",
                "The cardiac silhouette appears to be irregular in the chest X-ray. ",
                "The chest x-ray shows a normal heart contour. ",
                "Yes, the chest radiograph shows an abnormal cardiac shape. ",
                "Yes, the cardiac contour appears to be not normal in appearance on the X-ray image. ",
                "Yes, the heart's outline appears to deviate from its expected configuration on the chest film. ",
                "No, there are no unusual cardiac borders visible on this radiograph. ",
                "Yes, the cardiac silhouette appears to be not symmetrical on this chest X-ray. ",
                "The heart's shape appears to be normal in this radiographic image. ",
                "The cardiac contour appears to be normal in this chest X-ray. ",
                "Yes, the cardiac silhouette appears to be not as expected on this chest radiograph. "
            ]
        ],
        "logprob_matrices": [
            [
                [
                    -42.69569751785457,
                    -62.44945944051142,
                    -42.69569751785457,
                    -58.02380056749098,
                    -73.1402176279662,
                    -80.82285922455867,
                    -78.15026911575114,
                    -70.19861869559463,
                    -63.41172492070746,
                    -53.68182124933446,
                    -79.550984418398
                ],
                [
                    -55.69667041811408,
                    -44.90685359569852,
                    -55.69667041811408,
                    -65.18769509746926,
                    -78.03991186089843,
                    -90.91655970216198,
                    -75.60278976493282,
                    -57.77692986618331,
                    -68.48015994482375,
                    -52.10971126552795,
                    -73.38489588541233
                ],
                [
                    -42.69569751785457,
                    -62.44945944051142,
                    -42.69569751785457,
                    -58.02380056749098,
                    -73.1402176279662,
                    -80.82285922455867,
                    -78.15026911575114,
                    -70.19861869559463,
                    -63.41172492070746,
                    -53.68182124933446,
                    -79.550984418398
                ],
                [
                    -55.02004455644055,
                    -67.57036121928832,
                    -55.02004455644055,
                    -39.62505831919407,
                    -78.2762316435983,
                    -88.35250508657919,
                    -71.4675202232902,
                    -74.22063188866014,
                    -66.69647571583846,
                    -60.23110599670326,
                    -75.34363858186407
                ],
                [
                    -56.30782491907303,
                    -56.76869016067576,
                    -56.30782491907303,
                    -61.32223932721536,
                    -41.70684017043823,
                    -83.31206541967549,
                    -73.69825644197408,
                    -60.669648574834355,
                    -63.01494297212594,
                    -46.9352547376493,
                    -65.73031620913389
                ],
                [
                    -53.43913582479581,
                    -61.661378840508405,
                    -53.43913582479581,
                    -58.5696555521572,
                    -75.87459087496973,
                    -39.58725621719623,
                    -78.5646183930221,
                    -68.40922345756553,
                    -62.08722573478735,
                    -56.48252212052466,
                    -71.14116644917522
                ],
                [
                    -58.80199017835548,
                    -62.94711472018389,
                    -58.80199017835548,
                    -55.0800908015226,
                    -74.3236934550514,
                    -83.39403054004651,
                    -39.69185352934073,
                    -63.452536927565234,
                    -63.02391985025315,
                    -53.988595787406666,
                    -68.22613265475957
                ],
                [
                    -58.21098396632078,
                    -51.549676889779676,
                    -58.21098396632078,
                    -64.5005378680653,
                    -74.0417621645538,
                    -87.97054343075433,
                    -78.15457762085134,
                    -41.18953433750835,
                    -68.8600117748656,
                    -54.68132158413573,
                    -68.89043349055555
                ],
                [
                    -56.342975574109005,
                    -57.89352343133942,
                    -56.342975574109005,
                    -55.33086997066857,
                    -75.33070953996503,
                    -80.65400744384897,
                    -72.61434805340832,
                    -66.45061878912384,
                    -43.919728712973665,
                    -56.57506851150538,
                    -75.02778266591486
                ],
                [
                    -51.022087085220846,
                    -60.18636064277234,
                    -51.022087085220846,
                    -56.90989902315778,
                    -61.487553591272444,
                    -87.22891647911092,
                    -64.14439974137349,
                    -60.74571621907671,
                    -63.61853173208874,
                    -43.70766804224331,
                    -72.08158956022817
                ],
                [
                    -59.80754041945329,
                    -58.61288846172556,
                    -59.80754041945329,
                    -55.329112312727375,
                    -75.17609759536572,
                    -83.3190773307615,
                    -73.75579668406863,
                    -59.448182295657716,
                    -67.97687879767545,
                    -56.15796551493986,
                    -41.201455332795376
                ]
            ]
        ],
        "prompt_sensitivities": [
            1.1676415883412152
        ],
        "posix": 1.1676415883412152
    }
}