{
    "file_name": "question_266_variants.json",
    "overall_posix": 0.33462477413132746,
    "detailed_scores": [
        {
            "Variation 1": 0.0,
            "Variation 2": 0.0918820213316524,
            "Variation 3": 1.1774483076913622,
            "Variation 4": 0.7463464452049812,
            "Variation 5": 0.0918820213316524,
            "Variation 6": 0.9642675951981801,
            "Variation 7": 0.0007681301429566583,
            "Variation 8": 0.0007681301429566583,
            "Variation 9": 0.0,
            "Variation 10": 0.0007681301429566583
        }
    ],
    "trace": {
        "prompts": [
            "Is the size of the heart within normal limits according to the X-ray image? Please choose from the following two options: [yes, no]\n<image>"
        ],
        "responses": [
            [
                "Yes, the X-ray image shows a normal-sized heart. ",
                "Yes, the X-ray image shows a normal-sized heart. ",
                "The size of the heart in the X-ray image appears to be within normal limits. ",
                "Yes, the heaet appears to be within normal limits according to the X-ray image. ",
                "Yes, the sze of the heart appears to be within normal limits according to the X-ray image. ",
                "The size of the heart in the X-ray image appears to be within normal limits. ",
                "Yes, the size of the heart in the rhe X-ray image appears to be within normal limits. ",
                "Yes, the size of the heart in the X-ray image appears to be within normal limits. ",
                "Yes, the size of the heart in the X-ray image appears to be within normal limits. ",
                "Yes, the X-ray image shows a normal-sized heart. ",
                "Yes, the size of the heart in the X-ray image appears to be within normal limits. "
            ]
        ],
        "logprob_matrices": [
            [
                [
                    -41.04137525251281,
                    -41.04137525251281,
                    -42.97089770047751,
                    -68.12268632941414,
                    -59.700036382637336,
                    -42.97089770047751,
                    -65.14806513246731,
                    -41.05904224580081,
                    -41.05904224580081,
                    -41.04137525251281,
                    -41.05904224580081
                ],
                [
                    -40.6144407287793,
                    -40.6144407287793,
                    -41.9818607841662,
                    -67.5270173526369,
                    -59.135361222150095,
                    -41.9818607841662,
                    -64.14468845975352,
                    -40.29275735563897,
                    -40.29275735563897,
                    -40.6144407287793,
                    -40.29275735563897
                ],
                [
                    -41.35234907758786,
                    -41.35234907758786,
                    -42.49795967107275,
                    -67.5002132610498,
                    -59.54534904828324,
                    -42.49795967107275,
                    -64.97864852234488,
                    -41.075386148388134,
                    -41.075386148388134,
                    -41.35234907758786,
                    -41.075386148388134
                ],
                [
                    -50.54760073565558,
                    -50.54760073565558,
                    -50.02316115584472,
                    -42.51684108863628,
                    -67.60012667080446,
                    -50.02316115584472,
                    -73.30242633455782,
                    -49.73192028232006,
                    -49.73192028232006,
                    -50.54760073565558,
                    -49.73192028232006
                ],
                [
                    -44.46194445222136,
                    -44.46194445222136,
                    -45.66190902841481,
                    -69.61536903157685,
                    -41.19518791962582,
                    -45.66190902841481,
                    -67.01310216754791,
                    -44.37637672393976,
                    -44.37637672393976,
                    -44.46194445222136,
                    -44.37637672393976
                ],
                [
                    -41.85242756774824,
                    -41.85242756774824,
                    -42.812218439386925,
                    -67.24966453598608,
                    -59.8300396261875,
                    -42.812218439386925,
                    -65.0010713840602,
                    -41.42522149550496,
                    -41.42522149550496,
                    -41.85242756774824,
                    -41.42522149550496
                ],
                [
                    -43.70013433339773,
                    -43.70013433339773,
                    -45.18572325335117,
                    -69.6178667380882,
                    -62.528098216833314,
                    -45.18572325335117,
                    -40.02128482087937,
                    -43.1666847403103,
                    -43.1666847403103,
                    -43.70013433339773,
                    -43.1666847403103
                ],
                [
                    -42.38521858549211,
                    -42.38521858549211,
                    -42.571305513280095,
                    -66.60248420972493,
                    -57.73644700290242,
                    -42.571305513280095,
                    -63.895939180016285,
                    -41.24887276066511,
                    -41.24887276066511,
                    -42.38521858549211,
                    -41.24887276066511
                ],
                [
                    -41.51252082262363,
                    -41.51252082262363,
                    -42.544790191703214,
                    -66.25681452502613,
                    -58.85909853296289,
                    -42.544790191703214,
                    -61.79595595487626,
                    -41.18324292325087,
                    -41.18324292325087,
                    -41.51252082262363,
                    -41.18324292325087
                ],
                [
                    -41.33292045876442,
                    -41.33292045876442,
                    -42.907050069450634,
                    -68.41433538531419,
                    -60.06299013629177,
                    -42.907050069450634,
                    -65.17572024323454,
                    -41.40139839213589,
                    -41.40139839213589,
                    -41.33292045876442,
                    -41.40139839213589
                ],
                [
                    -41.68713132078119,
                    -41.68713132078119,
                    -42.55669942555687,
                    -66.94911520010646,
                    -58.3802663876595,
                    -42.55669942555687,
                    -64.10990698536625,
                    -40.79372059993693,
                    -40.79372059993693,
                    -41.68713132078119,
                    -40.79372059993693
                ]
            ]
        ],
        "prompt_sensitivities": [
            0.33462477413132746
        ],
        "posix": 0.33462477413132746
    }
}