{
    "file_name": "question_160_variants.json",
    "overall_posix": 0.5355504795663368,
    "detailed_scores": [
        {
            "Variation 1": 0.0,
            "Variation 2": 0.8525345942864972,
            "Variation 3": 0.0,
            "Variation 4": 1.3759824815277335,
            "Variation 5": 0.0,
            "Variation 6": 1.2090140748373441,
            "Variation 7": 1.0687232559437316,
            "Variation 8": 0.0,
            "Variation 9": 0.9083892405793909,
            "Variation 10": 0.0
        }
    ],
    "trace": {
        "prompts": [
            "Does the patient have streaky and patchy bibasilar opacities? Please choose from the following two options: [yes, no]\n<image>"
        ],
        "responses": [
            [
                "Yes, the patient has streaky and patchy bibasilar opacities. ",
                "Yes, the patient has streaky and patchy bibasilar opacities. ",
                "Yes, the patient has strekay and patchy bibasilar opacities. ",
                "Yes, the patient has streaky and patchy bibasilar opacities. ",
                "Yes, the patient has streaky and patchy bibasilar opaciteis. ",
                "Yes, the patient has streaky and patchy bibasilar opacities. ",
                "Yes, the patient has streaky and patchy bibasilae opacities. ",
                "Yes, the patient has steraky and patchy bibasilar opacities. ",
                "Yes, the patient has streaky and patchy bibasilar opacities. ",
                "The patient does not have streaky and patchy bibasilar opacities. ",
                "Yes, the patient has streaky and patchy bibasilar opacities. "
            ]
        ],
        "logprob_matrices": [
            [
                [
                    -40.54773014671531,
                    -40.54773014671531,
                    -59.30349122101825,
                    -40.54773014671531,
                    -70.81934474032545,
                    -40.54773014671531,
                    -67.14603979313688,
                    -62.99091852153367,
                    -40.54773014671531,
                    -60.53229343946191,
                    -40.54773014671531
                ],
                [
                    -40.21646555571408,
                    -40.21646555571408,
                    -58.840248851813385,
                    -40.21646555571408,
                    -66.87636927388553,
                    -40.21646555571408,
                    -66.41661432671299,
                    -61.76030562277515,
                    -40.21646555571408,
                    -60.3241705157202,
                    -40.21646555571408
                ],
                [
                    -45.283528610970166,
                    -45.283528610970166,
                    -40.87140345625764,
                    -45.283528610970166,
                    -75.18229099819098,
                    -45.283528610970166,
                    -70.53992077827752,
                    -58.57672471486137,
                    -45.283528610970166,
                    -61.321729214484776,
                    -45.283528610970166
                ],
                [
                    -40.95503899529922,
                    -40.95503899529922,
                    -59.8208232673544,
                    -40.95503899529922,
                    -70.26273810627572,
                    -40.95503899529922,
                    -54.56351310232867,
                    -63.263389334741305,
                    -40.95503899529922,
                    -60.3828161481747,
                    -40.95503899529922
                ],
                [
                    -42.43425467922157,
                    -42.43425467922157,
                    -61.43020923928316,
                    -42.43425467922157,
                    -40.91052383924148,
                    -42.43425467922157,
                    -67.25379561526961,
                    -64.3837783674694,
                    -42.43425467922157,
                    -61.396043697903224,
                    -42.43425467922157
                ],
                [
                    -40.72511750787908,
                    -40.72511750787908,
                    -59.506538806943354,
                    -40.72511750787908,
                    -68.68190656517345,
                    -40.72511750787908,
                    -67.11299282436357,
                    -63.41508497101495,
                    -40.72511750787908,
                    -60.911873398120406,
                    -40.72511750787908
                ],
                [
                    -44.45945355026379,
                    -44.45945355026379,
                    -63.02406641802372,
                    -44.45945355026379,
                    -71.59870153091651,
                    -44.45945355026379,
                    -41.44953094044865,
                    -65.02189014263058,
                    -44.45945355026379,
                    -62.27070018679706,
                    -44.45945355026379
                ],
                [
                    -49.40556229173728,
                    -49.40556229173728,
                    -58.815277020934275,
                    -49.40556229173728,
                    -77.96763997077016,
                    -49.40556229173728,
                    -74.70601006501875,
                    -40.74235611620213,
                    -49.40556229173728,
                    -63.4791179500711,
                    -49.40556229173728
                ],
                [
                    -41.914078185057235,
                    -41.914078185057235,
                    -59.95117280062959,
                    -41.914078185057235,
                    -71.43315896922309,
                    -41.914078185057235,
                    -68.29124447482582,
                    -61.063391132308425,
                    -41.914078185057235,
                    -61.36335178740501,
                    -41.914078185057235
                ],
                [
                    -41.467155190076255,
                    -41.467155190076255,
                    -60.31903990570504,
                    -41.467155190076255,
                    -70.11141626341191,
                    -41.467155190076255,
                    -66.69863468002222,
                    -61.45219032532623,
                    -41.467155190076255,
                    -41.179025643524994,
                    -41.467155190076255
                ],
                [
                    -40.783633308482194,
                    -40.783633308482194,
                    -59.8676886844255,
                    -40.783633308482194,
                    -71.00085893650817,
                    -40.783633308482194,
                    -66.56355588948873,
                    -61.40478731344683,
                    -40.783633308482194,
                    -60.25783607790049,
                    -40.783633308482194
                ]
            ]
        ],
        "prompt_sensitivities": [
            0.5355504795663368
        ],
        "posix": 0.5355504795663368
    }
}