{
    "file_name": "question_221_variants.json",
    "overall_posix": 0.7043077422933888,
    "detailed_scores": [
        {
            "Variation 1": 1.192406787252966,
            "Variation 2": 1.546088178070022,
            "Variation 3": 1.6635455040059892,
            "Variation 4": 0.0,
            "Variation 5": 0.03895035985818948,
            "Variation 6": 0.0,
            "Variation 7": 0.936449028851178,
            "Variation 8": 0.6896356420348378,
            "Variation 9": 0.0,
            "Variation 10": 1.0296776077509449
        }
    ],
    "trace": {
        "prompts": [
            "Are there any large pleural effusions present on the chest X-ray? Please choose from the following two options: [yes, no]\n<image>"
        ],
        "responses": [
            [
                "No, there are no large pleural effusions present on the chest X-ray. ",
                "No, there are no blarge pleural effusions present on the chest X-ray. ",
                "No, there are no large pleural effusilns present on the chest X-ray. ",
                "The chest X-ray does not show any lakrge pleural effusions. ",
                "No, there are no large pleural effusions present on the chest X-ray. ",
                "The chest x-ray does not show any large pleural effusions. ",
                "No, there are no large pleural effusions present on the chest X-ray. ",
                "No, there are no nay large pleural effusions present on the chest X-ray. ",
                "No, there are no large pleura effusions present on the chest X-ray. ",
                "No, there are no large pleural effusions present on the chest X-ray. ",
                "No, there are no large pleural effusions present on the rhe chest X-ray. "
            ]
        ],
        "logprob_matrices": [
            [
                [
                    -40.68325740525097,
                    -66.91620672481622,
                    -76.24328550086148,
                    -75.61771298937674,
                    -40.68325740525097,
                    -41.38436388269838,
                    -40.68325740525097,
                    -62.22158506882806,
                    -55.165605887982565,
                    -40.68325740525097,
                    -64.3658423835227
                ],
                [
                    -48.668376320891184,
                    -39.5808776660524,
                    -81.26392823058632,
                    -69.13369584524844,
                    -48.668376320891184,
                    -48.113029107189504,
                    -48.668376320891184,
                    -66.74926254370439,
                    -57.8920162245322,
                    -48.668376320891184,
                    -70.66408490622416
                ],
                [
                    -41.871870283646786,
                    -66.60511977733404,
                    -40.95243552898228,
                    -74.80232472032912,
                    -41.871870283646786,
                    -42.14825139661116,
                    -41.871870283646786,
                    -62.29611055715304,
                    -55.444355588136204,
                    -41.871870283646786,
                    -64.92997262868357
                ],
                [
                    -51.39601607180521,
                    -60.59101770868983,
                    -84.6901378543098,
                    -41.77416029434062,
                    -51.39601607180521,
                    -50.82458797811705,
                    -51.39601607180521,
                    -71.1387824522244,
                    -61.668696931783415,
                    -51.39601607180521,
                    -72.53512276909896
                ],
                [
                    -40.55326391028302,
                    -66.3772936274363,
                    -75.36153507397012,
                    -73.51828721704442,
                    -40.55326391028302,
                    -42.88651431402377,
                    -40.55326391028302,
                    -61.703569584213255,
                    -54.70626573724803,
                    -40.55326391028302,
                    -59.62918417603669
                ],
                [
                    -39.84198553742863,
                    -65.84970187675754,
                    -74.44217463800305,
                    -73.37205647171868,
                    -39.84198553742863,
                    -40.87815783795577,
                    -39.84198553742863,
                    -60.22272916653492,
                    -54.22053378945384,
                    -39.84198553742863,
                    -60.73966925367495
                ],
                [
                    -40.83423705295672,
                    -62.999135716205274,
                    -76.09673871672521,
                    -72.09225154134037,
                    -40.83423705295672,
                    -41.90367083619185,
                    -40.83423705295672,
                    -52.61173487977794,
                    -54.91133818341768,
                    -40.83423705295672,
                    -63.90312901497191
                ],
                [
                    -41.378249652738305,
                    -63.45122150162206,
                    -77.53544746622447,
                    -75.0265696700717,
                    -41.378249652738305,
                    -42.5502142849582,
                    -41.378249652738305,
                    -40.232959470465175,
                    -55.317784883744025,
                    -41.378249652738305,
                    -63.35906717379385
                ],
                [
                    -43.09602197132335,
                    -67.81577878475582,
                    -78.51060629735457,
                    -77.10458520048269,
                    -43.09602197132335,
                    -43.468473546919995,
                    -43.09602197132335,
                    -64.51711495192467,
                    -40.67843744109268,
                    -43.09602197132335,
                    -67.39737861909816
                ],
                [
                    -39.63363979605083,
                    -65.43841317239094,
                    -75.05925293557948,
                    -72.965440193826,
                    -39.63363979605083,
                    -40.57718273174396,
                    -39.63363979605083,
                    -60.12330358955933,
                    -54.1396992629052,
                    -39.63363979605083,
                    -61.566779004067484
                ],
                [
                    -42.38027697626785,
                    -67.82513795129489,
                    -77.65795750012148,
                    -75.00280591129922,
                    -42.38027697626785,
                    -42.22886528149229,
                    -42.38027697626785,
                    -62.63110772372602,
                    -56.35561016149586,
                    -42.38027697626785,
                    -40.29824467126946
                ]
            ]
        ],
        "prompt_sensitivities": [
            0.7043077422933888
        ],
        "posix": 0.7043077422933888
    }
}