{
    "file_name": "question_39_variants.json",
    "overall_posix": 0.4509441830976454,
    "detailed_scores": [
        {
            "Variation 1": 0.08296449087656048,
            "Variation 2": 1.0778852281509899,
            "Variation 3": 1.4789324328557996,
            "Variation 4": 0.41381708868779243,
            "Variation 5": 0.0,
            "Variation 6": 0.08296449087656048,
            "Variation 7": 0.0,
            "Variation 8": 0.0,
            "Variation 9": 0.0,
            "Variation 10": 1.3845621388948832
        }
    ],
    "trace": {
        "prompts": [
            "Is the heart size of the patient abnormal? Please choose from the following two options: [yes, no]\n<image>"
        ],
        "responses": [
            [
                "The heart size of the patient appears to be normal. ",
                "Yes, the heart size of the patient appears to be abnormal. ",
                "The heart size of the paetient appears to be normal. ",
                "The heart size of the thw patient appears to be normal. ",
                "The heart size of the patient appears to be abnormal, as it is described as being larger than normal. ",
                "The heart size of the patient appears to be normal. ",
                "Yes, the heart size of the patient appears to be abnormal. ",
                "The heart size of the patient appears to be normal. ",
                "The heart size of the patient appears to be normal. ",
                "The heart size of the patient appears to be normal. ",
                "The heatr size of the patient appears to be normal. "
            ]
        ],
        "logprob_matrices": [
            [
                [
                    -40.46557699528057,
                    -41.8759733401821,
                    -57.71174064569641,
                    -64.12849592097336,
                    -50.81100421247538,
                    -40.46557699528057,
                    -41.8759733401821,
                    -40.46557699528057,
                    -40.46557699528057,
                    -40.46557699528057,
                    -61.23400907870382
                ],
                [
                    -40.67551640071906,
                    -40.48157033303869,
                    -57.634657273767516,
                    -62.54152789717773,
                    -49.33193368738284,
                    -40.67551640071906,
                    -40.48157033303869,
                    -40.67551640071906,
                    -40.67551640071906,
                    -40.67551640071906,
                    -61.165551468671765
                ],
                [
                    -41.66044222158962,
                    -42.93063411177718,
                    -41.267238975153305,
                    -63.997706581809325,
                    -51.74163720221259,
                    -41.66044222158962,
                    -42.93063411177718,
                    -41.66044222158962,
                    -41.66044222158962,
                    -41.66044222158962,
                    -62.190552870801184
                ],
                [
                    -40.32995384489186,
                    -41.865234861004865,
                    -58.13313857652247,
                    -40.05736050021369,
                    -51.059199348906986,
                    -40.32995384489186,
                    -41.865234861004865,
                    -40.32995384489186,
                    -40.32995384489186,
                    -40.32995384489186,
                    -61.01900688797468
                ],
                [
                    -40.96757154644001,
                    -40.34085766787757,
                    -57.13983491406543,
                    -64.28728897729889,
                    -47.63305685471278,
                    -40.96757154644001,
                    -40.34085766787757,
                    -40.96757154644001,
                    -40.96757154644001,
                    -40.96757154644001,
                    -61.46984456042992
                ],
                [
                    -41.03828332800185,
                    -40.965968884847825,
                    -58.14567232580157,
                    -63.01347501715645,
                    -49.81082456704462,
                    -41.03828332800185,
                    -40.965968884847825,
                    -41.03828332800185,
                    -41.03828332800185,
                    -41.03828332800185,
                    -61.435098407557234
                ],
                [
                    -40.7118123670225,
                    -39.50904255898786,
                    -57.40789779601619,
                    -63.69921567331767,
                    -46.96833928988781,
                    -40.7118123670225,
                    -39.50904255898786,
                    -40.7118123670225,
                    -40.7118123670225,
                    -40.7118123670225,
                    -60.55914133315673
                ],
                [
                    -40.33959588292055,
                    -41.41898402542574,
                    -56.97713112900965,
                    -62.947466912854,
                    -50.7247268446954,
                    -40.33959588292055,
                    -41.41898402542574,
                    -40.33959588292055,
                    -40.33959588292055,
                    -40.33959588292055,
                    -60.74419588979799
                ],
                [
                    -41.705154645082075,
                    -43.56887730085873,
                    -53.166009308130015,
                    -63.24142667098204,
                    -51.85793682478834,
                    -41.705154645082075,
                    -43.56887730085873,
                    -41.705154645082075,
                    -41.705154645082075,
                    -41.705154645082075,
                    -62.96257416700246
                ],
                [
                    -39.949226647557225,
                    -41.294061211374355,
                    -57.57699543144554,
                    -63.69977719767485,
                    -50.26182120258454,
                    -39.949226647557225,
                    -41.294061211374355,
                    -39.949226647557225,
                    -39.949226647557225,
                    -39.949226647557225,
                    -60.82971684070071
                ],
                [
                    -46.476985756715294,
                    -49.8294420936727,
                    -63.610360175021924,
                    -69.22601576545276,
                    -56.29695075424388,
                    -46.476985756715294,
                    -49.8294420936727,
                    -46.476985756715294,
                    -46.476985756715294,
                    -46.476985756715294,
                    -41.83018609631108
                ]
            ]
        ],
        "prompt_sensitivities": [
            0.4509441830976454
        ],
        "posix": 0.4509441830976454
    }
}