{
    "file_name": "question_31_variants.json",
    "overall_posix": 0.32024581081532005,
    "detailed_scores": [
        {
            "Variation 1": 0.0,
            "Variation 2": 0.0,
            "Variation 3": 0.0,
            "Variation 4": 0.06413793319730261,
            "Variation 5": 0.0,
            "Variation 6": 0.408445741854065,
            "Variation 7": 1.147983123546712,
            "Variation 8": 0.0,
            "Variation 9": 1.5028349091584232,
            "Variation 10": 0.0
        }
    ],
    "trace": {
        "prompts": [
            "Is there any focal infiltrate visible in the patient's lungs on the chest X-ray? Please choose from the following two options: [yes, no]\n<image>"
        ],
        "responses": [
            [
                "The chest x-ray does not show any focal infiltrate. ",
                "The chest x-ray does not show any focal infiltrate. ",
                "The chest x-ray does not show any focal infiltrate. ",
                "The chest x-ray does not show any focal infiltrate. ",
                "The patient's chest x-ray does not show any focal infiltrate. ",
                "The chest x-ray does not show any focal infiltrate. ",
                "No, there is no focal infarct visible in the patient's lungs on the chest X-ray. ",
                "The chest x-ray does not show any focal infiltrate in the pztient's lungs. ",
                "The chest x-ray does not show any focal infiltrate. ",
                "The chest x-ray does not show any focal infilyrate. ",
                "The chest x-ray does not show any focal infiltrate. "
            ]
        ],
        "logprob_matrices": [
            [
                [
                    -43.60229444439324,
                    -43.60229444439324,
                    -43.60229444439324,
                    -43.60229444439324,
                    -45.013328974733895,
                    -43.60229444439324,
                    -54.63032947445299,
                    -74.59783878015446,
                    -43.60229444439324,
                    -70.65332280924486,
                    -43.60229444439324
                ],
                [
                    -43.80856238136312,
                    -43.80856238136312,
                    -43.80856238136312,
                    -43.80856238136312,
                    -44.904363883904125,
                    -43.80856238136312,
                    -55.066323483062206,
                    -71.74322747492556,
                    -43.80856238136312,
                    -70.84400176858617,
                    -43.80856238136312
                ],
                [
                    -43.621168511619544,
                    -43.621168511619544,
                    -43.621168511619544,
                    -43.621168511619544,
                    -45.02938448376153,
                    -43.621168511619544,
                    -54.754529345352694,
                    -70.41976264318328,
                    -43.621168511619544,
                    -70.5925043983516,
                    -43.621168511619544
                ],
                [
                    -43.57834601403192,
                    -43.57834601403192,
                    -43.57834601403192,
                    -43.57834601403192,
                    -45.001492006245826,
                    -43.57834601403192,
                    -52.42441321264141,
                    -72.36971797767274,
                    -43.57834601403192,
                    -69.01551217755332,
                    -43.57834601403192
                ],
                [
                    -43.914317809916156,
                    -43.914317809916156,
                    -43.914317809916156,
                    -43.914317809916156,
                    -43.44369029632662,
                    -43.914317809916156,
                    -54.751769495645476,
                    -72.39170949752543,
                    -43.914317809916156,
                    -70.7349731526374,
                    -43.914317809916156
                ],
                [
                    -43.89185459849182,
                    -43.89185459849182,
                    -43.89185459849182,
                    -43.89185459849182,
                    -45.254924794802946,
                    -43.89185459849182,
                    -54.761042144332805,
                    -74.75170437053725,
                    -43.89185459849182,
                    -71.11758749329965,
                    -43.89185459849182
                ],
                [
                    -47.80963198939571,
                    -47.80963198939571,
                    -47.80963198939571,
                    -47.80963198939571,
                    -49.10027438892939,
                    -47.80963198939571,
                    -41.82352952323936,
                    -77.9674674940652,
                    -47.80963198939571,
                    -65.36413664615975,
                    -47.80963198939571
                ],
                [
                    -43.92460270874426,
                    -43.92460270874426,
                    -43.92460270874426,
                    -43.92460270874426,
                    -47.87479077870012,
                    -43.92460270874426,
                    -56.586920658256076,
                    -44.10559296022029,
                    -43.92460270874426,
                    -70.62542041527195,
                    -43.92460270874426
                ],
                [
                    -43.54760189732656,
                    -43.54760189732656,
                    -43.54760189732656,
                    -43.54760189732656,
                    -44.86126270639011,
                    -43.54760189732656,
                    -54.43587036765575,
                    -72.87179640891077,
                    -43.54760189732656,
                    -70.48599955057944,
                    -43.54760189732656
                ],
                [
                    -48.27514830824657,
                    -48.27514830824657,
                    -48.27514830824657,
                    -48.27514830824657,
                    -49.635786142931465,
                    -48.27514830824657,
                    -45.772774697642944,
                    -77.47464269991178,
                    -48.27514830824657,
                    -44.085517522034934,
                    -48.27514830824657
                ],
                [
                    -43.49034354167543,
                    -43.49034354167543,
                    -43.49034354167543,
                    -43.49034354167543,
                    -45.34110701731197,
                    -43.49034354167543,
                    -59.90558229792941,
                    -77.55542510688747,
                    -43.49034354167543,
                    -70.66983840319881,
                    -43.49034354167543
                ]
            ]
        ],
        "prompt_sensitivities": [
            0.32024581081532005
        ],
        "posix": 0.32024581081532005
    }
}