{
    "file_name": "question_9_variants.json",
    "overall_posix": 0.348807705703525,
    "detailed_scores": [
        {
            "Variation 1": 1.130348016668563,
            "Variation 2": 0.0,
            "Variation 3": 0.05456530299898077,
            "Variation 4": 0.0,
            "Variation 5": 0.9237492756837388,
            "Variation 6": 0.0,
            "Variation 7": 0.0,
            "Variation 8": 0.0,
            "Variation 9": 0.0,
            "Variation 10": 0.9418090762407474
        }
    ],
    "trace": {
        "prompts": [
            "Is the lung field clear on the chest X-ray? Please choose from the following two options: [yes, no]\n<image>"
        ],
        "responses": [
            [
                "Yes, the lung field appears to be clear on the chest X-ray. ",
                "Yes, the lung field appears to be cleaf on the chest X-ray. ",
                "Yes, the lung field appears to be clear on the chest X-ray. ",
                "Yes, the chest X-ray shows clear lung fields. ",
                "Yes, the lung field appears to be clear on the chest X-ray. ",
                "Yes, the lung field appears to be clear on the cehst X-ray. ",
                "Yes, the lung field appears to be clear on the chest X-ray. ",
                "Yes, the lung field appears to be clear on the chest X-ray. ",
                "Yes, the lung field appears to be clear on the chest X-ray. ",
                "Yes, the lung field appears to be clear on the chest X-ray. ",
                "Yes, the lunt field appears to be clear on the chest X-ray. "
            ]
        ],
        "logprob_matrices": [
            [
                [
                    -41.393265383674134,
                    -64.0002257170454,
                    -41.393265383674134,
                    -42.211744928658845,
                    -41.393265383674134,
                    -60.79200017303265,
                    -41.393265383674134,
                    -41.393265383674134,
                    -41.393265383674134,
                    -41.393265383674134,
                    -60.22944690848908
                ],
                [
                    -43.02599223598736,
                    -39.856975227002295,
                    -43.02599223598736,
                    -44.774005550756556,
                    -43.02599223598736,
                    -62.79741984931388,
                    -43.02599223598736,
                    -43.02599223598736,
                    -43.02599223598736,
                    -43.02599223598736,
                    -61.598497804447106
                ],
                [
                    -39.82522423047794,
                    -61.73315396381895,
                    -39.82522423047794,
                    -41.05401751339559,
                    -39.82522423047794,
                    -58.81801240587447,
                    -39.82522423047794,
                    -39.82522423047794,
                    -39.82522423047794,
                    -39.82522423047794,
                    -57.694558551922455
                ],
                [
                    -45.11101987899292,
                    -64.73594506977042,
                    -45.11101987899292,
                    -39.654793711044476,
                    -45.11101987899292,
                    -64.28706916989358,
                    -45.11101987899292,
                    -45.11101987899292,
                    -45.11101987899292,
                    -45.11101987899292,
                    -61.87344555814889
                ],
                [
                    -40.908619554306824,
                    -63.48564411043753,
                    -40.908619554306824,
                    -41.747801745489596,
                    -40.908619554306824,
                    -60.49510891063255,
                    -40.908619554306824,
                    -40.908619554306824,
                    -40.908619554306824,
                    -40.908619554306824,
                    -59.160867951533874
                ],
                [
                    -41.98679412764068,
                    -64.6939489255492,
                    -41.98679412764068,
                    -43.5788570009463,
                    -41.98679412764068,
                    -39.99418973009233,
                    -41.98679412764068,
                    -41.98679412764068,
                    -41.98679412764068,
                    -41.98679412764068,
                    -59.126817030410166
                ],
                [
                    -40.33096069405565,
                    -56.53254854307397,
                    -40.33096069405565,
                    -42.121743154200885,
                    -40.33096069405565,
                    -59.88860082539759,
                    -40.33096069405565,
                    -40.33096069405565,
                    -40.33096069405565,
                    -40.33096069405565,
                    -58.74447196066376
                ],
                [
                    -41.77130434370656,
                    -64.03407120679822,
                    -41.77130434370656,
                    -42.57641477917059,
                    -41.77130434370656,
                    -61.0144502290168,
                    -41.77130434370656,
                    -41.77130434370656,
                    -41.77130434370656,
                    -41.77130434370656,
                    -60.571643627101366
                ],
                [
                    -40.26720272610464,
                    -61.264093801396484,
                    -40.26720272610464,
                    -41.21098095972775,
                    -40.26720272610464,
                    -59.12984567428066,
                    -40.26720272610464,
                    -40.26720272610464,
                    -40.26720272610464,
                    -40.26720272610464,
                    -58.61462621424198
                ],
                [
                    -40.30982273711561,
                    -62.86642386649828,
                    -40.30982273711561,
                    -42.180149864978375,
                    -40.30982273711561,
                    -58.84034866172169,
                    -40.30982273711561,
                    -40.30982273711561,
                    -40.30982273711561,
                    -40.30982273711561,
                    -57.92710432566764
                ],
                [
                    -47.18132136568147,
                    -67.32847906461393,
                    -47.18132136568147,
                    -45.37782613657146,
                    -47.18132136568147,
                    -65.75708120539275,
                    -47.18132136568147,
                    -47.18132136568147,
                    -47.18132136568147,
                    -47.18132136568147,
                    -40.789533108200885
                ]
            ]
        ],
        "prompt_sensitivities": [
            0.348807705703525
        ],
        "posix": 0.348807705703525
    }
}