{
    "file_name": "question_345_variants.json",
    "overall_posix": 0.3109177360233057,
    "detailed_scores": [
        {
            "Variation 1": 0.7375799043634081,
            "Variation 2": 0.0,
            "Variation 3": 1.067916202107054,
            "Variation 4": 0.0,
            "Variation 5": 0.0,
            "Variation 6": 0.023932047111451367,
            "Variation 7": 0.1809388140923797,
            "Variation 8": 0.0,
            "Variation 9": 0.0,
            "Variation 10": 0.6712036747391851
        }
    ],
    "trace": {
        "prompts": [
            "Is the pulmonary vascularity abnormal on the X-ray? Please choose from the following two options: [yes, no]\n<image>"
        ],
        "responses": [
            [
                "The pulmonary vascularity appears to be normal on the chest X-ray. ",
                "The plumonary vascularity appears to be normal on the chest X-ray. ",
                "The pulmonary vascularity appears to be normal on the chest X-ray. ",
                "The pulmonary yvascularity appears to be normal on the chest X-ray. ",
                "The pulmonary vascularity appears to be normal on the chest X-ray. ",
                "The pulmonary vascularity appears to be normal on the chest X-ray. ",
                "The pulmonary vascularity appears to be normal in the chest X-ray. ",
                "The pulmonary vasculature appears to be normal on the chest X-ray. ",
                "The pulmonary vascularity appears to be normal on the chest X-ray. ",
                "The pulmonary vascularity appears to be normal on the chest X-ray. ",
                "The pulmonary vascularit appears to be normal on the chest X-ray. "
            ]
        ],
        "logprob_matrices": [
            [
                [
                    -43.132833187218694,
                    -59.35959108321367,
                    -43.132833187218694,
                    -66.62698963357388,
                    -43.132833187218694,
                    -43.132833187218694,
                    -43.63540617655917,
                    -46.93254828315867,
                    -43.132833187218694,
                    -43.132833187218694,
                    -57.22811035674158
                ],
                [
                    -45.57761602606115,
                    -42.86385265040826,
                    -45.57761602606115,
                    -67.89700050612737,
                    -45.57761602606115,
                    -45.57761602606115,
                    -46.06598658092116,
                    -48.76853180213948,
                    -45.57761602606115,
                    -45.57761602606115,
                    -58.996676266004215
                ],
                [
                    -42.74675579487439,
                    -58.97025684054461,
                    -42.74675579487439,
                    -64.18392127197649,
                    -42.74675579487439,
                    -42.74675579487439,
                    -43.24050319787193,
                    -46.708353020750565,
                    -42.74675579487439,
                    -42.74675579487439,
                    -56.79293165744593
                ],
                [
                    -45.35571719935069,
                    -62.05135063351918,
                    -45.35571719935069,
                    -42.540686636402825,
                    -45.35571719935069,
                    -45.35571719935069,
                    -45.882529604154115,
                    -47.93315913311562,
                    -45.35571719935069,
                    -45.35571719935069,
                    -59.923775706809465
                ],
                [
                    -42.23442660805358,
                    -57.9232710288652,
                    -42.23442660805358,
                    -61.626302962041336,
                    -42.23442660805358,
                    -42.23442660805358,
                    -42.8909393605054,
                    -46.552560992347026,
                    -42.23442660805358,
                    -42.23442660805358,
                    -56.25755879978988
                ],
                [
                    -42.398031104554775,
                    -58.90988285349158,
                    -42.398031104554775,
                    -63.829888711677995,
                    -42.398031104554775,
                    -42.398031104554775,
                    -43.018062188885324,
                    -46.14641421220176,
                    -42.398031104554775,
                    -42.398031104554775,
                    -56.94214675408921
                ],
                [
                    -47.751745389490225,
                    -63.15312978610382,
                    -47.751745389490225,
                    -69.61878749151538,
                    -47.751745389490225,
                    -47.751745389490225,
                    -42.180062435999844,
                    -51.464946049210994,
                    -47.751745389490225,
                    -47.751745389490225,
                    -60.96049859123332
                ],
                [
                    -47.310479600874714,
                    -62.09975869024129,
                    -47.310479600874714,
                    -65.46432201869447,
                    -47.310479600874714,
                    -47.310479600874714,
                    -48.072835708061575,
                    -43.43432241811115,
                    -47.310479600874714,
                    -47.310479600874714,
                    -65.11184250933638
                ],
                [
                    -43.21234603519224,
                    -59.80022972131064,
                    -43.21234603519224,
                    -62.1558530351449,
                    -43.21234603519224,
                    -43.21234603519224,
                    -43.45059877975109,
                    -45.56488501023887,
                    -43.21234603519224,
                    -43.21234603519224,
                    -56.982090558765776
                ],
                [
                    -42.921244116625076,
                    -58.625646654414595,
                    -42.921244116625076,
                    -66.2585684546832,
                    -42.921244116625076,
                    -42.921244116625076,
                    -43.13349167122715,
                    -46.44470873349405,
                    -42.921244116625076,
                    -42.921244116625076,
                    -57.26093010002796
                ],
                [
                    -45.855405814430924,
                    -61.27838864065416,
                    -45.855405814430924,
                    -67.54140841225762,
                    -45.855405814430924,
                    -45.855405814430924,
                    -46.65273914764839,
                    -47.31183456361941,
                    -45.855405814430924,
                    -45.855405814430924,
                    -42.48762267998427
                ]
            ]
        ],
        "prompt_sensitivities": [
            0.3109177360233057
        ],
        "posix": 0.3109177360233057
    }
}