{
    "file_name": "question_149_variants.json",
    "overall_posix": 0.4770011864559675,
    "detailed_scores": [
        {
            "Variation 1": 1.3415091874561489,
            "Variation 2": 1.2411712198719822,
            "Variation 3": 0.0,
            "Variation 4": 0.04088604445286436,
            "Variation 5": 0.4712065501547564,
            "Variation 6": 0.0,
            "Variation 7": 1.2633745889536332,
            "Variation 8": 0.0,
            "Variation 9": 1.158877243700577,
            "Variation 10": 0.0
        }
    ],
    "trace": {
        "prompts": [
            "Does the chest X-ray show any signs of focal consolidation? Please choose from the following two options: [yes, no]\n<image>"
        ],
        "responses": [
            [
                "The chest x-ray does not show any signs of focal consolidation. ",
                "The chest X-ray does not show any signs of focal consolifidation. ",
                "The chest X-ray snows no signs of focal consolidation. ",
                "The chest x-ray does not show any signs of focal consolidation. ",
                "The chest X-ray does not show any signs of focal consolidation. ",
                "The thoracic chest X-ray does not show any signs of focal consolidation. ",
                "The chest x-ray does not show any signs of focal consolidation. ",
                "The chest X-ray does not show any signs of focal consokidation. ",
                "The chest x-ray does not show any signs of focal consolidation. ",
                "The chest X-ray does not show any lany signs of focal consolidation. ",
                "The chest x-ray does not show any signs of focal consolidation. "
            ]
        ],
        "logprob_matrices": [
            [
                [
                    -41.0135328989586,
                    -70.52673502299388,
                    -63.35461485665428,
                    -41.0135328989586,
                    -41.790367743563024,
                    -51.851283552518,
                    -41.0135328989586,
                    -67.5443992669849,
                    -41.0135328989586,
                    -65.34995501667072,
                    -41.0135328989586
                ],
                [
                    -41.44145277429925,
                    -43.081090293098896,
                    -63.10089046498797,
                    -41.44145277429925,
                    -41.9608849458873,
                    -51.45984394398329,
                    -41.44145277429925,
                    -64.44818777996761,
                    -41.44145277429925,
                    -64.87959618161949,
                    -41.44145277429925
                ],
                [
                    -41.422388170418344,
                    -70.01542338768422,
                    -42.03751851019388,
                    -41.422388170418344,
                    -41.900895548026256,
                    -51.87660958287779,
                    -41.422388170418344,
                    -66.93816823045427,
                    -41.422388170418344,
                    -64.61448772329277,
                    -41.422388170418344
                ],
                [
                    -41.31056656731016,
                    -67.43609474806544,
                    -64.20852724672841,
                    -41.31056656731016,
                    -42.87541786264592,
                    -52.28861601439712,
                    -41.31056656731016,
                    -64.06600342618731,
                    -41.31056656731016,
                    -65.8181440105891,
                    -41.31056656731016
                ],
                [
                    -40.572568866698475,
                    -68.37592171652238,
                    -61.74802041149769,
                    -40.572568866698475,
                    -40.28859444853322,
                    -49.24634351763734,
                    -40.572568866698475,
                    -65.30125655760719,
                    -40.572568866698475,
                    -63.08868034757688,
                    -40.572568866698475
                ],
                [
                    -41.07988376777098,
                    -69.7278140350611,
                    -62.39220257706256,
                    -41.07988376777098,
                    -41.66804981507471,
                    -42.841799855634235,
                    -41.07988376777098,
                    -66.82170501034693,
                    -41.07988376777098,
                    -64.3212014274086,
                    -41.07988376777098
                ],
                [
                    -40.800530583947875,
                    -60.54477500892858,
                    -62.884743263077326,
                    -40.800530583947875,
                    -41.62155658424922,
                    -51.53343997497268,
                    -40.800530583947875,
                    -62.31360478225429,
                    -40.800530583947875,
                    -64.69483261877758,
                    -40.800530583947875
                ],
                [
                    -41.800567769684676,
                    -58.75301879014978,
                    -62.65720136082746,
                    -41.800567769684676,
                    -42.010341310167405,
                    -51.85925186928216,
                    -41.800567769684676,
                    -41.77335232189262,
                    -41.800567769684676,
                    -64.76700218936094,
                    -41.800567769684676
                ],
                [
                    -41.12547432070278,
                    -68.48305822099792,
                    -61.48299713442066,
                    -41.12547432070278,
                    -41.607501700933426,
                    -51.25145545418491,
                    -41.12547432070278,
                    -64.42874675657367,
                    -41.12547432070278,
                    -64.73743411453324,
                    -41.12547432070278
                ],
                [
                    -43.49687187757536,
                    -72.08756343787263,
                    -63.756057544133455,
                    -43.49687187757536,
                    -43.85891279356747,
                    -53.70304164659683,
                    -43.49687187757536,
                    -69.05807571200148,
                    -43.49687187757536,
                    -42.61572383077328,
                    -43.49687187757536
                ],
                [
                    -40.02867066768249,
                    -69.09329735731626,
                    -62.323729639818794,
                    -40.02867066768249,
                    -40.63472104837456,
                    -50.027866549140526,
                    -40.02867066768249,
                    -66.30623661382742,
                    -40.02867066768249,
                    -63.90474425382672,
                    -40.02867066768249
                ]
            ]
        ],
        "prompt_sensitivities": [
            0.4770011864559675
        ],
        "posix": 0.4770011864559675
    }
}