{
    "file_name": "question_304_variants.json",
    "overall_posix": 0.3839797251612377,
    "detailed_scores": [
        {
            "Variation 1": 0.005354022230591227,
            "Variation 2": 1.1616446760617425,
            "Variation 3": 0.7976123092017392,
            "Variation 4": 0.7963391050470534,
            "Variation 5": 0.0,
            "Variation 6": 0.005354022230591227,
            "Variation 7": 0.005354022230591227,
            "Variation 8": 0.028249263295851722,
            "Variation 9": 1.25870199965718,
            "Variation 10": 0.0025882024357248585
        }
    ],
    "trace": {
        "prompts": [
            "Can we see any pleural effusion on the chest X-ray? Please choose from the following two options: [yes, no]\n<image>"
        ],
        "responses": [
            [
                "Yes, the chest X-ray shows the presence of pleural effusion. ",
                "Yes, the chest X-ray shows pleural effusion. ",
                "Yes, the chest X-ray shows pleural fefusion. ",
                "Yes, an ypleural effusion can be seen on a chest X-ray. It appears as an area of increased opacity or whiteness in the lower part of the lung, which is the area where the pleural effusion is present",
                "Yes, the chest X-ray shows pleura effusion. ",
                "Yes, the chest X-ray shows the presence of pleural effusion. ",
                "Yes, the chest X-ray shows pleural effusion. ",
                "Yes, the chest X-ray shows pleural effusion. ",
                "No, the chest X-ray does not show any pleural effusion. ",
                "Yes, the chest X-ray shows a pleural effusion. ",
                "The chest x-ray does not show any pleural effusion. "
            ]
        ],
        "logprob_matrices": [
            [
                [
                    -40.43002460964726,
                    -40.3443602539578,
                    -60.17798410269688,
                    -81.10825237893596,
                    -53.17145029040012,
                    -40.43002460964726,
                    -40.3443602539578,
                    -40.3443602539578,
                    -39.89328860702608,
                    -63.0866606034765,
                    -40.474024051054585
                ],
                [
                    -40.530367234954156,
                    -40.440391736965466,
                    -60.228587334875556,
                    -80.28930118647054,
                    -53.12694672570797,
                    -40.530367234954156,
                    -40.440391736965466,
                    -40.440391736965466,
                    -39.98890262615669,
                    -62.89044272049796,
                    -40.86761860052502
                ],
                [
                    -41.678063644581016,
                    -39.426315804289516,
                    -39.80709687741273,
                    -85.11631390393859,
                    -52.094553669606285,
                    -41.678063644581016,
                    -39.426315804289516,
                    -39.426315804289516,
                    -39.957556001709236,
                    -62.00363470654247,
                    -40.70995512383524
                ],
                [
                    -49.2739058633033,
                    -48.16013954482514,
                    -66.41787594837842,
                    -48.462728483511114,
                    -57.67730521115482,
                    -49.2739058633033,
                    -48.16013954482514,
                    -48.16013954482514,
                    -44.00698446951901,
                    -65.42491226422862,
                    -44.250979625212494
                ],
                [
                    -42.48014165158202,
                    -41.874405781423775,
                    -61.31612042805318,
                    -82.83822639703476,
                    -40.117605263023506,
                    -42.48014165158202,
                    -41.874405781423775,
                    -41.874405781423775,
                    -42.43610935048491,
                    -59.65387304608976,
                    -42.2304223413812
                ],
                [
                    -40.43002460964726,
                    -40.3443602539578,
                    -60.17798410269688,
                    -81.10825237893596,
                    -53.17145029040012,
                    -40.43002460964726,
                    -40.3443602539578,
                    -40.3443602539578,
                    -39.89328860702608,
                    -63.0866606034765,
                    -40.474024051054585
                ],
                [
                    -40.36758633004911,
                    -40.237105705747126,
                    -59.70074783248219,
                    -80.96946421789426,
                    -52.966875096109106,
                    -40.36758633004911,
                    -40.237105705747126,
                    -40.237105705747126,
                    -39.765363633873676,
                    -62.91702902096131,
                    -40.43545030716996
                ],
                [
                    -39.77844131397251,
                    -39.59900805407415,
                    -58.65786830162142,
                    -78.29401943177072,
                    -51.15116234802008,
                    -39.77844131397251,
                    -39.59900805407415,
                    -39.59900805407415,
                    -39.02967900396834,
                    -60.53672276626821,
                    -40.98453676860663
                ],
                [
                    -40.25061999256923,
                    -39.73321377445154,
                    -59.087233016965,
                    -83.35076331533855,
                    -52.29502041173055,
                    -40.25061999256923,
                    -39.73321377445154,
                    -39.73321377445154,
                    -38.65339450141619,
                    -62.19936667445563,
                    -39.76291390844017
                ],
                [
                    -42.191069597719434,
                    -41.850288231815284,
                    -62.28736106829001,
                    -84.61672652843663,
                    -50.08961783697487,
                    -42.191069597719434,
                    -41.850288231815284,
                    -41.850288231815284,
                    -42.09034356718712,
                    -43.730862689129026,
                    -41.611519923048036
                ],
                [
                    -39.33133943743724,
                    -39.18992436226381,
                    -58.20592918884631,
                    -78.32188460155066,
                    -52.155656441884275,
                    -39.33133943743724,
                    -39.18992436226381,
                    -39.18992436226381,
                    -38.13739695324466,
                    -61.94723126781355,
                    -39.312968822683615
                ]
            ]
        ],
        "prompt_sensitivities": [
            0.3839797251612377
        ],
        "posix": 0.3839797251612377
    }
}