{
    "file_name": "question_219_variants.json",
    "overall_posix": 0.3841366947941851,
    "detailed_scores": [
        {
            "Variation 1": 1.296597881308216,
            "Variation 2": 0.09727828221621969,
            "Variation 3": 0.14484752095826378,
            "Variation 4": 0.2840310854102524,
            "Variation 5": 0.0,
            "Variation 6": 0.2840310854102524,
            "Variation 7": 0.008373971993819396,
            "Variation 8": 0.26261213520524507,
            "Variation 9": 0.0,
            "Variation 10": 1.6985939241195496
        }
    ],
    "trace": {
        "prompts": [
            "Is the patient's heart size abnormal? Please choose from the following two options: [yes, no]\n<image>"
        ],
        "responses": [
            [
                "Yes, the patient's heart size appears to be abnormally enlarged, which is referred to as cardiomegaly. ",
                "The patirnt's heart size appears to be normal. ",
                "Yes, the patient's heart size appears to be abnormal. ",
                "Yes, the patient's heart size appears to be abnormal, as it is described as being enlarged. ",
                "The image shows a normal heart size for the patient. ",
                "Yes, the patient's heart size appears to be abnormally enlarged, which is referred to as cardiomegaly. ",
                "The image shows a normal heart size for the patient. ",
                "The patient's heart size appears to be normal. ",
                "The image shows a normal heart size. ",
                "Yes, the patient's heart size appears to be abnormally enlarged, which is referred to as cardiomegaly. ",
                "The oatient's heart size appears to be normal. "
            ]
        ],
        "logprob_matrices": [
            [
                [
                    -40.9021335192067,
                    -61.647699620138155,
                    -42.555864316882435,
                    -44.81301658507982,
                    -44.878568714950234,
                    -40.9021335192067,
                    -44.878568714950234,
                    -40.78489791129323,
                    -43.790867006464396,
                    -40.9021335192067,
                    -68.0796363051195
                ],
                [
                    -45.2904472892144,
                    -41.12567911681981,
                    -47.22564219318156,
                    -49.87507177676889,
                    -45.792247523670085,
                    -45.2904472892144,
                    -45.792247523670085,
                    -44.46956794877951,
                    -44.071351354476064,
                    -45.2904472892144,
                    -67.5942363479553
                ],
                [
                    -41.28816657503353,
                    -62.32496400843229,
                    -41.340897924249475,
                    -44.83831214515885,
                    -46.56196632416686,
                    -41.28816657503353,
                    -46.56196632416686,
                    -40.74252734432412,
                    -45.69794038141845,
                    -41.28816657503353,
                    -68.29306659093709
                ],
                [
                    -40.53638362980041,
                    -60.89268070625258,
                    -42.132186949445895,
                    -44.519473338896205,
                    -45.316305855929386,
                    -40.53638362980041,
                    -45.316305855929386,
                    -41.12830692848911,
                    -45.01326513593085,
                    -40.53638362980041,
                    -67.59225957648596
                ],
                [
                    -42.830488091321286,
                    -60.9677273700363,
                    -44.64483292905243,
                    -46.961353699205574,
                    -44.157250496093184,
                    -42.830488091321286,
                    -44.157250496093184,
                    -42.55224249105595,
                    -44.236085094395094,
                    -42.830488091321286,
                    -66.44540805455472
                ],
                [
                    -40.84987641422731,
                    -61.435624279329204,
                    -42.25954720279333,
                    -45.31775276526241,
                    -45.21121040690923,
                    -40.84987641422731,
                    -45.21121040690923,
                    -40.78970336442944,
                    -44.12931153655518,
                    -40.84987641422731,
                    -67.73730031208834
                ],
                [
                    -42.81647115813985,
                    -61.28823073604144,
                    -44.609250137105846,
                    -46.977819582058146,
                    -44.2989379207138,
                    -42.81647115813985,
                    -44.2989379207138,
                    -42.61461459577549,
                    -44.361159830354154,
                    -42.81647115813985,
                    -66.35538075408112
                ],
                [
                    -42.02214792947689,
                    -61.2577833479736,
                    -43.106690056898515,
                    -45.78831146393168,
                    -45.96000912832096,
                    -42.02214792947689,
                    -45.96000912832096,
                    -41.39920123804404,
                    -45.21471683005802,
                    -42.02214792947689,
                    -68.26446053567633
                ],
                [
                    -42.75177569650896,
                    -59.37493139572325,
                    -44.422570520639056,
                    -47.14900722400125,
                    -44.22688951832242,
                    -42.75177569650896,
                    -44.22688951832242,
                    -42.07304613778433,
                    -43.974936378828716,
                    -42.75177569650896,
                    -66.15207807179831
                ],
                [
                    -40.9021335192067,
                    -61.647699620138155,
                    -42.555864316882435,
                    -44.81301658507982,
                    -44.878568714950234,
                    -40.9021335192067,
                    -44.878568714950234,
                    -40.78489791129323,
                    -43.790867006464396,
                    -40.9021335192067,
                    -68.0796363051195
                ],
                [
                    -47.88629887490674,
                    -69.20086289098981,
                    -49.69814905378553,
                    -52.4549771028378,
                    -48.9983349138638,
                    -47.88629887490674,
                    -48.9983349138638,
                    -45.69451880061388,
                    -45.601102168438956,
                    -47.88629887490674,
                    -40.17348862030485
                ]
            ]
        ],
        "prompt_sensitivities": [
            0.3841366947941851
        ],
        "posix": 0.3841366947941851
    }
}