{
    "file_name": "question_324_variants.json",
    "overall_posix": 0.3101790814900921,
    "detailed_scores": [
        {
            "Variation 1": 0.0,
            "Variation 2": 0.9358544033883524,
            "Variation 3": 0.06375251338138933,
            "Variation 4": 0.0,
            "Variation 5": 0.14256093453213908,
            "Variation 6": 0.06375251338138933,
            "Variation 7": 0.73733561820945,
            "Variation 8": 0.8249823139818823,
            "Variation 9": 0.08676789998390859,
            "Variation 10": 0.06375251338138933
        }
    ],
    "trace": {
        "prompts": [
            "Does the patient have flattened diaphragms in the chest X-ray? Please choose from the following two options: [yes, no]\n<image>"
        ],
        "responses": [
            [
                "The patient does not have flattened diaphragms in the chest X-ray. ",
                "The patient does not have flattened diaphragms in the chest X-ray. ",
                "Yes, the patient has flattened diaphragms in the chrst X-ray. ",
                "Yes, the patient has flattened diaphragms in the chest X-ray. ",
                "The patient does not have flattened diaphragms in the chest X-ray. ",
                "Yes, the patient has flattened hemidiaphragms in the chest X-ray. ",
                "Yes, the patient has flattened diaphragms in the chest X-ray. ",
                "The patient does not have glattened diaphragms in the chest X-ray. ",
                "The patient does not have flatrened diaphragms in the chest X-ray. ",
                "Yes, the chest X-ray shows flattened diaphragms. ",
                "Yes, the patient has flattened diaphragms in the chest X-ray. "
            ]
        ],
        "logprob_matrices": [
            [
                [
                    -40.07917138355651,
                    -40.07917138355651,
                    -62.53967706487697,
                    -38.61286357578456,
                    -40.07917138355651,
                    -43.64319474685999,
                    -38.61286357578456,
                    -57.037890602373864,
                    -59.053764605139804,
                    -38.34381338387834,
                    -38.61286357578456
                ],
                [
                    -40.22732578326668,
                    -40.22732578326668,
                    -62.935339227774875,
                    -39.14709450977216,
                    -40.22732578326668,
                    -44.71235080592851,
                    -39.14709450977216,
                    -58.62760135301505,
                    -58.95269257725204,
                    -39.41273178140318,
                    -39.14709450977216
                ],
                [
                    -41.123837136371094,
                    -41.123837136371094,
                    -36.9266710016841,
                    -38.92988362005008,
                    -41.123837136371094,
                    -43.22024063727895,
                    -38.92988362005008,
                    -56.35623325113056,
                    -58.55490510142772,
                    -39.59814013703499,
                    -38.92988362005008
                ],
                [
                    -39.698410292830886,
                    -39.698410292830886,
                    -62.124453742767855,
                    -38.327903250328745,
                    -39.698410292830886,
                    -43.79629765631762,
                    -38.327903250328745,
                    -56.33380411179132,
                    -57.546822745925056,
                    -38.58853404583783,
                    -38.327903250328745
                ],
                [
                    -40.74709510726461,
                    -40.74709510726461,
                    -62.81299633733829,
                    -39.27024876963219,
                    -40.74709510726461,
                    -44.6084438469652,
                    -39.27024876963219,
                    -56.56639458854693,
                    -60.13357384763822,
                    -39.350034600858635,
                    -39.27024876963219
                ],
                [
                    -40.38067519693482,
                    -40.38067519693482,
                    -63.60540477131667,
                    -40.036810705534435,
                    -40.38067519693482,
                    -39.466462393766506,
                    -40.036810705534435,
                    -53.133258079185,
                    -56.021910462153755,
                    -40.26834804465625,
                    -40.036810705534435
                ],
                [
                    -40.351058717676096,
                    -40.351058717676096,
                    -61.5636147925934,
                    -39.14552290200845,
                    -40.351058717676096,
                    -44.52353501846392,
                    -39.14552290200845,
                    -56.81717584867647,
                    -59.207550027067555,
                    -40.61629707759175,
                    -39.14552290200845
                ],
                [
                    -47.93237021781124,
                    -47.93237021781124,
                    -69.11504365531323,
                    -46.15070368451029,
                    -47.93237021781124,
                    -50.33745564188848,
                    -46.15070368451029,
                    -40.434726509078246,
                    -63.71113028598438,
                    -46.507735881910776,
                    -46.15070368451029
                ],
                [
                    -43.09249490400771,
                    -43.09249490400771,
                    -65.36364510951307,
                    -41.457561989700935,
                    -43.09249490400771,
                    -46.33274597507443,
                    -41.457561989700935,
                    -59.748618498040514,
                    -39.561833691081574,
                    -40.39524102201494,
                    -41.457561989700935
                ],
                [
                    -40.819269640826406,
                    -40.819269640826406,
                    -62.51126338520817,
                    -39.543663106050644,
                    -40.819269640826406,
                    -44.78438765410465,
                    -39.543663106050644,
                    -55.7380249960529,
                    -60.493993541496366,
                    -38.99202831982075,
                    -39.543663106050644
                ],
                [
                    -40.10128315523116,
                    -40.10128315523116,
                    -62.20400816146366,
                    -38.42005496629827,
                    -40.10128315523116,
                    -43.85028075331866,
                    -38.42005496629827,
                    -55.79450879402157,
                    -58.26796421280051,
                    -38.511896590317974,
                    -38.42005496629827
                ]
            ]
        ],
        "prompt_sensitivities": [
            0.3101790814900921
        ],
        "posix": 0.3101790814900921
    }
}