{
    "file_name": "question_267_variants.json",
    "overall_posix": 0.49854730708251216,
    "detailed_scores": [
        {
            "Variation 1": 0.0,
            "Variation 2": 0.018195340089876385,
            "Variation 3": 0.9694158123081381,
            "Variation 4": 1.7268926887024298,
            "Variation 5": 0.018195340089876385,
            "Variation 6": 0.0,
            "Variation 7": 0.0,
            "Variation 8": 0.0,
            "Variation 9": 1.3769839225494587,
            "Variation 10": 0.9903023553360526
        }
    ],
    "trace": {
        "prompts": [
            "Is there any focal airspace consolidation visible on this chest X-ray? Please choose from the following two options: [yes, no]\n<image>"
        ],
        "responses": [
            [
                "No, there is no focal airspace consolidation visible on this chest X-ray. ",
                "No, there is no focal airspace consolidation visible on this chest X-ray. ",
                "The chest x-ray does not show any focal airspace consolidation. ",
                "The chest x-ray does not show any focal airspace consoildation. ",
                "The thi schest X-ray does not show any focal airspace consolidation. ",
                "The chest x-ray does not show any focal airspace consolidation. ",
                "No, there is no focal airspace consolidation visible on this chest X-ray. ",
                "No, there is no focal airspace consolidation visible on this chest X-ray. ",
                "No, there is no focal airspace consolidation visible on this chest X-ray. ",
                "The chest x-ray does not show any focal irspace consolidation. ",
                "The chest x-ray does not show any focal aiespace consolidation. "
            ]
        ],
        "logprob_matrices": [
            [
                [
                    -40.73189074194579,
                    -40.73189074194579,
                    -41.07760220365344,
                    -61.08962280041669,
                    -78.72352989339925,
                    -41.07760220365344,
                    -40.73189074194579,
                    -40.73189074194579,
                    -40.73189074194579,
                    -66.8945852703855,
                    -60.53793784866684
                ],
                [
                    -39.13879457764688,
                    -39.13879457764688,
                    -39.4033957637439,
                    -59.239337016366335,
                    -75.82268064611344,
                    -39.4033957637439,
                    -39.13879457764688,
                    -39.13879457764688,
                    -39.13879457764688,
                    -65.03570292549557,
                    -58.74207350209326
                ],
                [
                    -40.859476664749764,
                    -40.859476664749764,
                    -41.07025183879705,
                    -60.80924291409974,
                    -77.49294661933891,
                    -41.07025183879705,
                    -40.859476664749764,
                    -40.859476664749764,
                    -40.859476664749764,
                    -66.82046437388453,
                    -60.37228685671653
                ],
                [
                    -42.198978273499506,
                    -42.198978273499506,
                    -42.44326383725638,
                    -41.771556369552854,
                    -77.63020002218946,
                    -42.44326383725638,
                    -42.198978273499506,
                    -42.198978273499506,
                    -42.198978273499506,
                    -67.10379361309242,
                    -61.16167215077439
                ],
                [
                    -41.74528365258175,
                    -41.74528365258175,
                    -41.80969462843677,
                    -61.16599258037422,
                    -42.05336480386404,
                    -41.80969462843677,
                    -41.74528365258175,
                    -41.74528365258175,
                    -41.74528365258175,
                    -66.55682418085235,
                    -60.401166863875915
                ],
                [
                    -40.48484963314445,
                    -40.48484963314445,
                    -40.94401964654753,
                    -60.67501847532185,
                    -77.99335811960918,
                    -40.94401964654753,
                    -40.48484963314445,
                    -40.48484963314445,
                    -40.48484963314445,
                    -66.94999421142347,
                    -60.80315219918339
                ],
                [
                    -40.799524423718594,
                    -40.799524423718594,
                    -41.36281449530361,
                    -62.00720831518083,
                    -76.73523560071226,
                    -41.36281449530361,
                    -40.799524423718594,
                    -40.799524423718594,
                    -40.799524423718594,
                    -66.75874702267902,
                    -60.378516903805576
                ],
                [
                    -40.52472426553004,
                    -40.52472426553004,
                    -41.30201976388889,
                    -59.91843992096801,
                    -76.5915449324093,
                    -41.30201976388889,
                    -40.52472426553004,
                    -40.52472426553004,
                    -40.52472426553004,
                    -66.78082349963915,
                    -61.22000065455177
                ],
                [
                    -40.29864379649189,
                    -40.29864379649189,
                    -41.20604649005327,
                    -60.72142314378107,
                    -76.78441889155874,
                    -41.20604649005327,
                    -40.29864379649189,
                    -40.29864379649189,
                    -40.29864379649189,
                    -66.35520660911789,
                    -60.29018804337102
                ],
                [
                    -48.87779288733054,
                    -48.87779288733054,
                    -47.9986556950862,
                    -65.11040819910522,
                    -83.18848306577638,
                    -47.9986556950862,
                    -48.87779288733054,
                    -48.87779288733054,
                    -48.87779288733054,
                    -41.55109582686782,
                    -69.8019810646856
                ],
                [
                    -45.698942825737504,
                    -45.698942825737504,
                    -44.977698198399594,
                    -63.55692831614215,
                    -79.32835642877762,
                    -44.977698198399594,
                    -45.698942825737504,
                    -45.698942825737504,
                    -45.698942825737504,
                    -63.24343460361342,
                    -41.15382649574531
                ]
            ]
        ],
        "prompt_sensitivities": [
            0.49854730708251216
        ],
        "posix": 0.49854730708251216
    }
}