{
    "file_name": "question_25_variants.json",
    "overall_posix": 0.08685429228759564,
    "detailed_scores": [
        {
            "Variation 1": 0.0,
            "Variation 2": 0.0,
            "Variation 3": 0.05381669398664397,
            "Variation 4": 0.05381669398664397,
            "Variation 5": 0.05381669398664397,
            "Variation 6": 0.0,
            "Variation 7": 0.0,
            "Variation 8": 0.0,
            "Variation 9": 0.8252178704526159,
            "Variation 10": 0.0
        }
    ],
    "trace": {
        "prompts": [
            "Is there any evidence of a foreign body in the chest on the X-ray? Please choose from the following two options: [yes, no]\n<image>"
        ],
        "responses": [
            [
                "The chest x-ray does not show any evidence of a foreign body. ",
                "The chest x-ray does not show any evidence of a foreign body. ",
                "The chest x-ray does not show any evidence of a foreign body. ",
                "The chest X-ray does not show any evidence of a foreign body. ",
                "The chest X-ray does not show any evidence of a foreign body. ",
                "The chest X-ray does not show any evidence of a foreign body. ",
                "The chest x-ray does not show any evidence of a foreign body. ",
                "The chest x-ray does not show any evidence of a foreign body. ",
                "The chest x-ray does not show any evidence of a foreign body. ",
                "The cehst x-ray does not show any evidence of a foreign body. ",
                "The chest x-ray does not show any evidence of a foreign body. "
            ]
        ],
        "logprob_matrices": [
            [
                [
                    -40.62692881730618,
                    -40.62692881730618,
                    -40.62692881730618,
                    -41.59562930906577,
                    -41.59562930906577,
                    -41.59562930906577,
                    -40.62692881730618,
                    -40.62692881730618,
                    -40.62692881730618,
                    -57.1312862263585,
                    -40.62692881730618
                ],
                [
                    -40.26742829356226,
                    -40.26742829356226,
                    -40.26742829356226,
                    -41.413856185998156,
                    -41.413856185998156,
                    -41.413856185998156,
                    -40.26742829356226,
                    -40.26742829356226,
                    -40.26742829356226,
                    -56.68068704260804,
                    -40.26742829356226
                ],
                [
                    -42.145142470282735,
                    -42.145142470282735,
                    -42.145142470282735,
                    -43.1398992442555,
                    -43.1398992442555,
                    -43.1398992442555,
                    -42.145142470282735,
                    -42.145142470282735,
                    -42.145142470282735,
                    -59.92168636119459,
                    -42.145142470282735
                ],
                [
                    -40.59245636491687,
                    -40.59245636491687,
                    -40.59245636491687,
                    -40.65156491342532,
                    -40.65156491342532,
                    -40.65156491342532,
                    -40.59245636491687,
                    -40.59245636491687,
                    -40.59245636491687,
                    -55.92333331218106,
                    -40.59245636491687
                ],
                [
                    -42.57368433981901,
                    -42.57368433981901,
                    -42.57368433981901,
                    -42.5433711530095,
                    -42.5433711530095,
                    -42.5433711530095,
                    -42.57368433981901,
                    -42.57368433981901,
                    -42.57368433981901,
                    -56.322764156691846,
                    -42.57368433981901
                ],
                [
                    -41.93386827532959,
                    -41.93386827532959,
                    -41.93386827532959,
                    -41.30345982102699,
                    -41.30345982102699,
                    -41.30345982102699,
                    -41.93386827532959,
                    -41.93386827532959,
                    -41.93386827532959,
                    -56.60637412474898,
                    -41.93386827532959
                ],
                [
                    -40.61589128378546,
                    -40.61589128378546,
                    -40.61589128378546,
                    -41.168921903801674,
                    -41.168921903801674,
                    -41.168921903801674,
                    -40.61589128378546,
                    -40.61589128378546,
                    -40.61589128378546,
                    -57.732348781923065,
                    -40.61589128378546
                ],
                [
                    -40.94798135384917,
                    -40.94798135384917,
                    -40.94798135384917,
                    -41.815573477613725,
                    -41.815573477613725,
                    -41.815573477613725,
                    -40.94798135384917,
                    -40.94798135384917,
                    -40.94798135384917,
                    -57.19601829601743,
                    -40.94798135384917
                ],
                [
                    -40.737081915081944,
                    -40.737081915081944,
                    -40.737081915081944,
                    -41.664263200022106,
                    -41.664263200022106,
                    -41.664263200022106,
                    -40.737081915081944,
                    -40.737081915081944,
                    -40.737081915081944,
                    -57.08578699552163,
                    -40.737081915081944
                ],
                [
                    -43.5044566130091,
                    -43.5044566130091,
                    -43.5044566130091,
                    -43.33300796573894,
                    -43.33300796573894,
                    -43.33300796573894,
                    -43.5044566130091,
                    -43.5044566130091,
                    -43.5044566130091,
                    -43.831453703402076,
                    -43.5044566130091
                ],
                [
                    -40.649319878662936,
                    -40.649319878662936,
                    -40.649319878662936,
                    -41.10649384032149,
                    -41.10649384032149,
                    -41.10649384032149,
                    -40.649319878662936,
                    -40.649319878662936,
                    -40.649319878662936,
                    -57.44764139242761,
                    -40.649319878662936
                ]
            ]
        ],
        "prompt_sensitivities": [
            0.08685429228759564
        ],
        "posix": 0.08685429228759564
    }
}