{
    "file_name": "question_244_variants.json",
    "overall_posix": 0.6680219267551305,
    "detailed_scores": [
        {
            "Variation 1": 0.040525698532241625,
            "Variation 2": 0.040525698532241625,
            "Variation 3": 0.2303249305319797,
            "Variation 4": 0.0,
            "Variation 5": 1.86205121911882,
            "Variation 6": 0.0,
            "Variation 7": 1.1292306956129323,
            "Variation 8": 0.8458407436248004,
            "Variation 9": 1.9244126421752819,
            "Variation 10": 1.1785668473177273
        }
    ],
    "trace": {
        "prompts": [
            "Does the chest X-ray reveal any lung nodules or masses? Please choose from the following two options: [yes, no]\n<image>"
        ],
        "responses": [
            [
                "The chest x-ray does not show any lung nodules or masses. ",
                "The chest X-ray does not show any lung nodules or masses. ",
                "The chest X-ray does not show any lung nodules or masses. ",
                "The chest X-ray did not reveal any lung nodules or masses. ",
                "The chest x-ray does not show any lung nodules or masses. ",
                "The chest X-ray does not show any anl ung nodules or masses. ",
                "The chest x-ray does not show any lung nodules or masses. ",
                "The chest X-ray does not show any nay lung nodules or masses. ",
                "The chest X-ray does not show any lug nodules or masses. ",
                "The thec hest X-ray does not show any lung nodules or masses. ",
                "The chest x-ray does not show any lung nodules or mwasses. "
            ]
        ],
        "logprob_matrices": [
            [
                [
                    -40.63114909763681,
                    -41.36061167121716,
                    -41.36061167121716,
                    -44.77699784721244,
                    -40.63114909763681,
                    -79.73422469913203,
                    -40.63114909763681,
                    -63.215763009895454,
                    -55.856282482883216,
                    -81.04381458331773,
                    -65.38105289130908
                ],
                [
                    -40.86783628620469,
                    -41.13328835153334,
                    -41.13328835153334,
                    -44.265454239915925,
                    -40.86783628620469,
                    -77.11525135327611,
                    -40.86783628620469,
                    -61.65107909389553,
                    -55.733233604702036,
                    -80.46137235448987,
                    -63.83339346793946
                ],
                [
                    -39.44334693143173,
                    -39.77074426284253,
                    -39.77074426284253,
                    -43.17383376347152,
                    -39.44334693143173,
                    -76.61811118254718,
                    -39.44334693143173,
                    -61.29020259484696,
                    -54.05104747690075,
                    -78.68472802166798,
                    -63.842921260220464
                ],
                [
                    -41.047545729757985,
                    -41.021860923046006,
                    -41.021860923046006,
                    -40.29359405074047,
                    -41.047545729757985,
                    -79.15568607868317,
                    -41.047545729757985,
                    -62.32906213615479,
                    -55.415921111492025,
                    -79.05846239747189,
                    -65.52591233393832
                ],
                [
                    -41.07041229353126,
                    -41.73942121010805,
                    -41.73942121010805,
                    -45.1358634822991,
                    -41.07041229353126,
                    -79.32246510830191,
                    -41.07041229353126,
                    -63.894089334937235,
                    -56.04112446846739,
                    -81.65145366349316,
                    -62.42391949022203
                ],
                [
                    -42.728485301002365,
                    -43.219532576112215,
                    -43.219532576112215,
                    -46.01150197804873,
                    -42.728485301002365,
                    -41.76214912685282,
                    -42.728485301002365,
                    -55.554682665110704,
                    -53.0260825074065,
                    -82.38295647485938,
                    -66.78584519050855
                ],
                [
                    -40.87749130672455,
                    -41.461367458774475,
                    -41.461367458774475,
                    -44.84694887461956,
                    -40.87749130672455,
                    -79.64834960162989,
                    -40.87749130672455,
                    -63.332469956279965,
                    -55.89224989005015,
                    -80.96247066752403,
                    -65.29277323925635
                ],
                [
                    -42.49576078674727,
                    -42.570064572610136,
                    -42.570064572610136,
                    -45.763907553417084,
                    -42.49576078674727,
                    -75.20384723011375,
                    -42.49576078674727,
                    -40.90689427664256,
                    -56.81965644266893,
                    -81.40158554138907,
                    -67.15974684119283
                ],
                [
                    -42.67920023614715,
                    -42.77273679576865,
                    -42.77273679576865,
                    -45.86108376789889,
                    -42.67920023614715,
                    -74.88167943991539,
                    -42.67920023614715,
                    -63.19016199197904,
                    -40.6218953096668,
                    -82.03061185621482,
                    -66.76669095279067
                ],
                [
                    -43.797525568748824,
                    -41.55638597592406,
                    -41.55638597592406,
                    -44.78279694831508,
                    -43.797525568748824,
                    -79.88008984726548,
                    -43.797525568748824,
                    -62.7365172278478,
                    -56.090618465281295,
                    -41.217003253004805,
                    -68.47120202532096
                ],
                [
                    -42.328235997934826,
                    -43.41488696567103,
                    -43.41488696567103,
                    -46.679535327384656,
                    -42.328235997934826,
                    -80.8690426576577,
                    -42.328235997934826,
                    -66.95774033889029,
                    -58.428509604302235,
                    -82.97940269508399,
                    -40.15732926357305
                ]
            ]
        ],
        "prompt_sensitivities": [
            0.6680219267551305
        ],
        "posix": 0.6680219267551305
    }
}