{
    "file_name": "question_12_variants.json",
    "overall_posix": 0.35963543777336177,
    "detailed_scores": [
        {
            "Variation 1": 0.09242920498648968,
            "Variation 2": 1.2215046886700294,
            "Variation 3": 0.0,
            "Variation 4": 1.1061531873809145,
            "Variation 5": 0.09242920498648968,
            "Variation 6": 0.09242920498648968,
            "Variation 7": 0.09242920498648968,
            "Variation 8": 1.4131790372024018,
            "Variation 9": 0.09242920498648968,
            "Variation 10": 0.09242920498648968
        }
    ],
    "trace": {
        "prompts": [
            "Are there signs of pleural effusion in this patient's chest X-ray? Please choose from the following two options: [yes, no]\n<image>"
        ],
        "responses": [
            [
                "Yes, the chest X-ray shows signs of pleural effusion. ",
                "The chest x-ray does not show any signs of pleural effusion. ",
                "The chest x-ray does not show any signs of pleueal effusion. ",
                "Yes, the chest X-ray shows signs of pleural effusion. ",
                "The chest aX-ray does not show any signs of pleural effusion. ",
                "The chest x-ray does not show any signs of pleural effusion. ",
                "The chest x-ray does not show any signs of pleural effusion. ",
                "The chest x-ray does not show any signs of pleural effusion. ",
                "The chest x-ray does not show any signs of pjleural effusion. ",
                "The chest x-ray does not show any signs of pleural effusion. ",
                "The chest x-ray does not show any signs of pleural effusion. "
            ]
        ],
        "logprob_matrices": [
            [
                [
                    -40.27930413485592,
                    -42.035459029599224,
                    -64.7093979082565,
                    -40.27930413485592,
                    -62.40236788247421,
                    -42.035459029599224,
                    -42.035459029599224,
                    -42.035459029599224,
                    -69.95606391610636,
                    -42.035459029599224,
                    -42.035459029599224
                ],
                [
                    -40.41585010547533,
                    -42.06683224509834,
                    -64.36277301407972,
                    -40.41585010547533,
                    -62.15902389638359,
                    -42.06683224509834,
                    -42.06683224509834,
                    -42.06683224509834,
                    -68.47844038638505,
                    -42.06683224509834,
                    -42.06683224509834
                ],
                [
                    -41.853718594711154,
                    -43.66754236927227,
                    -42.43738905389182,
                    -41.853718594711154,
                    -63.836245810147375,
                    -43.66754236927227,
                    -43.66754236927227,
                    -43.66754236927227,
                    -66.71115760982138,
                    -43.66754236927227,
                    -43.66754236927227
                ],
                [
                    -39.76978979466003,
                    -42.04167480582328,
                    -64.10199335525976,
                    -39.76978979466003,
                    -61.33446826054569,
                    -42.04167480582328,
                    -42.04167480582328,
                    -42.04167480582328,
                    -65.83736451023287,
                    -42.04167480582328,
                    -42.04167480582328
                ],
                [
                    -44.22318502243343,
                    -45.414022117383865,
                    -67.41504451219225,
                    -44.22318502243343,
                    -41.88808023875026,
                    -45.414022117383865,
                    -45.414022117383865,
                    -45.414022117383865,
                    -70.51020024498575,
                    -45.414022117383865,
                    -45.414022117383865
                ],
                [
                    -39.32601081098346,
                    -41.57758867271514,
                    -64.43349591416336,
                    -39.32601081098346,
                    -61.63924873539145,
                    -41.57758867271514,
                    -41.57758867271514,
                    -41.57758867271514,
                    -67.81732977189313,
                    -41.57758867271514,
                    -41.57758867271514
                ],
                [
                    -40.88809934200117,
                    -42.63756260403534,
                    -63.95090442563014,
                    -40.88809934200117,
                    -62.711311204737285,
                    -42.63756260403534,
                    -42.63756260403534,
                    -42.63756260403534,
                    -67.55809394694006,
                    -42.63756260403534,
                    -42.63756260403534
                ],
                [
                    -40.25438958873565,
                    -42.37452665670935,
                    -65.09836894858017,
                    -40.25438958873565,
                    -60.15211177504898,
                    -42.37452665670935,
                    -42.37452665670935,
                    -42.37452665670935,
                    -68.60916554080177,
                    -42.37452665670935,
                    -42.37452665670935
                ],
                [
                    -44.521914438325894,
                    -44.945665188657586,
                    -63.37241513727713,
                    -44.521914438325894,
                    -61.537084821466124,
                    -44.945665188657586,
                    -44.945665188657586,
                    -44.945665188657586,
                    -42.44076829662663,
                    -44.945665188657586,
                    -44.945665188657586
                ],
                [
                    -40.073475155295455,
                    -42.151333246496506,
                    -64.0179293182955,
                    -40.073475155295455,
                    -61.98579111903382,
                    -42.151333246496506,
                    -42.151333246496506,
                    -42.151333246496506,
                    -66.7021822514871,
                    -42.151333246496506,
                    -42.151333246496506
                ],
                [
                    -39.41969743043046,
                    -41.73976490298082,
                    -64.22219852098351,
                    -39.41969743043046,
                    -61.61815553089764,
                    -41.73976490298082,
                    -41.73976490298082,
                    -41.73976490298082,
                    -68.37966174042595,
                    -41.73976490298082,
                    -41.73976490298082
                ]
            ]
        ],
        "prompt_sensitivities": [
            0.35963543777336177
        ],
        "posix": 0.35963543777336177
    }
}