{
    "file_name": "question_398_variants.json",
    "overall_posix": 0.6058180001912007,
    "detailed_scores": [
        {
            "Variation 1": 0.96400194248192,
            "Variation 2": 1.7224874459616786,
            "Variation 3": 0.0,
            "Variation 4": 0.0,
            "Variation 5": 0.5956039850551013,
            "Variation 6": 1.2378306476847043,
            "Variation 7": 0.0,
            "Variation 8": 0.944246206012385,
            "Variation 9": 0.028837291104502543,
            "Variation 10": 0.7911276936780842
        }
    ],
    "trace": {
        "prompts": [
            "Is the cardiomediastinal silhouette appearing normal on the chest X-ray? Please choose from the following two options: [yes, no]\n<image>"
        ],
        "responses": [
            [
                "Yes, the chest X-ray shows a normal cardiomediastinal silhouette. ",
                "Yes, the chest X-ray shows a normal cardiomediastinzal silhouette. ",
                "Yes, the chest X-ray shows a normal thec ardiomediastinal silhouette. ",
                "Yes, the chest X-ray shows a normal cardiomediastinal silhouette. ",
                "Yes, the chest X-ray shows a normal cardiomediastinal silhouette. ",
                "Yes, the chest X-ray shows a normal cardiomedistinal silhouette. ",
                "The ardiomediastinal silhouette appears normal on the chest X-ray. ",
                "Yes, the chest X-ray shows a normal cardiomediastinal silhouette. ",
                "Yes, the chest X-ray shows a normal cnardiomediastinal silhouette. ",
                "Yes, the cardiomediastinal silhouette appears normal on the chest X-ray. ",
                "Yes, the chest X-ray shows a normal cardiomedibastinal silhouette. "
            ]
        ],
        "logprob_matrices": [
            [
                [
                    -40.97150502157433,
                    -63.14354969865849,
                    -84.0336911706163,
                    -40.97150502157433,
                    -40.97150502157433,
                    -54.07479269278656,
                    -68.20377927063782,
                    -40.97150502157433,
                    -63.63341396587157,
                    -41.63476271697789,
                    -59.16744197617027
                ],
                [
                    -43.72010483172011,
                    -41.476800584316095,
                    -77.79717616985909,
                    -43.72010483172011,
                    -43.72010483172011,
                    -53.72119722309799,
                    -68.84768699396591,
                    -43.72010483172011,
                    -65.19056477735012,
                    -44.299651272749486,
                    -59.196292619038104
                ],
                [
                    -46.65978318074258,
                    -65.69702060916552,
                    -41.17358834759648,
                    -46.65978318074258,
                    -46.65978318074258,
                    -50.392375789718244,
                    -48.1616070062737,
                    -46.65978318074258,
                    -67.24883970952487,
                    -50.37754008663978,
                    -57.885029115996076
                ],
                [
                    -40.89733177198434,
                    -63.090268409977966,
                    -83.35855357329274,
                    -40.89733177198434,
                    -40.89733177198434,
                    -53.49328570416401,
                    -67.90667829394806,
                    -40.89733177198434,
                    -62.49186276112505,
                    -41.48489278290333,
                    -58.63370366654817
                ],
                [
                    -40.92638248573053,
                    -62.94753871702392,
                    -83.3547176919019,
                    -40.92638248573053,
                    -40.92638248573053,
                    -53.80447282251407,
                    -67.13541047267427,
                    -40.92638248573053,
                    -63.62905653761527,
                    -41.295948862148066,
                    -59.07201027995143
                ],
                [
                    -48.89060092583077,
                    -67.22274621700399,
                    -85.48561591833823,
                    -48.89060092583077,
                    -48.89060092583077,
                    -41.20673855518726,
                    -67.03159800753565,
                    -48.89060092583077,
                    -69.50809101494815,
                    -49.95864815494497,
                    -54.838135916285864
                ],
                [
                    -45.78676526901563,
                    -64.71629619433133,
                    -69.44379828516321,
                    -45.78676526901563,
                    -45.78676526901563,
                    -49.706761611567345,
                    -41.722005760410866,
                    -45.78676526901563,
                    -69.14075338101793,
                    -46.57917712792187,
                    -55.94118241846263
                ],
                [
                    -40.91515786248658,
                    -63.12042188690759,
                    -84.07527323663362,
                    -40.91515786248658,
                    -40.91515786248658,
                    -54.179508455252744,
                    -68.40821113364291,
                    -40.91515786248658,
                    -63.65486429354314,
                    -41.56164714023532,
                    -59.197241976194164
                ],
                [
                    -44.772401264404834,
                    -65.69214104367347,
                    -69.32882423441697,
                    -44.772401264404834,
                    -44.772401264404834,
                    -49.73001065685321,
                    -65.25019507930483,
                    -44.772401264404834,
                    -41.0967561993084,
                    -48.81217727691046,
                    -55.27687142993818
                ],
                [
                    -40.550978085454744,
                    -63.09226804324658,
                    -82.16273359666138,
                    -40.550978085454744,
                    -40.550978085454744,
                    -53.19965949254765,
                    -65.83333402092649,
                    -40.550978085454744,
                    -62.716099227583754,
                    -39.93101079555737,
                    -58.87133426321907
                ],
                [
                    -48.92901481934405,
                    -66.8419582100014,
                    -85.49404596381828,
                    -48.92901481934405,
                    -48.92901481934405,
                    -45.76282134830217,
                    -66.66671560498071,
                    -48.92901481934405,
                    -67.35980444404413,
                    -49.61134526748174,
                    -42.21929610470943
                ]
            ]
        ],
        "prompt_sensitivities": [
            0.6058180001912007
        ],
        "posix": 0.6058180001912007
    }
}