{
    "file_name": "question_1_variants.json",
    "overall_posix": 0.3484473022226216,
    "detailed_scores": [
        {
            "Variation 1": 0.0,
            "Variation 2": 0.0,
            "Variation 3": 0.02533980452435003,
            "Variation 4": 0.0,
            "Variation 5": 1.4228854207768327,
            "Variation 6": 1.2156681105088807,
            "Variation 7": 0.0,
            "Variation 8": 1.0915165383873386,
            "Variation 9": 0.0,
            "Variation 10": 0.0
        }
    ],
    "trace": {
        "prompts": [
            "Does the X-ray image show any signs of pneumothorax? Please choose from the following two options: [yes, no]\n<image>"
        ],
        "responses": [
            [
                "The chest x-ray image does not show any signs of pneumothorax. ",
                "The chest x-ray image does not show any signs of pneumothorax. ",
                "The chest x-ray image does not show any signs of pneumothorax. ",
                "The x-ray image does not show any signs of pneumothorax. ",
                "The chest x-ray image does not show any signs of pneumothorax. ",
                "The oDes X-ray image does not show any signs of pneumothorax. ",
                "The -Xray image does not show any signs of pneumothorax. ",
                "The chest x-ray image does not show any signs of pneumothorax. ",
                "The chest x-ray image does not show any signs of pneumotohorax. ",
                "The chest x-ray image does not show any signs of pneumothorax. ",
                "The chest x-ray image does not show any signs of pneumothorax. "
            ]
        ],
        "logprob_matrices": [
            [
                [
                    -41.69051175894299,
                    -41.69051175894299,
                    -41.69051175894299,
                    -41.18371566845599,
                    -41.69051175894299,
                    -72.9939910160333,
                    -66.0038739691206,
                    -41.69051175894299,
                    -65.70387560346444,
                    -41.69051175894299,
                    -41.69051175894299
                ],
                [
                    -41.235424861036336,
                    -41.235424861036336,
                    -41.235424861036336,
                    -40.59117615924515,
                    -41.235424861036336,
                    -72.55940792443471,
                    -65.74535195801081,
                    -41.235424861036336,
                    -61.77937143093004,
                    -41.235424861036336,
                    -41.235424861036336
                ],
                [
                    -42.951243108045674,
                    -42.951243108045674,
                    -42.951243108045674,
                    -42.62308378394846,
                    -42.951243108045674,
                    -73.97421479536433,
                    -66.22929110159612,
                    -42.951243108045674,
                    -59.48642990247754,
                    -42.951243108045674,
                    -42.951243108045674
                ],
                [
                    -42.10091829074463,
                    -42.10091829074463,
                    -42.10091829074463,
                    -40.886973981684605,
                    -42.10091829074463,
                    -74.08145938477469,
                    -64.26734900871338,
                    -42.10091829074463,
                    -65.68136376240182,
                    -42.10091829074463,
                    -42.10091829074463
                ],
                [
                    -41.69051175894299,
                    -41.69051175894299,
                    -41.69051175894299,
                    -41.18371566845599,
                    -41.69051175894299,
                    -72.9939910160333,
                    -66.0038739691206,
                    -41.69051175894299,
                    -65.70387560346444,
                    -41.69051175894299,
                    -41.69051175894299
                ],
                [
                    -40.304837023869254,
                    -40.304837023869254,
                    -40.304837023869254,
                    -40.430510836928306,
                    -40.304837023869254,
                    -38.92636956363367,
                    -62.405077608949796,
                    -40.304837023869254,
                    -64.39240988406436,
                    -40.304837023869254,
                    -40.304837023869254
                ],
                [
                    -41.55619702153297,
                    -41.55619702153297,
                    -41.55619702153297,
                    -43.73511891221301,
                    -41.55619702153297,
                    -72.79612682023094,
                    -40.84934881025174,
                    -41.55619702153297,
                    -65.69426743941767,
                    -41.55619702153297,
                    -41.55619702153297
                ],
                [
                    -41.58181143555021,
                    -41.58181143555021,
                    -41.58181143555021,
                    -40.96934616744534,
                    -41.58181143555021,
                    -73.0721885655903,
                    -65.50439576347003,
                    -41.58181143555021,
                    -65.47148617762286,
                    -41.58181143555021,
                    -41.58181143555021
                ],
                [
                    -42.76684630804175,
                    -42.76684630804175,
                    -42.76684630804175,
                    -42.05401137351055,
                    -42.76684630804175,
                    -73.75313633669339,
                    -65.92830895121915,
                    -42.76684630804175,
                    -42.733423280517854,
                    -42.76684630804175,
                    -42.76684630804175
                ],
                [
                    -41.5747627021733,
                    -41.5747627021733,
                    -41.5747627021733,
                    -41.05588614129647,
                    -41.5747627021733,
                    -72.77350005304038,
                    -66.32787990910822,
                    -41.5747627021733,
                    -65.00271766350033,
                    -41.5747627021733,
                    -41.5747627021733
                ],
                [
                    -41.59995173834477,
                    -41.59995173834477,
                    -41.59995173834477,
                    -40.975965248482,
                    -41.59995173834477,
                    -72.84885580688501,
                    -65.62130003082768,
                    -41.59995173834477,
                    -65.04699307552073,
                    -41.59995173834477,
                    -41.59995173834477
                ]
            ]
        ],
        "prompt_sensitivities": [
            0.3484473022226216
        ],
        "posix": 0.3484473022226216
    }
}