{
    "file_name": "question_259_variants.json",
    "overall_posix": 0.01473050596473598,
    "detailed_scores": [
        {
            "Variation 1": 0.05114559011137555,
            "Variation 2": 0.0,
            "Variation 3": 0.05114559011137555,
            "Variation 4": 0.0,
            "Variation 5": 0.0,
            "Variation 6": 0.0,
            "Variation 7": 0.0,
            "Variation 8": 0.05114559011137555,
            "Variation 9": 0.0,
            "Variation 10": 0.05114559011137555
        }
    ],
    "trace": {
        "prompts": [
            "Is there any sign of pneumothorax on the chest X-ray image? Please choose from the following two options: [yes, no]\n<image>"
        ],
        "responses": [
            [
                "The chest x-ray image does not show any signs of pneumothorax. ",
                "The chest X-ray image does not show any signs of pneumothorax. ",
                "The chest x-ray image does not show any signs of pneumothorax. ",
                "The chest X-ray image does not show any signs of pneumothorax. ",
                "The chest x-ray image does not show any signs of pneumothorax. ",
                "The chest x-ray image does not show any signs of pneumothorax. ",
                "The chest x-ray image does not show any signs of pneumothorax. ",
                "The chest x-ray image does not show any signs of pneumothorax. ",
                "The chest X-ray image does not show any signs of pneumothorax. ",
                "The chest x-ray image does not show any signs of pneumothorax. ",
                "The chest X-ray image does not show any signs of pneumothorax. "
            ]
        ],
        "logprob_matrices": [
            [
                [
                    -41.10533732357965,
                    -42.179394715918534,
                    -41.10533732357965,
                    -42.179394715918534,
                    -41.10533732357965,
                    -41.10533732357965,
                    -41.10533732357965,
                    -41.10533732357965,
                    -42.179394715918534,
                    -41.10533732357965,
                    -42.179394715918534
                ],
                [
                    -41.01134504997924,
                    -41.22253789576234,
                    -41.01134504997924,
                    -41.22253789576234,
                    -41.01134504997924,
                    -41.01134504997924,
                    -41.01134504997924,
                    -41.01134504997924,
                    -41.22253789576234,
                    -41.01134504997924,
                    -41.22253789576234
                ],
                [
                    -40.88858681924978,
                    -41.71462123926449,
                    -40.88858681924978,
                    -41.71462123926449,
                    -40.88858681924978,
                    -40.88858681924978,
                    -40.88858681924978,
                    -40.88858681924978,
                    -41.71462123926449,
                    -40.88858681924978,
                    -41.71462123926449
                ],
                [
                    -42.04265865066213,
                    -42.32956352567942,
                    -42.04265865066213,
                    -42.32956352567942,
                    -42.04265865066213,
                    -42.04265865066213,
                    -42.04265865066213,
                    -42.04265865066213,
                    -42.32956352567942,
                    -42.04265865066213,
                    -42.32956352567942
                ],
                [
                    -40.5235651716672,
                    -41.4430170105619,
                    -40.5235651716672,
                    -41.4430170105619,
                    -40.5235651716672,
                    -40.5235651716672,
                    -40.5235651716672,
                    -40.5235651716672,
                    -41.4430170105619,
                    -40.5235651716672,
                    -41.4430170105619
                ],
                [
                    -40.980351918605834,
                    -42.11076550286043,
                    -40.980351918605834,
                    -42.11076550286043,
                    -40.980351918605834,
                    -40.980351918605834,
                    -40.980351918605834,
                    -40.980351918605834,
                    -42.11076550286043,
                    -40.980351918605834,
                    -42.11076550286043
                ],
                [
                    -41.85093910573255,
                    -42.98951109675568,
                    -41.85093910573255,
                    -42.98951109675568,
                    -41.85093910573255,
                    -41.85093910573255,
                    -41.85093910573255,
                    -41.85093910573255,
                    -42.98951109675568,
                    -41.85093910573255,
                    -42.98951109675568
                ],
                [
                    -41.257222798234125,
                    -41.98866480222978,
                    -41.257222798234125,
                    -41.98866480222978,
                    -41.257222798234125,
                    -41.257222798234125,
                    -41.257222798234125,
                    -41.257222798234125,
                    -41.98866480222978,
                    -41.257222798234125,
                    -41.98866480222978
                ],
                [
                    -41.200098825136365,
                    -41.59409587569519,
                    -41.200098825136365,
                    -41.59409587569519,
                    -41.200098825136365,
                    -41.200098825136365,
                    -41.200098825136365,
                    -41.200098825136365,
                    -41.59409587569519,
                    -41.200098825136365,
                    -41.59409587569519
                ],
                [
                    -40.529237718697914,
                    -41.481770335575106,
                    -40.529237718697914,
                    -41.481770335575106,
                    -40.529237718697914,
                    -40.529237718697914,
                    -40.529237718697914,
                    -40.529237718697914,
                    -41.481770335575106,
                    -40.529237718697914,
                    -41.481770335575106
                ],
                [
                    -41.71903005678132,
                    -41.81800005527134,
                    -41.71903005678132,
                    -41.81800005527134,
                    -41.71903005678132,
                    -41.71903005678132,
                    -41.71903005678132,
                    -41.71903005678132,
                    -41.81800005527134,
                    -41.71903005678132,
                    -41.81800005527134
                ]
            ]
        ],
        "prompt_sensitivities": [
            0.01473050596473598
        ],
        "posix": 0.01473050596473598
    }
}