{
    "file_name": "question_372_variants.json",
    "overall_posix": 0.5103705452931969,
    "detailed_scores": [
        {
            "Variation 1": 0.028749000418635907,
            "Variation 2": 0.9566026891203592,
            "Variation 3": 0.028749000418635907,
            "Variation 4": 1.0091639347477948,
            "Variation 5": 0.7778693579035064,
            "Variation 6": 0.0,
            "Variation 7": 0.0,
            "Variation 8": 0.028749000418635907,
            "Variation 9": 0.9945239292239001,
            "Variation 10": 0.8723983111317737
        }
    ],
    "trace": {
        "prompts": [
            "Is the cardiomediastinal silhouette normal? Please choose from the following two options: [yes, no]\n<image>"
        ],
        "responses": [
            [
                "The cardiomediastinal silhouette appears to be normal in the image. ",
                "Yes, the cardiomediastinal silhouette appears to be normal in the image. ",
                "The cardioomediastinal silhouette appears to be normal in the image. ",
                "Yes, the cardiomediastinal silhouette appears to be normal in the image. ",
                "The cardiomediastinal smilhouette appears to be normal in the image. ",
                "The cardioediastinal silhouette appears to be normal in the image. ",
                "The cardiomediastinal silhouette appears to be normal in the image. ",
                "The cardiomediastinal silhouette appears to be normal in the image. ",
                "Yes, the cardiomediastinal silhouette appears to be normal in the image. ",
                "The cardiomediastinal silhouette appears to be normal, as it is described as noromal. ",
                "The caridomediastinal silhouette appears to be normal in the image. "
            ]
        ],
        "logprob_matrices": [
            [
                [
                    -39.82142828480653,
                    -39.18895027559654,
                    -59.91008475633407,
                    -39.18895027559654,
                    -61.01387091451022,
                    -55.37881544287666,
                    -39.82142828480653,
                    -39.82142828480653,
                    -39.18895027559654,
                    -65.67905044462793,
                    -58.14179281857378
                ],
                [
                    -38.63812247837444,
                    -37.312459083811405,
                    -58.805226846075584,
                    -37.312459083811405,
                    -59.55270679878589,
                    -54.90498513471539,
                    -38.63812247837444,
                    -38.63812247837444,
                    -37.312459083811405,
                    -60.454474212761795,
                    -56.83758156339445
                ],
                [
                    -47.204584185290514,
                    -46.41166526704137,
                    -39.70984541177211,
                    -46.41166526704137,
                    -67.91216920597981,
                    -51.08710498979053,
                    -47.204584185290514,
                    -47.204584185290514,
                    -46.41166526704137,
                    -73.60191110070218,
                    -56.49142448804196
                ],
                [
                    -39.252654882033255,
                    -37.851073922989485,
                    -58.86980356798904,
                    -37.851073922989485,
                    -60.285538213516645,
                    -55.01021193269116,
                    -39.252654882033255,
                    -39.252654882033255,
                    -37.851073922989485,
                    -57.804202084755104,
                    -57.190173338157365
                ],
                [
                    -41.03676833704219,
                    -40.41411911664164,
                    -60.540399469650765,
                    -40.41411911664164,
                    -39.91748530216125,
                    -56.38144278625259,
                    -41.03676833704219,
                    -41.03676833704219,
                    -40.41411911664164,
                    -65.83309912745597,
                    -58.36117360091703
                ],
                [
                    -50.51979268451032,
                    -50.15626576337672,
                    -58.16173416747915,
                    -50.15626576337672,
                    -71.57454220719592,
                    -40.096170156047265,
                    -50.51979268451032,
                    -50.51979268451032,
                    -50.15626576337672,
                    -76.39341034598692,
                    -60.86401879070036
                ],
                [
                    -39.89919325996604,
                    -39.39086885599124,
                    -60.09171645494325,
                    -39.39086885599124,
                    -59.99719003000061,
                    -56.151562824787106,
                    -39.89919325996604,
                    -39.89919325996604,
                    -39.39086885599124,
                    -65.67911172717001,
                    -57.829528677919825
                ],
                [
                    -39.591845834229275,
                    -38.78332801375825,
                    -59.51807490682586,
                    -38.78332801375825,
                    -60.31756428512733,
                    -55.05365437295768,
                    -39.591845834229275,
                    -39.591845834229275,
                    -38.78332801375825,
                    -65.4806973923022,
                    -58.137531078698885
                ],
                [
                    -39.66924042859762,
                    -38.224192944717174,
                    -59.69886664794876,
                    -38.224192944717174,
                    -60.742861748032624,
                    -55.65158231664827,
                    -39.66924042859762,
                    -39.66924042859762,
                    -38.224192944717174,
                    -55.593950990431836,
                    -57.51297772095222
                ],
                [
                    -40.13496284937804,
                    -39.887706497689464,
                    -59.86912722954776,
                    -39.887706497689464,
                    -61.29096975529677,
                    -56.156064220926055,
                    -40.13496284937804,
                    -40.13496284937804,
                    -39.887706497689464,
                    -42.03741123508456,
                    -58.772605190642025
                ],
                [
                    -46.71819332650807,
                    -45.98942515870806,
                    -55.590032916438304,
                    -45.98942515870806,
                    -68.17244353691035,
                    -53.750505673186126,
                    -46.71819332650807,
                    -46.71819332650807,
                    -45.98942515870806,
                    -74.09762746556294,
                    -39.742396807471096
                ]
            ]
        ],
        "prompt_sensitivities": [
            0.5103705452931969
        ],
        "posix": 0.5103705452931969
    }
}