{
    "file_name": "question_14_variants.json",
    "overall_posix": 0.18882038698875014,
    "detailed_scores": [
        {
            "Variation 1": 0.0,
            "Variation 2": 0.02447687583495198,
            "Variation 3": 0.0,
            "Variation 4": 1.093222623879446,
            "Variation 5": 0.0,
            "Variation 6": 0.0,
            "Variation 7": 0.0,
            "Variation 8": 0.0,
            "Variation 9": 0.45956893376501284,
            "Variation 10": 0.0
        }
    ],
    "trace": {
        "prompts": [
            "Does the mediastinum appear to be abnormal on this chest X-ray? Please choose from the following two options: [yes, no]\n<image>"
        ],
        "responses": [
            [
                "The mediastinum appears to be normal in this chest X-ray. ",
                "The mediastinum appears to be normal in this chest X-ray. ",
                "The chest x-ray does not show any abnormalities in the mediastinum. ",
                "The mediastinum appears to be normal in this chest X-ray. ",
                "The chest x-ray does not show any abnormalities in the mejdiastinum. ",
                "The mediastinum appears to be normal in this chest X-ray. ",
                "The mediastinum appears to be normal in this chest X-ray. ",
                "The mediastinum appears to be normal in this chest X-ray. ",
                "The mediastinum appears to be normal in this chest X-ray. ",
                "The medastinum appears to be normal in this chest X-ray. ",
                "The mediastinum appears to be normal in this chest X-ray. "
            ]
        ],
        "logprob_matrices": [
            [
                [
                    -43.2804855614761,
                    -43.2804855614761,
                    -43.81897682984504,
                    -43.2804855614761,
                    -69.5178285345828,
                    -43.2804855614761,
                    -43.2804855614761,
                    -43.2804855614761,
                    -43.2804855614761,
                    -52.01229530301134,
                    -43.2804855614761
                ],
                [
                    -42.47752441416333,
                    -42.47752441416333,
                    -44.219643794496506,
                    -42.47752441416333,
                    -70.18301737713773,
                    -42.47752441416333,
                    -42.47752441416333,
                    -42.47752441416333,
                    -42.47752441416333,
                    -51.26382621176981,
                    -42.47752441416333
                ],
                [
                    -44.32369382862362,
                    -44.32369382862362,
                    -42.61695228036797,
                    -44.32369382862362,
                    -64.85316974722446,
                    -44.32369382862362,
                    -44.32369382862362,
                    -44.32369382862362,
                    -44.32369382862362,
                    -51.1638134716286,
                    -44.32369382862362
                ],
                [
                    -40.971657507532655,
                    -40.971657507532655,
                    -43.450246785397894,
                    -40.971657507532655,
                    -69.23355366618489,
                    -40.971657507532655,
                    -40.971657507532655,
                    -40.971657507532655,
                    -40.971657507532655,
                    -50.040479913273884,
                    -40.971657507532655
                ],
                [
                    -49.32663130095352,
                    -49.32663130095352,
                    -44.98399552521278,
                    -49.32663130095352,
                    -43.77599730863858,
                    -49.32663130095352,
                    -49.32663130095352,
                    -49.32663130095352,
                    -49.32663130095352,
                    -51.326602242732406,
                    -49.32663130095352
                ],
                [
                    -42.10231851934941,
                    -42.10231851934941,
                    -43.21538871826829,
                    -42.10231851934941,
                    -69.38165658678918,
                    -42.10231851934941,
                    -42.10231851934941,
                    -42.10231851934941,
                    -42.10231851934941,
                    -50.37986260211619,
                    -42.10231851934941
                ],
                [
                    -41.51519526105835,
                    -41.51519526105835,
                    -43.6625257205593,
                    -41.51519526105835,
                    -69.7558890368382,
                    -41.51519526105835,
                    -41.51519526105835,
                    -41.51519526105835,
                    -41.51519526105835,
                    -50.27473965719582,
                    -41.51519526105835
                ],
                [
                    -43.42837820172281,
                    -43.42837820172281,
                    -45.02415417956854,
                    -43.42837820172281,
                    -68.33725773777405,
                    -43.42837820172281,
                    -43.42837820172281,
                    -43.42837820172281,
                    -43.42837820172281,
                    -52.12447774145403,
                    -43.42837820172281
                ],
                [
                    -42.191997218908455,
                    -42.191997218908455,
                    -44.55797903464156,
                    -42.191997218908455,
                    -71.88611920289259,
                    -42.191997218908455,
                    -42.191997218908455,
                    -42.191997218908455,
                    -42.191997218908455,
                    -51.90522437498839,
                    -42.191997218908455
                ],
                [
                    -46.638928906944784,
                    -46.638928906944784,
                    -44.77151863844574,
                    -46.638928906944784,
                    -72.26950520594255,
                    -46.638928906944784,
                    -46.638928906944784,
                    -46.638928906944784,
                    -46.638928906944784,
                    -43.66324025852555,
                    -46.638928906944784
                ],
                [
                    -43.672018831492096,
                    -43.672018831492096,
                    -43.691735727537434,
                    -43.672018831492096,
                    -69.88040437427844,
                    -43.672018831492096,
                    -43.672018831492096,
                    -43.672018831492096,
                    -43.672018831492096,
                    -52.68822838733104,
                    -43.672018831492096
                ]
            ]
        ],
        "prompt_sensitivities": [
            0.18882038698875014
        ],
        "posix": 0.18882038698875014
    }
}