{
    "file_name": "question_240_variants.json",
    "overall_posix": 0.19400920381230105,
    "detailed_scores": [
        {
            "Variation 1": 0.0,
            "Variation 2": 0.0,
            "Variation 3": 1.0203977927783805,
            "Variation 4": 0.0,
            "Variation 5": 0.0,
            "Variation 6": 0.0,
            "Variation 7": 0.0,
            "Variation 8": 0.10756810994256227,
            "Variation 9": 0.9783489962656468,
            "Variation 10": 0.0
        }
    ],
    "trace": {
        "prompts": [
            "Does the chest X-ray indicate the presence of a pneumothorax? Please choose from the following two options: [yes, no]\n<image>"
        ],
        "responses": [
            [
                "The chest X-ray does not show any signs of a pneumothorax. ",
                "The chest X-ray does not show any signs of a pneumothorax. ",
                "The chest X-ray does not show any signs of a pneumothorax. ",
                "The chest X-ray does not show any signs of a pneumothotax. ",
                "The chest X-ray does not show any signs of a pneumothorax. ",
                "The chest X-ray does not show any signs of a pneumothorax. ",
                "The chest X-ray does not show any signs of a pneumothorax. ",
                "The chest X-ray does not show any signs of a pneumothorax. ",
                "The chest X-ray does not show any signs of pneumothorax. ",
                "The achest X-ray does not show any signs of a pneumothorax. ",
                "The chest X-ray does not show any signs of a pneumothorax. "
            ]
        ],
        "logprob_matrices": [
            [
                [
                    -43.060172443878685,
                    -43.060172443878685,
                    -43.060172443878685,
                    -64.48852609222467,
                    -43.060172443878685,
                    -43.060172443878685,
                    -43.060172443878685,
                    -43.060172443878685,
                    -45.21153464272993,
                    -65.56219935798856,
                    -43.060172443878685
                ],
                [
                    -43.1467133139904,
                    -43.1467133139904,
                    -43.1467133139904,
                    -62.36793282837243,
                    -43.1467133139904,
                    -43.1467133139904,
                    -43.1467133139904,
                    -43.1467133139904,
                    -44.86565302906979,
                    -63.86196642373773,
                    -43.1467133139904
                ],
                [
                    -42.65655814770304,
                    -42.65655814770304,
                    -42.65655814770304,
                    -63.692073421862005,
                    -42.65655814770304,
                    -42.65655814770304,
                    -42.65655814770304,
                    -42.65655814770304,
                    -44.699884623099024,
                    -62.62132322941591,
                    -42.65655814770304
                ],
                [
                    -44.061999178616134,
                    -44.061999178616134,
                    -44.061999178616134,
                    -44.14679444323065,
                    -44.061999178616134,
                    -44.061999178616134,
                    -44.061999178616134,
                    -44.061999178616134,
                    -45.20580496809089,
                    -65.91355908253172,
                    -44.061999178616134
                ],
                [
                    -42.818658757993035,
                    -42.818658757993035,
                    -42.818658757993035,
                    -64.5157219448447,
                    -42.818658757993035,
                    -42.818658757993035,
                    -42.818658757993035,
                    -42.818658757993035,
                    -45.18466413996862,
                    -63.31289297591229,
                    -42.818658757993035
                ],
                [
                    -42.92862153584588,
                    -42.92862153584588,
                    -42.92862153584588,
                    -64.4857104288194,
                    -42.92862153584588,
                    -42.92862153584588,
                    -42.92862153584588,
                    -42.92862153584588,
                    -44.903397996887406,
                    -62.09578223858523,
                    -42.92862153584588
                ],
                [
                    -42.82440601118083,
                    -42.82440601118083,
                    -42.82440601118083,
                    -64.3009549430426,
                    -42.82440601118083,
                    -42.82440601118083,
                    -42.82440601118083,
                    -42.82440601118083,
                    -44.92100779991938,
                    -62.638080784327144,
                    -42.82440601118083
                ],
                [
                    -43.49467898355874,
                    -43.49467898355874,
                    -43.49467898355874,
                    -64.37826348280942,
                    -43.49467898355874,
                    -43.49467898355874,
                    -43.49467898355874,
                    -43.49467898355874,
                    -45.49372475364589,
                    -65.40828814852216,
                    -43.49467898355874
                ],
                [
                    -44.85207223729344,
                    -44.85207223729344,
                    -44.85207223729344,
                    -65.05524860288642,
                    -44.85207223729344,
                    -44.85207223729344,
                    -44.85207223729344,
                    -44.85207223729344,
                    -43.04611996771325,
                    -67.38242043599098,
                    -44.85207223729344
                ],
                [
                    -44.53728472199259,
                    -44.53728472199259,
                    -44.53728472199259,
                    -65.81543133608466,
                    -44.53728472199259,
                    -44.53728472199259,
                    -44.53728472199259,
                    -44.53728472199259,
                    -46.554898260963455,
                    -43.68084264521349,
                    -44.53728472199259
                ],
                [
                    -43.18039365137042,
                    -43.18039365137042,
                    -43.18039365137042,
                    -64.69914221864292,
                    -43.18039365137042,
                    -43.18039365137042,
                    -43.18039365137042,
                    -43.18039365137042,
                    -45.32059498830722,
                    -62.54853260529262,
                    -43.18039365137042
                ]
            ]
        ],
        "prompt_sensitivities": [
            0.19400920381230105
        ],
        "posix": 0.19400920381230105
    }
}