{
    "file_name": "question_45_variants.json",
    "overall_posix": 0.09787052953943125,
    "detailed_scores": [
        {
            "Variation 1": 0.0,
            "Variation 2": 0.0,
            "Variation 3": 0.0,
            "Variation 4": 0.0,
            "Variation 5": 0.0,
            "Variation 6": 0.9837657329171634,
            "Variation 7": 0.0,
            "Variation 8": 0.0,
            "Variation 9": 0.06839906585566383,
            "Variation 10": 0.0
        }
    ],
    "trace": {
        "prompts": [
            "Is there evidence of pneumothorax on the chest X-ray? Please choose from the following two options: [yes, no]\n<image>"
        ],
        "responses": [
            [
                "The chest x-ray does not show any evidence of pneumothorax. ",
                "The chest x-ray does not show any evidence of pneumothorax. ",
                "The chest x-ray does not show any evidence of pneumothorax. ",
                "The chest x-ray does not show any evidence of pneumothorax. ",
                "The chest x-ray does not show any evidence of pneumothorax. ",
                "The chest x-ray does not show any evidence of pneumothorax. ",
                "The hest X-ray does not show any evidence of pneumothorax. ",
                "The chest x-ray does not show any evidence of pneumothorax. ",
                "The chest x-ray does not show any evidence of pneumothorax. ",
                "The chest X-ray does not show any evidence of pneumothorax. ",
                "The chest x-ray does not show any evidence of pneumothorax. "
            ]
        ],
        "logprob_matrices": [
            [
                [
                    -41.60080224239027,
                    -41.60080224239027,
                    -41.60080224239027,
                    -41.60080224239027,
                    -41.60080224239027,
                    -41.60080224239027,
                    -62.259882633650705,
                    -41.60080224239027,
                    -41.60080224239027,
                    -42.96878355950355,
                    -41.60080224239027
                ],
                [
                    -41.85151345398299,
                    -41.85151345398299,
                    -41.85151345398299,
                    -41.85151345398299,
                    -41.85151345398299,
                    -41.85151345398299,
                    -53.071513729255685,
                    -41.85151345398299,
                    -41.85151345398299,
                    -43.27226484679966,
                    -41.85151345398299
                ],
                [
                    -42.61641075937541,
                    -42.61641075937541,
                    -42.61641075937541,
                    -42.61641075937541,
                    -42.61641075937541,
                    -42.61641075937541,
                    -63.28566583573502,
                    -42.61641075937541,
                    -42.61641075937541,
                    -43.68356057151868,
                    -42.61641075937541
                ],
                [
                    -41.21829368110775,
                    -41.21829368110775,
                    -41.21829368110775,
                    -41.21829368110775,
                    -41.21829368110775,
                    -41.21829368110775,
                    -62.04111361681316,
                    -41.21829368110775,
                    -41.21829368110775,
                    -42.32678553511323,
                    -41.21829368110775
                ],
                [
                    -41.83466960599981,
                    -41.83466960599981,
                    -41.83466960599981,
                    -41.83466960599981,
                    -41.83466960599981,
                    -41.83466960599981,
                    -61.93052020856521,
                    -41.83466960599981,
                    -41.83466960599981,
                    -42.56046961490517,
                    -41.83466960599981
                ],
                [
                    -42.15060704124653,
                    -42.15060704124653,
                    -42.15060704124653,
                    -42.15060704124653,
                    -42.15060704124653,
                    -42.15060704124653,
                    -62.34648692364681,
                    -42.15060704124653,
                    -42.15060704124653,
                    -43.298739592662514,
                    -42.15060704124653
                ],
                [
                    -44.78861947671885,
                    -44.78861947671885,
                    -44.78861947671885,
                    -44.78861947671885,
                    -44.78861947671885,
                    -44.78861947671885,
                    -42.67487980604756,
                    -44.78861947671885,
                    -44.78861947671885,
                    -44.014536721319246,
                    -44.78861947671885
                ],
                [
                    -41.66942907608973,
                    -41.66942907608973,
                    -41.66942907608973,
                    -41.66942907608973,
                    -41.66942907608973,
                    -41.66942907608973,
                    -62.1725134772239,
                    -41.66942907608973,
                    -41.66942907608973,
                    -42.8708971919026,
                    -41.66942907608973
                ],
                [
                    -41.827795417171274,
                    -41.827795417171274,
                    -41.827795417171274,
                    -41.827795417171274,
                    -41.827795417171274,
                    -41.827795417171274,
                    -62.349658973042324,
                    -41.827795417171274,
                    -41.827795417171274,
                    -42.85582743140503,
                    -41.827795417171274
                ],
                [
                    -43.17244332665882,
                    -43.17244332665882,
                    -43.17244332665882,
                    -43.17244332665882,
                    -43.17244332665882,
                    -43.17244332665882,
                    -55.76254967968521,
                    -43.17244332665882,
                    -43.17244332665882,
                    -42.59854968408786,
                    -43.17244332665882
                ],
                [
                    -41.49633493859801,
                    -41.49633493859801,
                    -41.49633493859801,
                    -41.49633493859801,
                    -41.49633493859801,
                    -41.49633493859801,
                    -62.19225803285349,
                    -41.49633493859801,
                    -41.49633493859801,
                    -42.64604354309381,
                    -41.49633493859801
                ]
            ]
        ],
        "prompt_sensitivities": [
            0.09787052953943125
        ],
        "posix": 0.09787052953943125
    }
}