{
    "file_name": "question_123_variants.json",
    "overall_posix": 0.13039465376594364,
    "detailed_scores": [
        {
            "Variation 1": 0.0,
            "Variation 2": 0.06787852627353243,
            "Variation 3": 0.0,
            "Variation 4": 0.9729588312663638,
            "Variation 5": 0.0,
            "Variation 6": 0.0,
            "Variation 7": 0.047636703356753664,
            "Variation 8": 0.0,
            "Variation 9": 0.047636703356753664,
            "Variation 10": 0.0
        }
    ],
    "trace": {
        "prompts": [
            "Does the patient have any signs of pneumonia on the chest X-ray? Please choose from the following two options: [yes, no]\n<image>"
        ],
        "responses": [
            [
                "The chest x-ray does not show any signs of pneumonia. ",
                "The chest x-ray does not show any signs of pneumonia. ",
                "The patient's chest x-ray does not show any signs of pneumonia. ",
                "The chest x-ray does not show any signs of pneumonia. ",
                "The patient does not have any signs of pneumonia on the chest C-ray. ",
                "The chest x-ray does not show any signs of pneumonia. ",
                "The chest x-ray does not show any signs of pneumonia. ",
                "The patient does not have any signs of pneumonia on the chest x-ray. ",
                "The chest x-ray does not show any signs of pneumonia. ",
                "The patient does not have any signs of pneumonia on the chest x-ray. ",
                "The chest x-ray does not show any signs of pneumonia. "
            ]
        ],
        "logprob_matrices": [
            [
                [
                    -40.77035396115298,
                    -40.77035396115298,
                    -42.19580301289716,
                    -40.77035396115298,
                    -61.20248941774662,
                    -40.77035396115298,
                    -40.77035396115298,
                    -41.770724731644805,
                    -40.77035396115298,
                    -41.770724731644805,
                    -40.77035396115298
                ],
                [
                    -40.33301731870415,
                    -40.33301731870415,
                    -41.73435294819683,
                    -40.33301731870415,
                    -60.47822414971779,
                    -40.33301731870415,
                    -40.33301731870415,
                    -41.14704956477726,
                    -40.33301731870415,
                    -41.14704956477726,
                    -40.33301731870415
                ],
                [
                    -40.30866223125213,
                    -40.30866223125213,
                    -40.49165262515362,
                    -40.30866223125213,
                    -62.352743866586025,
                    -40.30866223125213,
                    -40.30866223125213,
                    -42.23239427831686,
                    -40.30866223125213,
                    -42.23239427831686,
                    -40.30866223125213
                ],
                [
                    -40.67688134045602,
                    -40.67688134045602,
                    -42.80670507555442,
                    -40.67688134045602,
                    -61.46176901000308,
                    -40.67688134045602,
                    -40.67688134045602,
                    -42.489433450085016,
                    -40.67688134045602,
                    -42.489433450085016,
                    -40.67688134045602
                ],
                [
                    -45.949602684746424,
                    -45.949602684746424,
                    -47.223968883407,
                    -45.949602684746424,
                    -42.77225951359833,
                    -45.949602684746424,
                    -45.949602684746424,
                    -46.57785241181955,
                    -45.949602684746424,
                    -46.57785241181955,
                    -45.949602684746424
                ],
                [
                    -40.77035396115298,
                    -40.77035396115298,
                    -42.19580301289716,
                    -40.77035396115298,
                    -61.20248941774662,
                    -40.77035396115298,
                    -40.77035396115298,
                    -41.770724731644805,
                    -40.77035396115298,
                    -41.770724731644805,
                    -40.77035396115298
                ],
                [
                    -38.02889073184542,
                    -38.02889073184542,
                    -39.90143078298297,
                    -38.02889073184542,
                    -59.175244888900124,
                    -38.02889073184542,
                    -38.02889073184542,
                    -40.13211689306627,
                    -38.02889073184542,
                    -40.13211689306627,
                    -38.02889073184542
                ],
                [
                    -40.32594770607102,
                    -40.32594770607102,
                    -41.50503663499421,
                    -40.32594770607102,
                    -60.65406535005877,
                    -40.32594770607102,
                    -40.32594770607102,
                    -41.29038185696754,
                    -40.32594770607102,
                    -41.29038185696754,
                    -40.32594770607102
                ],
                [
                    -40.69719060524312,
                    -40.69719060524312,
                    -41.97212588174443,
                    -40.69719060524312,
                    -59.784100465830306,
                    -40.69719060524312,
                    -40.69719060524312,
                    -41.8821985031509,
                    -40.69719060524312,
                    -41.8821985031509,
                    -40.69719060524312
                ],
                [
                    -40.74646030870281,
                    -40.74646030870281,
                    -41.94100358326068,
                    -40.74646030870281,
                    -60.63925413113202,
                    -40.74646030870281,
                    -40.74646030870281,
                    -41.33475668216988,
                    -40.74646030870281,
                    -41.33475668216988,
                    -40.74646030870281
                ],
                [
                    -40.94139050005833,
                    -40.94139050005833,
                    -45.05051531395293,
                    -40.94139050005833,
                    -64.40769537105734,
                    -40.94139050005833,
                    -40.94139050005833,
                    -45.556405155213724,
                    -40.94139050005833,
                    -45.556405155213724,
                    -40.94139050005833
                ]
            ]
        ],
        "prompt_sensitivities": [
            0.13039465376594364
        ],
        "posix": 0.13039465376594364
    }
}