{
    "file_name": "question_257_variants.json",
    "overall_posix": 0.33563367412407064,
    "detailed_scores": [
        {
            "Variation 1": 1.1386493469525822,
            "Variation 2": 0.11901521496970831,
            "Variation 3": 0.9507871920726426,
            "Variation 4": 0.04447838533052986,
            "Variation 5": 0.029776491601296584,
            "Variation 6": 0.8965094557941484,
            "Variation 7": 0.06690310538467131,
            "Variation 8": 0.029776491601296584,
            "Variation 9": 0.11550096655732237,
            "Variation 10": 0.029776491601296584
        }
    ],
    "trace": {
        "prompts": [
            "Has a broken rib or any bone abnormality been detected in the X-ray? Please choose from the following two options: [yes, no]\n<image>"
        ],
        "responses": [
            [
                "The x-ray does not show any broken ribs or any other bone abnormalities. ",
                "The tzhe X-ray does not show any broken ribs or bone abnormalities. ",
                "No, the X-ray does not show any broken ribs or bone abnormalities. ",
                "The rhe x-ray does not show any broken ribs or bone abnormalities. ",
                "The chest X-ray does not show any broken ribs or bone abnormalities. ",
                "The x-ray does not show any broken ribs or bone abnormalities. ",
                "The x-ray does not show any broken rbi or bone abnormality. ",
                "No, the X-ray does not show any evidence of a broken rib or any other bone abnormality. ",
                "The x-ray does not show any broken ribs or bone abnormalities. ",
                "No, the X-ray does not show any broken rib or bone abnormality. ",
                "The x-ray does not show any broken ribs or bone abnormalities. "
            ]
        ],
        "logprob_matrices": [
            [
                [
                    -44.222648296898114,
                    -70.4115832768075,
                    -41.60431356756453,
                    -65.13996652249625,
                    -45.15669438883924,
                    -43.62711846487218,
                    -62.15283741278108,
                    -42.48316755689666,
                    -43.62711846487218,
                    -41.797127999194345,
                    -43.62711846487218
                ],
                [
                    -43.91076111095026,
                    -41.464473264033586,
                    -41.9609610690859,
                    -59.56712743087701,
                    -43.667357403039205,
                    -42.98251464945497,
                    -61.1338944453164,
                    -43.79107940856193,
                    -42.98251464945497,
                    -42.209062812551565,
                    -42.98251464945497
                ],
                [
                    -43.36241561695351,
                    -69.90089908649679,
                    -40.48688737767952,
                    -64.48864426225191,
                    -44.36486591853827,
                    -42.77532525808783,
                    -61.06373027607333,
                    -41.288583865985856,
                    -42.77532525808783,
                    -40.85420675327987,
                    -42.77532525808783
                ],
                [
                    -45.23661598106264,
                    -66.37431076877692,
                    -42.53492884336447,
                    -41.789098549335904,
                    -45.893038299982436,
                    -44.232984017493436,
                    -62.233237843203824,
                    -43.932231453363784,
                    -44.232984017493436,
                    -42.635711373783124,
                    -44.232984017493436
                ],
                [
                    -44.35360920909443,
                    -69.89343494566856,
                    -41.43613356447895,
                    -64.77859342782176,
                    -43.92654883111754,
                    -42.90977431750798,
                    -64.15308243600884,
                    -44.926626405722345,
                    -42.90977431750798,
                    -43.32286054064025,
                    -42.90977431750798
                ],
                [
                    -44.94731973524904,
                    -70.25932535678294,
                    -42.898324345063884,
                    -65.62531592918822,
                    -44.90704305988038,
                    -44.1700125759744,
                    -62.88078921218403,
                    -44.178250481927535,
                    -44.1700125759744,
                    -43.155476284591714,
                    -44.1700125759744
                ],
                [
                    -45.140718956448836,
                    -71.69011472014245,
                    -42.93225902762424,
                    -66.9718113104318,
                    -48.73686574288149,
                    -44.835550651099766,
                    -43.96624735521618,
                    -45.361503509895556,
                    -44.835550651099766,
                    -43.39203921097578,
                    -44.835550651099766
                ],
                [
                    -44.16101637959946,
                    -70.3275267752615,
                    -41.64471035369206,
                    -64.2910965164192,
                    -45.2967998579079,
                    -43.62868110118143,
                    -62.955547501915134,
                    -41.444258169696695,
                    -43.62868110118143,
                    -42.159866889665864,
                    -43.62868110118143
                ],
                [
                    -43.70086837277631,
                    -69.22893142622343,
                    -40.66484316592687,
                    -64.27925850349857,
                    -44.046061750861554,
                    -42.91178273827245,
                    -61.50718191091437,
                    -42.10423766056192,
                    -42.91178273827245,
                    -41.11944448573922,
                    -42.91178273827245
                ],
                [
                    -45.24509927132749,
                    -71.50460793175444,
                    -43.1607777949539,
                    -64.37275462577236,
                    -47.91362373228549,
                    -44.95150059805019,
                    -59.78237815893954,
                    -43.02122262165358,
                    -44.95150059805019,
                    -42.77574343216838,
                    -44.95150059805019
                ],
                [
                    -44.49989321406974,
                    -70.78070242389003,
                    -42.03314720008575,
                    -65.36672638269374,
                    -45.31394473394448,
                    -43.820667423633495,
                    -62.11365217767889,
                    -42.650550172791554,
                    -43.820667423633495,
                    -41.94725182345792,
                    -43.820667423633495
                ]
            ]
        ],
        "prompt_sensitivities": [
            0.33563367412407064
        ],
        "posix": 0.33563367412407064
    }
}