{
    "file_name": "question_265_variants.json",
    "overall_posix": 0.6818890809086806,
    "detailed_scores": [
        {
            "Variation 1": 1.5796300973332715,
            "Variation 2": 1.1511203275599655,
            "Variation 3": 2.0002672390882594,
            "Variation 4": 0.0,
            "Variation 5": 0.9214268052643092,
            "Variation 6": 1.3272902192275637,
            "Variation 7": 0.026827021751135206,
            "Variation 8": 0.02258635358702376,
            "Variation 9": 0.026827021751135206,
            "Variation 10": 0.02258635358702376
        }
    ],
    "trace": {
        "prompts": [
            "Does the patient have an enlarged heart? Please choose from the following two options: [yes, no]\n<image>"
        ],
        "responses": [
            [
                "The patient does not have an enlarged heart. ",
                "The aptient does not have an enlarged heart. ",
                "Yes, the patient has an enlarged h eart. ",
                "The pztient does not have an enlarged heart. ",
                "The patient does not have an enlarged heart. ",
                "The patinet does not have an enlarged heart. ",
                "The patlient does not have an enlarged heart. ",
                "Yes, the patient has an enlarged heart, also known as cardiomegaly. ",
                "Yes, the patient has an enlarged heart, which is a condition known as cardiomegaly. ",
                "Yes, the patient has an enlarged heart, also known as cardiomegaly. ",
                "Yes, the patient has an enlarged heart, which is a condition known as cardiomegaly. "
            ]
        ],
        "logprob_matrices": [
            [
                [
                    -40.66422580779454,
                    -64.35867726779361,
                    -59.082151048753985,
                    -72.66850163320669,
                    -40.66422580779454,
                    -54.485627886759175,
                    -61.90086931543556,
                    -40.04720430751843,
                    -41.251471001057155,
                    -40.04720430751843,
                    -41.251471001057155
                ],
                [
                    -42.220562917023926,
                    -40.616760945227725,
                    -61.36892075218202,
                    -69.41739447342661,
                    -42.220562917023926,
                    -53.68677389651293,
                    -64.78004774839246,
                    -43.07003009589084,
                    -43.81943465014251,
                    -43.07003009589084,
                    -43.81943465014251
                ],
                [
                    -44.41398642508284,
                    -69.28857935144333,
                    -38.245292193532805,
                    -76.21537914787768,
                    -44.41398642508284,
                    -57.31438945886475,
                    -65.61418866173335,
                    -44.65899350052996,
                    -45.93433084254275,
                    -44.65899350052996,
                    -45.93433084254275
                ],
                [
                    -42.518052375117804,
                    -63.07910112092941,
                    -62.677280907155364,
                    -40.072535969584806,
                    -42.518052375117804,
                    -53.69704026314139,
                    -60.311144704908656,
                    -43.5039102099596,
                    -44.05873368597747,
                    -43.5039102099596,
                    -44.05873368597747
                ],
                [
                    -40.56320979866996,
                    -65.0716178296243,
                    -59.45224080305525,
                    -71.89101194569412,
                    -40.56320979866996,
                    -53.97185037595682,
                    -60.34192615337088,
                    -40.44433460122855,
                    -41.70015984310703,
                    -40.44433460122855,
                    -41.70015984310703
                ],
                [
                    -41.770052689880686,
                    -57.786180240816975,
                    -59.91245227289892,
                    -68.71574509950187,
                    -41.770052689880686,
                    -41.11237871046251,
                    -59.35070216290478,
                    -41.07118903233368,
                    -42.12687241337551,
                    -41.07118903233368,
                    -42.12687241337551
                ],
                [
                    -42.84792833463962,
                    -59.411940855667126,
                    -62.181499957958295,
                    -66.20609721465189,
                    -42.84792833463962,
                    -52.53064694292971,
                    -39.95823609320814,
                    -43.04845749104106,
                    -43.91628017303901,
                    -43.04845749104106,
                    -43.91628017303901
                ],
                [
                    -40.432862463268975,
                    -64.28101984887326,
                    -53.11663690927708,
                    -72.48082113902638,
                    -40.432862463268975,
                    -54.26040480911615,
                    -61.07470737150288,
                    -39.72623486918894,
                    -41.29445601038003,
                    -39.72623486918894,
                    -41.29445601038003
                ],
                [
                    -40.010617569395436,
                    -63.71844301549936,
                    -58.510958267647766,
                    -71.16534867465452,
                    -40.010617569395436,
                    -52.57464461145355,
                    -61.877487902211215,
                    -39.523832479102,
                    -40.51100302743782,
                    -39.523832479102,
                    -40.51100302743782
                ],
                [
                    -40.24270701844762,
                    -64.21923301949573,
                    -57.91644369637743,
                    -71.40012100678359,
                    -40.24270701844762,
                    -54.032669667521986,
                    -58.79110712831607,
                    -39.74486350403515,
                    -41.521474851303765,
                    -39.74486350403515,
                    -41.521474851303765
                ],
                [
                    -39.22153018979361,
                    -62.20828925778551,
                    -57.70558011689809,
                    -70.32837789835867,
                    -39.22153018979361,
                    -52.49267392712409,
                    -59.642828746612395,
                    -39.18460187092046,
                    -39.97830812358302,
                    -39.18460187092046,
                    -39.97830812358302
                ]
            ]
        ],
        "prompt_sensitivities": [
            0.6818890809086806
        ],
        "posix": 0.6818890809086806
    }
}