{
    "file_name": "question_29_variants.json",
    "overall_posix": 0.8293753540689474,
    "detailed_scores": [
        {
            "Variation 1": 1.0924669887297733,
            "Variation 2": 0.0,
            "Variation 3": 0.665752588147647,
            "Variation 4": 0.8046991172979384,
            "Variation 5": 1.1409027706833643,
            "Variation 6": 0.35031685282816083,
            "Variation 7": 1.1360238734501071,
            "Variation 8": 0.7145587177700463,
            "Variation 9": 1.1509662776322165,
            "Variation 10": 1.3622457119662696
        }
    ],
    "trace": {
        "prompts": [
            "Can calcified granulomas be seen in the left lower lobe? Please choose from the following two options: [yes, no]\n<image>"
        ],
        "responses": [
            [
                "Yes, calcified granulomas can be seen in the left lower lobe of the lung. ",
                "Yes, calcified granulomas can be seen in the left lowe rlobe. ",
                "Yes, calcified granulomas can be seen in the left lower lobe of the lung. ",
                "Yes, calcified ganulomas can be seen in the left lower lobe of the lung. ",
                "Yes, calcified granulomas can be seen in the left lowr lobe. ",
                "Yes, calcified granulomas can be seen in the left lowdr lobe. ",
                "Yes, calciified granulomas can be seen in the left lower lobe of the lung. ",
                "Yes, calcified granulomas can be deen in the left lower lobe. ",
                "Yes, calcified granuolomas can be seen in the left lower lobe of the lung. ",
                "Yes, the image shows aclcified granulomas in the left lower lobe. ",
                "Yes, calcified granulomas can be seen in the tye left lower lobe. "
            ]
        ],
        "logprob_matrices": [
            [
                [
                    -39.7358053603557,
                    -63.77007911241071,
                    -39.7358053603557,
                    -55.04811488775158,
                    -56.634486823612406,
                    -63.69476354470635,
                    -47.7930929754034,
                    -63.592306702807946,
                    -56.88521458683681,
                    -65.05706346826446,
                    -69.70521102361363
                ],
                [
                    -42.924038594645936,
                    -39.54369702010399,
                    -42.924038594645936,
                    -58.16507216798823,
                    -49.350448278265446,
                    -59.51603807836983,
                    -51.06420398627324,
                    -67.62273790107133,
                    -59.55961222009398,
                    -69.63522199774093,
                    -71.52798999688775
                ],
                [
                    -39.131410544206574,
                    -63.237601046299005,
                    -39.131410544206574,
                    -54.01206614401599,
                    -55.58655164802394,
                    -62.2797899867187,
                    -47.22414601758874,
                    -61.914372678450945,
                    -56.15746774637955,
                    -64.40875298443643,
                    -67.34963456044488
                ],
                [
                    -40.33833606441476,
                    -64.12371499931396,
                    -40.33833606441476,
                    -40.44306203985798,
                    -56.69200335229925,
                    -63.831122450214934,
                    -48.261514511126734,
                    -63.32291464431546,
                    -53.63968961914361,
                    -65.78291071356944,
                    -69.83847299132685
                ],
                [
                    -43.43683303840953,
                    -57.54841951070557,
                    -43.43683303840953,
                    -58.452465517910014,
                    -39.74639492749293,
                    -53.816031127993256,
                    -52.04770872190761,
                    -66.72091785526823,
                    -59.95650723503627,
                    -68.97761335963378,
                    -70.66215962431988
                ],
                [
                    -43.21874392842483,
                    -58.82508503868439,
                    -43.21874392842483,
                    -58.103229800093686,
                    -43.50545973154158,
                    -39.552155554434194,
                    -51.567325986610285,
                    -66.76609209786375,
                    -59.76120129476067,
                    -68.68466780558765,
                    -71.37031576466097
                ],
                [
                    -43.50450918826755,
                    -67.30554259273003,
                    -43.50450918826755,
                    -59.11860991740832,
                    -60.22116637700401,
                    -67.30854904832631,
                    -40.39933109229878,
                    -67.08195402986848,
                    -60.73530968986233,
                    -65.38313399554318,
                    -73.9851939396026
                ],
                [
                    -43.77803385726713,
                    -67.48823794585644,
                    -43.77803385726713,
                    -58.19535709157935,
                    -59.18234930127494,
                    -65.78981371179736,
                    -51.41633287578816,
                    -40.11453590554595,
                    -61.11114159225508,
                    -68.18960910006354,
                    -74.77812273257462
                ],
                [
                    -41.30410155247955,
                    -65.43435634272464,
                    -41.30410155247955,
                    -57.59405443448486,
                    -58.152785661024154,
                    -65.26004149763821,
                    -49.17075662256684,
                    -64.86505865023355,
                    -40.16374790410919,
                    -66.8597835724322,
                    -70.9692710457748
                ],
                [
                    -44.619208475905,
                    -68.84715530012454,
                    -44.619208475905,
                    -59.66064662165445,
                    -61.35615870735501,
                    -68.27845011268892,
                    -49.51953881904501,
                    -67.7228077823329,
                    -61.15791452479607,
                    -40.86337447238839,
                    -75.61274950569259
                ],
                [
                    -41.323240459286126,
                    -65.44974200895649,
                    -41.323240459286126,
                    -56.38368877093308,
                    -57.36449643533774,
                    -64.66671285308689,
                    -49.147340611990785,
                    -65.591302157384,
                    -58.364675942853864,
                    -65.70145622449309,
                    -37.863225042389786
                ]
            ]
        ],
        "prompt_sensitivities": [
            0.8293753540689474
        ],
        "posix": 0.8293753540689474
    }
}