{
    "file_name": "question_102_variants.json",
    "overall_posix": 0.30697087870649936,
    "detailed_scores": [
        {
            "Variation 1": 0.0,
            "Variation 2": 0.9856511826061679,
            "Variation 3": 0.0,
            "Variation 4": 0.0,
            "Variation 5": 1.3380458174243965,
            "Variation 6": 0.06018539155973164,
            "Variation 7": 0.0,
            "Variation 8": 0.0,
            "Variation 9": 0.6129493060794917,
            "Variation 10": 0.09461760753813853
        }
    ],
    "trace": {
        "prompts": [
            "Is the heart size abnormal on this X-ray? Please choose from the following two options: [yes, no]\n<image>"
        ],
        "responses": [
            [
                "The heart size appears to be normal in this chest X-ray. ",
                "The heart size appears to be normal in this chest X-ray. ",
                "The heart size appears to be normal in the lx-ray. ",
                "The heart size appears to be normal in this chest X-ray. ",
                "The heart size appears to be normal in this chest X-ray. ",
                "The heart size appears to be normal on the thi x-ray. ",
                "The heart size in this chest X-ray appears to be normal. ",
                "The heart size appears to be normal in this chest X-ray. ",
                "The heart size appears to be normal in this chest X-ray. ",
                "The heart size appears to be normal in this aortic X-ray. ",
                "The heart size in the chest X-ray appears to be normal. "
            ]
        ],
        "logprob_matrices": [
            [
                [
                    -41.625961449760325,
                    -41.625961449760325,
                    -58.38203155406518,
                    -41.625961449760325,
                    -41.625961449760325,
                    -65.71078616339946,
                    -42.64911310627576,
                    -41.625961449760325,
                    -41.625961449760325,
                    -53.27199826527067,
                    -43.23446077790868
                ],
                [
                    -41.48446469762712,
                    -41.48446469762712,
                    -57.40841177414404,
                    -41.48446469762712,
                    -41.48446469762712,
                    -64.96489034139086,
                    -42.541586972663936,
                    -41.48446469762712,
                    -41.48446469762712,
                    -53.14209500062134,
                    -43.16781602036099
                ],
                [
                    -46.363714669925685,
                    -46.363714669925685,
                    -41.88980942507624,
                    -46.363714669925685,
                    -46.363714669925685,
                    -66.00949148408836,
                    -47.24769221875249,
                    -46.363714669925685,
                    -46.363714669925685,
                    -58.45158188336063,
                    -46.84787935018903
                ],
                [
                    -40.83971083997312,
                    -40.83971083997312,
                    -57.32814656913979,
                    -40.83971083997312,
                    -40.83971083997312,
                    -65.17024659848539,
                    -41.779350909981076,
                    -40.83971083997312,
                    -40.83971083997312,
                    -52.40008659958403,
                    -42.41863964838194
                ],
                [
                    -41.94268327537611,
                    -41.94268327537611,
                    -57.90701319568325,
                    -41.94268327537611,
                    -41.94268327537611,
                    -65.40572731988505,
                    -43.085671920376626,
                    -41.94268327537611,
                    -41.94268327537611,
                    -53.40593285993964,
                    -43.23999453887336
                ],
                [
                    -42.36497351108483,
                    -42.36497351108483,
                    -55.04991131427232,
                    -42.36497351108483,
                    -42.36497351108483,
                    -39.7134124377626,
                    -43.386785396873165,
                    -42.36497351108483,
                    -42.36497351108483,
                    -53.166711925761774,
                    -41.93306390809812
                ],
                [
                    -40.64813584938565,
                    -40.64813584938565,
                    -56.99876096227672,
                    -40.64813584938565,
                    -40.64813584938565,
                    -68.11523204721743,
                    -41.04034181730458,
                    -40.64813584938565,
                    -40.64813584938565,
                    -52.22822418503347,
                    -42.361519641814084
                ],
                [
                    -41.168410234451585,
                    -41.168410234451585,
                    -58.06005195429316,
                    -41.168410234451585,
                    -41.168410234451585,
                    -65.23722032556543,
                    -42.022072076906625,
                    -41.168410234451585,
                    -41.168410234451585,
                    -52.72367281734478,
                    -42.46496959328579
                ],
                [
                    -41.400091781495576,
                    -41.400091781495576,
                    -57.4591355479788,
                    -41.400091781495576,
                    -41.400091781495576,
                    -64.76851616520435,
                    -42.349172428694146,
                    -41.400091781495576,
                    -41.400091781495576,
                    -52.21013752334693,
                    -42.58432763687415
                ],
                [
                    -43.532940934424914,
                    -43.532940934424914,
                    -59.459640368877444,
                    -43.532940934424914,
                    -43.532940934424914,
                    -58.593133988499176,
                    -44.06562540971572,
                    -43.532940934424914,
                    -43.532940934424914,
                    -43.81656492708862,
                    -43.883437753065664
                ],
                [
                    -40.34592438621985,
                    -40.34592438621985,
                    -57.05257400783012,
                    -40.34592438621985,
                    -40.34592438621985,
                    -66.42051825887756,
                    -41.05926942462793,
                    -40.34592438621985,
                    -40.34592438621985,
                    -52.4050317149522,
                    -40.99999451395706
                ]
            ]
        ],
        "prompt_sensitivities": [
            0.30697087870649936
        ],
        "posix": 0.30697087870649936
    }
}