{
    "file_name": "question_394_variants.json",
    "overall_posix": 0.11684449170641666,
    "detailed_scores": [
        {
            "Variation 1": 0.03490163881393859,
            "Variation 2": 0.03329309735301154,
            "Variation 3": 0.9558882499538207,
            "Variation 4": 0.03490163881393859,
            "Variation 5": 0.03490163881393859,
            "Variation 6": 0.03490163881393859,
            "Variation 7": 0.1447366952571346,
            "Variation 8": 0.03329309735301154,
            "Variation 9": 0.03329309735301154,
            "Variation 10": 0.03490163881393859
        }
    ],
    "trace": {
        "prompts": [
            "Does the patient have any visible pulmonary nodules on the X-ray? Please choose from the following two options: [yes, no]\n<image>"
        ],
        "responses": [
            [
                "The patient does not have any visible pulmonary nodules on the chest x-ray. ",
                "The patient does not have any visible pulmonary nodules on the chest X-ray. ",
                "The chest x-ray does not show any visible pulmonary nodules. ",
                "The patient does not have any viusible pulmonary nodules on the chest X-ray. ",
                "The patient does not have any visible pulmonary nodules on the chest X-ray. ",
                "The patient does not have any visible pulmonary nodules on the chest X-ray. ",
                "The patient does not have any visible pulmonary nodules on the chest X-ray. ",
                "The patient did not have any visible pulmonary nodules on the chest X-ray. ",
                "The chest x-ray does not show any visible pulmonary nodules. ",
                "The chest x-ray does not show any visible pulmonary nodules. ",
                "The patient does not have any visible pulmonary nodules on the chest X-ray. "
            ]
        ],
        "logprob_matrices": [
            [
                [
                    -41.92925492212361,
                    -42.69709097603026,
                    -42.56182377183083,
                    -64.87057292101531,
                    -42.69709097603026,
                    -42.69709097603026,
                    -42.69709097603026,
                    -45.11346221778057,
                    -42.56182377183083,
                    -42.56182377183083,
                    -42.69709097603026
                ],
                [
                    -42.611236954233384,
                    -42.92760603725218,
                    -43.209464932529016,
                    -58.52533587407555,
                    -42.92760603725218,
                    -42.92760603725218,
                    -42.92760603725218,
                    -45.34946587101601,
                    -43.209464932529016,
                    -43.209464932529016,
                    -42.92760603725218
                ],
                [
                    -43.0937102629432,
                    -42.992899426038996,
                    -41.91731003994934,
                    -64.79077982472825,
                    -42.992899426038996,
                    -42.992899426038996,
                    -42.992899426038996,
                    -45.03214022028527,
                    -41.91731003994934,
                    -41.91731003994934,
                    -42.992899426038996
                ],
                [
                    -43.52957178663018,
                    -43.7699249437046,
                    -44.57874093539607,
                    -42.90962122784912,
                    -43.7699249437046,
                    -43.7699249437046,
                    -43.7699249437046,
                    -46.638311538554206,
                    -44.57874093539607,
                    -44.57874093539607,
                    -43.7699249437046
                ],
                [
                    -41.74120075198687,
                    -41.48711365593033,
                    -42.96833800603861,
                    -63.371009218542895,
                    -41.48711365593033,
                    -41.48711365593033,
                    -41.48711365593033,
                    -44.08076865567887,
                    -42.96833800603861,
                    -42.96833800603861,
                    -41.48711365593033
                ],
                [
                    -41.98448473446115,
                    -42.466656097458326,
                    -42.46107530182053,
                    -64.06485239120593,
                    -42.466656097458326,
                    -42.466656097458326,
                    -42.466656097458326,
                    -45.08187255075427,
                    -42.46107530182053,
                    -42.46107530182053,
                    -42.466656097458326
                ],
                [
                    -42.192577397817324,
                    -42.32777132610408,
                    -43.39200099898059,
                    -64.38479190013368,
                    -42.32777132610408,
                    -42.32777132610408,
                    -42.32777132610408,
                    -44.754700446662326,
                    -43.39200099898059,
                    -43.39200099898059,
                    -42.32777132610408
                ],
                [
                    -42.43948572607405,
                    -42.9664967155968,
                    -42.19949638902102,
                    -64.54841730540556,
                    -42.9664967155968,
                    -42.9664967155968,
                    -42.9664967155968,
                    -43.17915762945262,
                    -42.19949638902102,
                    -42.19949638902102,
                    -42.9664967155968
                ],
                [
                    -44.61929756584322,
                    -44.99298450965579,
                    -42.5478032928622,
                    -66.79687279365248,
                    -44.99298450965579,
                    -44.99298450965579,
                    -44.99298450965579,
                    -46.89812352800794,
                    -42.5478032928622,
                    -42.5478032928622,
                    -44.99298450965579
                ],
                [
                    -42.6966997372001,
                    -43.097127129700304,
                    -42.45086859025193,
                    -64.84261262837322,
                    -43.097127129700304,
                    -43.097127129700304,
                    -43.097127129700304,
                    -45.49614724201996,
                    -42.45086859025193,
                    -42.45086859025193,
                    -43.097127129700304
                ],
                [
                    -42.02476584901614,
                    -42.67677491708036,
                    -43.01850252897836,
                    -59.113847389773525,
                    -42.67677491708036,
                    -42.67677491708036,
                    -42.67677491708036,
                    -45.01891394354788,
                    -43.01850252897836,
                    -43.01850252897836,
                    -42.67677491708036
                ]
            ]
        ],
        "prompt_sensitivities": [
            0.11684449170641666
        ],
        "posix": 0.11684449170641666
    }
}