{
    "file_name": "question_290_variants.json",
    "overall_posix": 0.11470473343190898,
    "detailed_scores": [
        {
            "Variation 1": 0.0,
            "Variation 2": 0.011783627826904801,
            "Variation 3": 0.0,
            "Variation 4": 0.0,
            "Variation 5": 0.11223063278805512,
            "Variation 6": 0.0735285702844282,
            "Variation 7": 0.0,
            "Variation 8": 0.0,
            "Variation 9": 0.0,
            "Variation 10": 1.0829848215176299
        }
    ],
    "trace": {
        "prompts": [
            "Is there evidence of an enlarged heart on the chest X-ray? Please choose from the following two options: [yes, no]\n<image>"
        ],
        "responses": [
            [
                "The chest x-ray does not show any evidence of an enlarged heart. ",
                "The chest x-ray does not show any evidence of an enlarged heart. ",
                "Yes, the chest X-ray shows evidence of an enlarged heart, which is referred to as cardiomegaly. ",
                "The chest x-ray does not show any evidence of an enlarged heart. ",
                "The chest x-ray does not show any evidence of an enlarged heart. ",
                "The chest X-ray does not show any evidence of an enlarged heart. ",
                "Yes, the chest X-ray shows evidence of an enlarged heart. ",
                "The chest x-ray does not show any evidence of an enlarged heart. ",
                "The chest x-ray does not show any evidence of an enlarged heart. ",
                "The chest x-ray does not show any evidence of an enlarged heart. ",
                "The chest x-ray does not show any evidence of an nlarged heart. "
            ]
        ],
        "logprob_matrices": [
            [
                [
                    -40.886177780391336,
                    -40.886177780391336,
                    -41.23968661519848,
                    -40.886177780391336,
                    -40.886177780391336,
                    -43.13079043615244,
                    -39.4891349449872,
                    -40.886177780391336,
                    -40.886177780391336,
                    -40.886177780391336,
                    -62.54587421074393
                ],
                [
                    -40.86524938059847,
                    -40.86524938059847,
                    -41.151889005444104,
                    -40.86524938059847,
                    -40.86524938059847,
                    -42.62038097901814,
                    -39.32947210865996,
                    -40.86524938059847,
                    -40.86524938059847,
                    -40.86524938059847,
                    -60.04997227379863
                ],
                [
                    -41.14558560594651,
                    -41.14558560594651,
                    -40.53761291060323,
                    -41.14558560594651,
                    -41.14558560594651,
                    -41.87976778979828,
                    -39.05281702735738,
                    -41.14558560594651,
                    -41.14558560594651,
                    -41.14558560594651,
                    -59.63540361874038
                ],
                [
                    -40.282392070148944,
                    -40.282392070148944,
                    -40.21722495277129,
                    -40.282392070148944,
                    -40.282392070148944,
                    -42.104462924264226,
                    -38.74731410940376,
                    -40.282392070148944,
                    -40.282392070148944,
                    -40.282392070148944,
                    -61.074683070190076
                ],
                [
                    -41.107735568660246,
                    -41.107735568660246,
                    -41.485418342621074,
                    -41.107735568660246,
                    -41.107735568660246,
                    -42.53227105082442,
                    -39.59077605182392,
                    -41.107735568660246,
                    -41.107735568660246,
                    -41.107735568660246,
                    -58.23325164350172
                ],
                [
                    -41.413390679184886,
                    -41.413390679184886,
                    -41.366153118006196,
                    -41.413390679184886,
                    -41.413390679184886,
                    -41.55381350343578,
                    -40.05889792594917,
                    -41.413390679184886,
                    -41.413390679184886,
                    -41.413390679184886,
                    -62.79532879203907
                ],
                [
                    -39.93883065001137,
                    -39.93883065001137,
                    -39.89620334425729,
                    -39.93883065001137,
                    -39.93883065001137,
                    -41.779023187746134,
                    -38.13155272155018,
                    -39.93883065001137,
                    -39.93883065001137,
                    -39.93883065001137,
                    -60.10171683427325
                ],
                [
                    -40.357704647351966,
                    -40.357704647351966,
                    -40.87382787499769,
                    -40.357704647351966,
                    -40.357704647351966,
                    -41.87749648783756,
                    -39.06740095200803,
                    -40.357704647351966,
                    -40.357704647351966,
                    -40.357704647351966,
                    -57.211873899832426
                ],
                [
                    -40.9626654361673,
                    -40.9626654361673,
                    -41.15903739905821,
                    -40.9626654361673,
                    -40.9626654361673,
                    -41.77754653333341,
                    -39.58865416898152,
                    -40.9626654361673,
                    -40.9626654361673,
                    -40.9626654361673,
                    -59.467457694452605
                ],
                [
                    -40.894308021517645,
                    -40.894308021517645,
                    -40.9690037592527,
                    -40.894308021517645,
                    -40.894308021517645,
                    -41.81606277829633,
                    -39.731663889279844,
                    -40.894308021517645,
                    -40.894308021517645,
                    -40.894308021517645,
                    -58.573391714882746
                ],
                [
                    -42.4476412012591,
                    -42.4476412012591,
                    -42.5932014413188,
                    -42.4476412012591,
                    -42.4476412012591,
                    -43.33835610427923,
                    -41.45053739389732,
                    -42.4476412012591,
                    -42.4476412012591,
                    -42.4476412012591,
                    -41.5534877088794
                ]
            ]
        ],
        "prompt_sensitivities": [
            0.11470473343190898
        ],
        "posix": 0.11470473343190898
    }
}