{
    "file_name": "question_182_variants.json",
    "overall_posix": 0.07998973641563456,
    "detailed_scores": [
        {
            "Variation 1": 0.007896399829210818,
            "Variation 2": 0.007896399829210818,
            "Variation 3": 0.007896399829210818,
            "Variation 4": 0.007896399829210818,
            "Variation 5": 0.0,
            "Variation 6": 0.0,
            "Variation 7": 0.0,
            "Variation 8": 0.31883033214086554,
            "Variation 9": 0.0,
            "Variation 10": 0.0
        }
    ],
    "trace": {
        "prompts": [
            "Does the patient have clear lungs on the chest X-ray? Please choose from the following two options: [yes, no]\n<image>"
        ],
        "responses": [
            [
                "Yes, the patient's chest X-ray shows clear lungs. ",
                "Yes, the chest X-ray shows clear lungs. ",
                "Yes, the chest X-ray shows clear lungs. ",
                "Yes, the chest X-ray shows clear lungs. ",
                "Yes, the chest X-ray shows clear lungs. ",
                "Yes, the patient's chest X-ray shows clear lungs. ",
                "Yes, the patient's chest X-ray shows clear lungs. ",
                "Yes, the patient's chest X-ray shows clear lungs. ",
                "Yes, the patient's chest X-ray shows clear lung fields, which means that there are no visible signs of lung abnormalities or infections in the image. ",
                "Yes, the patient's chest X-ray shows clear lungs. ",
                "Yes, the patient's chest X-ray shows clear lungs. "
            ]
        ],
        "logprob_matrices": [
            [
                [
                    -41.35327875434723,
                    -41.46382835195618,
                    -41.46382835195618,
                    -41.46382835195618,
                    -41.46382835195618,
                    -41.35327875434723,
                    -41.35327875434723,
                    -41.35327875434723,
                    -53.46883137570012,
                    -41.35327875434723,
                    -41.35327875434723
                ],
                [
                    -42.68592247626566,
                    -41.00074903632594,
                    -41.00074903632594,
                    -41.00074903632594,
                    -41.00074903632594,
                    -42.68592247626566,
                    -42.68592247626566,
                    -42.68592247626566,
                    -55.344987403054574,
                    -42.68592247626566,
                    -42.68592247626566
                ],
                [
                    -40.12948035651152,
                    -39.38469832584633,
                    -39.38469832584633,
                    -39.38469832584633,
                    -39.38469832584633,
                    -40.12948035651152,
                    -40.12948035651152,
                    -40.12948035651152,
                    -52.34153032242102,
                    -40.12948035651152,
                    -40.12948035651152
                ],
                [
                    -43.21784220527434,
                    -40.64346145034597,
                    -40.64346145034597,
                    -40.64346145034597,
                    -40.64346145034597,
                    -43.21784220527434,
                    -43.21784220527434,
                    -43.21784220527434,
                    -55.68411650027406,
                    -43.21784220527434,
                    -43.21784220527434
                ],
                [
                    -41.41294438902651,
                    -40.228521258926776,
                    -40.228521258926776,
                    -40.228521258926776,
                    -40.228521258926776,
                    -41.41294438902651,
                    -41.41294438902651,
                    -41.41294438902651,
                    -54.0033870785644,
                    -41.41294438902651,
                    -41.41294438902651
                ],
                [
                    -41.10509138999396,
                    -41.358511231213924,
                    -41.358511231213924,
                    -41.358511231213924,
                    -41.358511231213924,
                    -41.10509138999396,
                    -41.10509138999396,
                    -41.10509138999396,
                    -53.21010162131165,
                    -41.10509138999396,
                    -41.10509138999396
                ],
                [
                    -41.33162555389981,
                    -41.61610644443044,
                    -41.61610644443044,
                    -41.61610644443044,
                    -41.61610644443044,
                    -41.33162555389981,
                    -41.33162555389981,
                    -41.33162555389981,
                    -53.4016395818536,
                    -41.33162555389981,
                    -41.33162555389981
                ],
                [
                    -41.165696343246964,
                    -41.48435766854891,
                    -41.48435766854891,
                    -41.48435766854891,
                    -41.48435766854891,
                    -41.165696343246964,
                    -41.165696343246964,
                    -41.165696343246964,
                    -53.30843946684831,
                    -41.165696343246964,
                    -41.165696343246964
                ],
                [
                    -43.81422998913149,
                    -44.550668050100285,
                    -44.550668050100285,
                    -44.550668050100285,
                    -44.550668050100285,
                    -43.81422998913149,
                    -43.81422998913149,
                    -43.81422998913149,
                    -48.39235706725617,
                    -43.81422998913149,
                    -43.81422998913149
                ],
                [
                    -41.639908431806816,
                    -42.04214327952377,
                    -42.04214327952377,
                    -42.04214327952377,
                    -42.04214327952377,
                    -41.639908431806816,
                    -41.639908431806816,
                    -41.639908431806816,
                    -53.508037637790835,
                    -41.639908431806816,
                    -41.639908431806816
                ],
                [
                    -40.49936137636132,
                    -40.08893231267666,
                    -40.08893231267666,
                    -40.08893231267666,
                    -40.08893231267666,
                    -40.49936137636132,
                    -40.49936137636132,
                    -40.49936137636132,
                    -53.002427639742564,
                    -40.49936137636132,
                    -40.49936137636132
                ]
            ]
        ],
        "prompt_sensitivities": [
            0.07998973641563456
        ],
        "posix": 0.07998973641563456
    }
}