{
    "file_name": "question_67_variants.json",
    "overall_posix": 0.014964538899784177,
    "detailed_scores": [
        {
            "Variation 1": 0.0094644735083767,
            "Variation 2": 0.0,
            "Variation 3": 0.0,
            "Variation 4": 0.0,
            "Variation 5": 0.0,
            "Variation 6": 0.0,
            "Variation 7": 0.046841872311779297,
            "Variation 8": 0.0,
            "Variation 9": 0.0,
            "Variation 10": 0.0
        }
    ],
    "trace": {
        "prompts": [
            "Are the lung volumes within normal limits on the chest X-ray? Please choose from the following two options: [yes, no]\n<image>"
        ],
        "responses": [
            [
                "Yes, the chest X-ray shows normal lung volumes. ",
                "Yes, the lung volumes appear to be within normal limits on the chest X-ray. ",
                "Yes, the chest X-ray shows normal lung volumes. ",
                "Yes, the chest X-ray shows normal lung volumes. ",
                "Yes, the chest X-ray shows normal lung volumes. ",
                "Yes, the chest X-ray shows normal lung volumes. ",
                "Yes, the chest X-ray shows normal lung volumes. ",
                "Yes, the chest X-ray shows that the lung volumes are within normal limits. ",
                "Yes, the chest X-ray shows normal lung volumes. ",
                "Yes, the chest X-ray shows normal lung volumes. ",
                "Yes, the chest X-ray shows normal lung volumes. "
            ]
        ],
        "logprob_matrices": [
            [
                [
                    -41.263161991067136,
                    -41.46191593474305,
                    -41.263161991067136,
                    -41.263161991067136,
                    -41.263161991067136,
                    -41.263161991067136,
                    -41.263161991067136,
                    -42.19999943730272,
                    -41.263161991067136,
                    -41.263161991067136,
                    -41.263161991067136
                ],
                [
                    -41.741108246682415,
                    -40.526342314872636,
                    -41.741108246682415,
                    -41.741108246682415,
                    -41.741108246682415,
                    -41.741108246682415,
                    -41.741108246682415,
                    -42.514101294216744,
                    -41.741108246682415,
                    -41.741108246682415,
                    -41.741108246682415
                ],
                [
                    -41.376451031451325,
                    -41.41079911084853,
                    -41.376451031451325,
                    -41.376451031451325,
                    -41.376451031451325,
                    -41.376451031451325,
                    -41.376451031451325,
                    -41.982581655175636,
                    -41.376451031451325,
                    -41.376451031451325,
                    -41.376451031451325
                ],
                [
                    -40.965299796836916,
                    -41.100640836049024,
                    -40.965299796836916,
                    -40.965299796836916,
                    -40.965299796836916,
                    -40.965299796836916,
                    -40.965299796836916,
                    -41.88963318776223,
                    -40.965299796836916,
                    -40.965299796836916,
                    -40.965299796836916
                ],
                [
                    -41.098776932378314,
                    -41.49918652398446,
                    -41.098776932378314,
                    -41.098776932378314,
                    -41.098776932378314,
                    -41.098776932378314,
                    -41.098776932378314,
                    -42.0555391764301,
                    -41.098776932378314,
                    -41.098776932378314,
                    -41.098776932378314
                ],
                [
                    -41.00029338320019,
                    -41.26027860045724,
                    -41.00029338320019,
                    -41.00029338320019,
                    -41.00029338320019,
                    -41.00029338320019,
                    -41.00029338320019,
                    -41.94712571820128,
                    -41.00029338320019,
                    -41.00029338320019,
                    -41.00029338320019
                ],
                [
                    -41.43610005977371,
                    -41.61331578246245,
                    -41.43610005977371,
                    -41.43610005977371,
                    -41.43610005977371,
                    -41.43610005977371,
                    -41.43610005977371,
                    -42.33572257319156,
                    -41.43610005977371,
                    -41.43610005977371,
                    -41.43610005977371
                ],
                [
                    -40.930094158708016,
                    -40.382581877282064,
                    -40.930094158708016,
                    -40.930094158708016,
                    -40.930094158708016,
                    -40.930094158708016,
                    -40.930094158708016,
                    -40.36572371783586,
                    -40.930094158708016,
                    -40.930094158708016,
                    -40.930094158708016
                ],
                [
                    -41.263161991067136,
                    -41.46191593474305,
                    -41.263161991067136,
                    -41.263161991067136,
                    -41.263161991067136,
                    -41.263161991067136,
                    -41.263161991067136,
                    -42.19999943730272,
                    -41.263161991067136,
                    -41.263161991067136,
                    -41.263161991067136
                ],
                [
                    -41.36447476702597,
                    -41.543126026312166,
                    -41.36447476702597,
                    -41.36447476702597,
                    -41.36447476702597,
                    -41.36447476702597,
                    -41.36447476702597,
                    -41.89766717849852,
                    -41.36447476702597,
                    -41.36447476702597,
                    -41.36447476702597
                ],
                [
                    -41.027604148146565,
                    -41.62461116671966,
                    -41.027604148146565,
                    -41.027604148146565,
                    -41.027604148146565,
                    -41.027604148146565,
                    -41.027604148146565,
                    -41.77895636525318,
                    -41.027604148146565,
                    -41.027604148146565,
                    -41.027604148146565
                ]
            ]
        ],
        "prompt_sensitivities": [
            0.014964538899784177
        ],
        "posix": 0.014964538899784177
    }
}