{
    "file_name": "question_13_variants.json",
    "overall_posix": 0.2988669189607799,
    "detailed_scores": [
        {
            "Variation 1": 1.5062372222846534,
            "Variation 2": 0.0,
            "Variation 3": 0.09624357498004803,
            "Variation 4": 0.0,
            "Variation 5": 0.12512453276556496,
            "Variation 6": 0.0,
            "Variation 7": 0.0,
            "Variation 8": 1.5202217263908289,
            "Variation 9": 0.0,
            "Variation 10": 0.0
        }
    ],
    "trace": {
        "prompts": [
            "Are there signs of pneumonia on the chest X-ray? Please choose from the following two options: [yes, no]\n<image>"
        ],
        "responses": [
            [
                "The chest x-ray does not show any signs of pneumonia. ",
                "The zchest X-ray does not show any signs of pneumonia. ",
                "The chest x-ray does not show any signs of pneumonia. ",
                "Yes, the chest X-ray shows signs of pneumonia. ",
                "The chest x-ray does not show any signs of pneumonia. ",
                "The chest X-ray does not show any signs of pneumonia. ",
                "The chest x-ray does not show any signs of pneumonia. ",
                "The chest x-ray does not show any signs of pneumonia. ",
                "The vhest X-ray does not show any signs of pneumonia. ",
                "The chest x-ray does not show any signs of pneumonia. ",
                "The chest x-ray does not show any signs of pneumonia. "
            ]
        ],
        "logprob_matrices": [
            [
                [
                    -41.09603197170509,
                    -71.22077641739816,
                    -41.09603197170509,
                    -39.45989119704427,
                    -41.09603197170509,
                    -43.34827356148526,
                    -41.09603197170509,
                    -41.09603197170509,
                    -69.98024477313083,
                    -41.09603197170509,
                    -41.09603197170509
                ],
                [
                    -43.441955101152416,
                    -41.230804377646564,
                    -43.441955101152416,
                    -41.65318860968728,
                    -43.441955101152416,
                    -43.63267330148665,
                    -43.441955101152416,
                    -43.441955101152416,
                    -63.611374945954594,
                    -43.441955101152416,
                    -43.441955101152416
                ],
                [
                    -41.432086915892796,
                    -68.8398105146116,
                    -41.432086915892796,
                    -39.63576172841613,
                    -41.432086915892796,
                    -42.864839588433824,
                    -41.432086915892796,
                    -41.432086915892796,
                    -70.02604525119386,
                    -41.432086915892796,
                    -41.432086915892796
                ],
                [
                    -41.12194674216698,
                    -69.9602161444127,
                    -41.12194674216698,
                    -39.27785212023309,
                    -41.12194674216698,
                    -41.800057447198014,
                    -41.12194674216698,
                    -41.12194674216698,
                    -69.41593371584167,
                    -41.12194674216698,
                    -41.12194674216698
                ],
                [
                    -40.96139040679191,
                    -70.92726160134043,
                    -40.96139040679191,
                    -39.22794804692603,
                    -40.96139040679191,
                    -42.90854038516227,
                    -40.96139040679191,
                    -40.96139040679191,
                    -69.85414130678328,
                    -40.96139040679191,
                    -40.96139040679191
                ],
                [
                    -41.87054115207502,
                    -66.19232832448324,
                    -41.87054115207502,
                    -39.163140851111166,
                    -41.87054115207502,
                    -41.70161418722455,
                    -41.87054115207502,
                    -41.87054115207502,
                    -65.49390656650576,
                    -41.87054115207502,
                    -41.87054115207502
                ],
                [
                    -40.386264347296674,
                    -70.45545940734883,
                    -40.386264347296674,
                    -38.47259873039184,
                    -40.386264347296674,
                    -42.30776341811725,
                    -40.386264347296674,
                    -40.386264347296674,
                    -69.04288981595892,
                    -40.386264347296674,
                    -40.386264347296674
                ],
                [
                    -40.85037159144849,
                    -69.9559469588421,
                    -40.85037159144849,
                    -39.1608149396161,
                    -40.85037159144849,
                    -42.786922226403476,
                    -40.85037159144849,
                    -40.85037159144849,
                    -70.30224418096623,
                    -40.85037159144849,
                    -40.85037159144849
                ],
                [
                    -42.68709651363315,
                    -67.80794485098886,
                    -42.68709651363315,
                    -40.82657719204508,
                    -42.68709651363315,
                    -43.164498551905126,
                    -42.68709651363315,
                    -42.68709651363315,
                    -42.067338765524255,
                    -42.68709651363315,
                    -42.68709651363315
                ],
                [
                    -40.44972941399101,
                    -69.12444820629389,
                    -40.44972941399101,
                    -38.353593157229625,
                    -40.44972941399101,
                    -42.250711802220394,
                    -40.44972941399101,
                    -40.44972941399101,
                    -68.94880795570862,
                    -40.44972941399101,
                    -40.44972941399101
                ],
                [
                    -40.1007742402071,
                    -69.87583151011495,
                    -40.1007742402071,
                    -38.46837933727602,
                    -40.1007742402071,
                    -41.80932445512735,
                    -40.1007742402071,
                    -40.1007742402071,
                    -69.17560643173056,
                    -40.1007742402071,
                    -40.1007742402071
                ]
            ]
        ],
        "prompt_sensitivities": [
            0.2988669189607799
        ],
        "posix": 0.2988669189607799
    }
}