{
    "file_name": "question_291_variants.json",
    "overall_posix": 0.38877487241675196,
    "detailed_scores": [
        {
            "Variation 1": 0.5554216727614403,
            "Variation 2": 0.06061563037690662,
            "Variation 3": 0.7905959668366805,
            "Variation 4": 0.5554216727614403,
            "Variation 5": 0.5921089215712114,
            "Variation 6": 0.0,
            "Variation 7": 0.5921089215712114,
            "Variation 8": 0.0,
            "Variation 9": 0.06061563037690662,
            "Variation 10": 0.0
        }
    ],
    "trace": {
        "prompts": [
            "Are small calcified lymph nodes identified on the chest X-ray? Please choose from the following two options: [yes, no]\n<image>"
        ],
        "responses": [
            [
                "Yes, there are small calcified lymph nodes identified on the chest X-ray.",
                "Yes, small calcified lymph nodes are identified on the chest X-ray.",
                "Yes, there are small calcified lymph nodes visible on the chest X-ray.",
                "Yes, there are small calicfied lymph nodes identified on the chest X-ray.",
                "Yes, small calcified lymph nodes are identified on the chest X-ray.",
                "No, there are no small calcified lymph nodes identified on the chest X-ray.",
                "Yes, there are small calcified lymph nodes identified on the chest X-ray.",
                "No, there are no small calcified lymph nodes identified on the chest X-ray.",
                "Yes, there are small calcified lymph nodes identified on the chest X-ray.",
                "Yes, there are small calcified lymph nodes visible on the chest X-ray.",
                "Yes, there are small calcified lymph nodes identified on the chest X-ray."
            ]
        ],
        "logprob_matrices": [
            [
                [
                    -201.06576108932495,
                    -189.95732763409615,
                    -199.7928328514099,
                    -219.2494683265686,
                    -189.95732763409615,
                    -214.0921573638916,
                    -201.06576108932495,
                    -214.0921573638916,
                    -201.06576108932495,
                    -199.7928328514099,
                    -201.06576108932495
                ],
                [
                    -200.8635973930359,
                    -197.59537410736084,
                    -200.53170537948608,
                    -237.6722378730774,
                    -197.59537410736084,
                    -232.89969539642334,
                    -200.8635973930359,
                    -232.89969539642334,
                    -200.8635973930359,
                    -200.53170537948608,
                    -200.8635973930359
                ],
                [
                    -209.69574117660522,
                    -200.0418815612793,
                    -207.75651693344116,
                    -246.21888780593872,
                    -200.0418815612793,
                    -210.8122272491455,
                    -209.69574117660522,
                    -210.8122272491455,
                    -209.69574117660522,
                    -207.75651693344116,
                    -209.69574117660522
                ],
                [
                    -229.7864546775818,
                    -211.2402229309082,
                    -228.41471242904663,
                    -234.21863913536072,
                    -211.2402229309082,
                    -227.68942213058472,
                    -229.7864546775818,
                    -227.68942213058472,
                    -229.7864546775818,
                    -228.41471242904663,
                    -229.7864546775818
                ],
                [
                    -229.7864546775818,
                    -211.2402229309082,
                    -228.41471242904663,
                    -234.21863913536072,
                    -211.2402229309082,
                    -227.68942213058472,
                    -229.7864546775818,
                    -227.68942213058472,
                    -229.7864546775818,
                    -228.41471242904663,
                    -229.7864546775818
                ],
                [
                    -209.69574117660522,
                    -200.0418815612793,
                    -207.75651693344116,
                    -246.21888780593872,
                    -200.0418815612793,
                    -210.8122272491455,
                    -209.69574117660522,
                    -210.8122272491455,
                    -209.69574117660522,
                    -207.75651693344116,
                    -209.69574117660522
                ],
                [
                    -201.06576108932495,
                    -189.95732763409615,
                    -199.7928328514099,
                    -219.2494683265686,
                    -189.95732763409615,
                    -214.0921573638916,
                    -201.06576108932495,
                    -214.0921573638916,
                    -201.06576108932495,
                    -199.7928328514099,
                    -201.06576108932495
                ],
                [
                    -209.69574117660522,
                    -200.0418815612793,
                    -207.75651693344116,
                    -246.21888780593872,
                    -200.0418815612793,
                    -210.8122272491455,
                    -209.69574117660522,
                    -210.8122272491455,
                    -209.69574117660522,
                    -207.75651693344116,
                    -209.69574117660522
                ],
                [
                    -209.69574117660522,
                    -200.0418815612793,
                    -207.75651693344116,
                    -246.21888780593872,
                    -200.0418815612793,
                    -210.8122272491455,
                    -209.69574117660522,
                    -210.8122272491455,
                    -209.69574117660522,
                    -207.75651693344116,
                    -209.69574117660522
                ],
                [
                    -231.77174282073975,
                    -207.15135717391968,
                    -231.62864589691162,
                    -241.5481572151184,
                    -207.15135717391968,
                    -238.5553059577942,
                    -231.77174282073975,
                    -238.5553059577942,
                    -231.77174282073975,
                    -231.62864589691162,
                    -231.77174282073975
                ],
                [
                    -209.69574117660522,
                    -200.0418815612793,
                    -207.75651693344116,
                    -246.21888780593872,
                    -200.0418815612793,
                    -210.8122272491455,
                    -209.69574117660522,
                    -210.8122272491455,
                    -209.69574117660522,
                    -207.75651693344116,
                    -209.69574117660522
                ]
            ]
        ],
        "prompt_sensitivities": [
            0.38877487241675196
        ],
        "posix": 0.38877487241675196
    }
}