{
    "file_name": "question_252_variants.json",
    "overall_posix": 0.4772505514064372,
    "detailed_scores": [
        {
            "Variation 1": 0.0,
            "Variation 2": 0.0,
            "Variation 3": 0.0,
            "Variation 4": 0.0,
            "Variation 5": 0.28420696760478775,
            "Variation 6": 0.0,
            "Variation 7": 1.075024786449614,
            "Variation 8": 0.0,
            "Variation 9": 1.7406242204749065,
            "Variation 10": 0.0
        }
    ],
    "trace": {
        "prompts": [
            "Are there any signs of pleural effusion on the chest X-ray? Please choose from the following two options: [yes, no]\n<image>"
        ],
        "responses": [
            [
                "No, there are no signs of pleural effusion on the chest X-ray.",
                "No, there are no signs of pleural effusion on the chest X-ray.",
                "No, there are no signs of pleural effusion on the chest X-ray.",
                "No, there are no signs of pleural effusion on the chest X-ray.",
                "No, there are no signs of pleural effusion on the chest X-ray.",
                "Yes, there is a pleural effusion visible on the chest X-ray.",
                "No, there are no signs of pleural effusion on the chest X-ray.",
                "Yes, there are amy signs of pleural effusion on the chest X-ray.",
                "No, there are no signs of pleural effusion on the chest X-ray.",
                "No, there are no axillary signs of pleural effusion on the chest X-ray.",
                "No, there are no signs of pleural effusion on the chest X-ray."
            ]
        ],
        "logprob_matrices": [
            [
                [
                    -195.40468454360962,
                    -195.40468454360962,
                    -195.40468454360962,
                    -195.40468454360962,
                    -195.40468454360962,
                    -190.00475215911865,
                    -195.40468454360962,
                    -217.9802050590515,
                    -195.40468454360962,
                    -235.43904161453247,
                    -195.40468454360962
                ],
                [
                    -195.8482985496521,
                    -195.8482985496521,
                    -195.8482985496521,
                    -195.8482985496521,
                    -195.8482985496521,
                    -193.312584400177,
                    -195.8482985496521,
                    -217.2997260093689,
                    -195.8482985496521,
                    -233.65422439575195,
                    -195.8482985496521
                ],
                [
                    -207.94456815719604,
                    -207.94456815719604,
                    -207.94456815719604,
                    -207.94456815719604,
                    -207.94456815719604,
                    -190.6635766029358,
                    -207.94456815719604,
                    -209.19973421096802,
                    -207.94456815719604,
                    -234.50428581237793,
                    -207.94456815719604
                ],
                [
                    -207.94456815719604,
                    -207.94456815719604,
                    -207.94456815719604,
                    -207.94456815719604,
                    -207.94456815719604,
                    -190.6635766029358,
                    -207.94456815719604,
                    -209.19973421096802,
                    -207.94456815719604,
                    -234.50428581237793,
                    -207.94456815719604
                ],
                [
                    -198.39407205581665,
                    -198.39407205581665,
                    -198.39407205581665,
                    -198.39407205581665,
                    -198.39407205581665,
                    -190.46529293060303,
                    -198.39407205581665,
                    -212.2085666656494,
                    -198.39407205581665,
                    -241.50322365760803,
                    -198.39407205581665
                ],
                [
                    -195.40468454360962,
                    -195.40468454360962,
                    -195.40468454360962,
                    -195.40468454360962,
                    -195.40468454360962,
                    -190.00475215911865,
                    -195.40468454360962,
                    -217.9802050590515,
                    -195.40468454360962,
                    -235.43904161453247,
                    -195.40468454360962
                ],
                [
                    -195.8482985496521,
                    -195.8482985496521,
                    -195.8482985496521,
                    -195.8482985496521,
                    -195.8482985496521,
                    -193.312584400177,
                    -195.8482985496521,
                    -217.2997260093689,
                    -195.8482985496521,
                    -233.65422439575195,
                    -195.8482985496521
                ],
                [
                    -195.8482985496521,
                    -195.8482985496521,
                    -195.8482985496521,
                    -195.8482985496521,
                    -195.8482985496521,
                    -193.312584400177,
                    -195.8482985496521,
                    -217.2997260093689,
                    -195.8482985496521,
                    -233.65422439575195,
                    -195.8482985496521
                ],
                [
                    -195.8482985496521,
                    -195.8482985496521,
                    -195.8482985496521,
                    -195.8482985496521,
                    -195.8482985496521,
                    -193.312584400177,
                    -195.8482985496521,
                    -217.2997260093689,
                    -195.8482985496521,
                    -233.65422439575195,
                    -195.8482985496521
                ],
                [
                    -203.96780347824097,
                    -203.96780347824097,
                    -203.96780347824097,
                    -203.96780347824097,
                    -203.96780347824097,
                    -183.84560346603394,
                    -203.96780347824097,
                    -207.79397583007812,
                    -203.96780347824097,
                    -232.77676820755005,
                    -203.96780347824097
                ],
                [
                    -203.96780347824097,
                    -203.96780347824097,
                    -203.96780347824097,
                    -203.96780347824097,
                    -203.96780347824097,
                    -183.84560346603394,
                    -203.96780347824097,
                    -207.79397583007812,
                    -203.96780347824097,
                    -232.77676820755005,
                    -203.96780347824097
                ]
            ]
        ],
        "prompt_sensitivities": [
            0.4772505514064372
        ],
        "posix": 0.4772505514064372
    }
}