{
    "file_name": "question_297_variants.json",
    "overall_posix": 0.0,
    "detailed_scores": [
        {
            "Variation 1": 0.0,
            "Variation 2": 0.0,
            "Variation 3": 0.0,
            "Variation 4": 0.0,
            "Variation 5": 0.0,
            "Variation 6": 0.0,
            "Variation 7": 0.0,
            "Variation 8": 0.0,
            "Variation 9": 0.0,
            "Variation 10": 0.0
        }
    ],
    "trace": {
        "prompts": [
            " Please choose from the following two options: [yes, no]\n<image>"
        ],
        "responses": [
            [
                "No",
                "No",
                "No",
                "No",
                "No",
                "No",
                "No",
                "No",
                "No",
                "No",
                "No"
            ]
        ],
        "logprob_matrices": [
            [
                [
                    -25.70572078227997,
                    -25.70572078227997,
                    -25.70572078227997,
                    -25.70572078227997,
                    -25.70572078227997,
                    -25.70572078227997,
                    -25.70572078227997,
                    -25.70572078227997,
                    -25.70572078227997,
                    -25.70572078227997,
                    -25.70572078227997
                ],
                [
                    -21.99414360523224,
                    -21.99414360523224,
                    -21.99414360523224,
                    -21.99414360523224,
                    -21.99414360523224,
                    -21.99414360523224,
                    -21.99414360523224,
                    -21.99414360523224,
                    -21.99414360523224,
                    -21.99414360523224,
                    -21.99414360523224
                ],
                [
                    -25.70572078227997,
                    -25.70572078227997,
                    -25.70572078227997,
                    -25.70572078227997,
                    -25.70572078227997,
                    -25.70572078227997,
                    -25.70572078227997,
                    -25.70572078227997,
                    -25.70572078227997,
                    -25.70572078227997,
                    -25.70572078227997
                ],
                [
                    -26.813812255859375,
                    -26.813812255859375,
                    -26.813812255859375,
                    -26.813812255859375,
                    -26.813812255859375,
                    -26.813812255859375,
                    -26.813812255859375,
                    -26.813812255859375,
                    -26.813812255859375,
                    -26.813812255859375,
                    -26.813812255859375
                ],
                [
                    -25.70572078227997,
                    -25.70572078227997,
                    -25.70572078227997,
                    -25.70572078227997,
                    -25.70572078227997,
                    -25.70572078227997,
                    -25.70572078227997,
                    -25.70572078227997,
                    -25.70572078227997,
                    -25.70572078227997,
                    -25.70572078227997
                ],
                [
                    -25.70572078227997,
                    -25.70572078227997,
                    -25.70572078227997,
                    -25.70572078227997,
                    -25.70572078227997,
                    -25.70572078227997,
                    -25.70572078227997,
                    -25.70572078227997,
                    -25.70572078227997,
                    -25.70572078227997,
                    -25.70572078227997
                ],
                [
                    -21.99414360523224,
                    -21.99414360523224,
                    -21.99414360523224,
                    -21.99414360523224,
                    -21.99414360523224,
                    -21.99414360523224,
                    -21.99414360523224,
                    -21.99414360523224,
                    -21.99414360523224,
                    -21.99414360523224,
                    -21.99414360523224
                ],
                [
                    -25.70572078227997,
                    -25.70572078227997,
                    -25.70572078227997,
                    -25.70572078227997,
                    -25.70572078227997,
                    -25.70572078227997,
                    -25.70572078227997,
                    -25.70572078227997,
                    -25.70572078227997,
                    -25.70572078227997,
                    -25.70572078227997
                ],
                [
                    -25.70572078227997,
                    -25.70572078227997,
                    -25.70572078227997,
                    -25.70572078227997,
                    -25.70572078227997,
                    -25.70572078227997,
                    -25.70572078227997,
                    -25.70572078227997,
                    -25.70572078227997,
                    -25.70572078227997,
                    -25.70572078227997
                ],
                [
                    -21.99414360523224,
                    -21.99414360523224,
                    -21.99414360523224,
                    -21.99414360523224,
                    -21.99414360523224,
                    -21.99414360523224,
                    -21.99414360523224,
                    -21.99414360523224,
                    -21.99414360523224,
                    -21.99414360523224,
                    -21.99414360523224
                ],
                [
                    -25.70572078227997,
                    -25.70572078227997,
                    -25.70572078227997,
                    -25.70572078227997,
                    -25.70572078227997,
                    -25.70572078227997,
                    -25.70572078227997,
                    -25.70572078227997,
                    -25.70572078227997,
                    -25.70572078227997,
                    -25.70572078227997
                ]
            ]
        ],
        "prompt_sensitivities": [
            0.0
        ],
        "posix": 0.0
    }
}