{
    "file_name": "question_5_variants.json",
    "overall_posix": 0.6219897936058765,
    "detailed_scores": [
        {
            "Variation 1": 0.45166984796524046,
            "Variation 2": 0.0,
            "Variation 3": 0.45166984796524046,
            "Variation 4": 0.3150384545326233,
            "Variation 5": 0.45166984796524046,
            "Variation 6": 0.45166984796524046,
            "Variation 7": 0.7995873168110847,
            "Variation 8": 0.5602056384086609,
            "Variation 9": 0.0,
            "Variation 10": 0.45166984796524046
        }
    ],
    "trace": {
        "prompts": [
            "Is the cardiac silhouette enlarged? Please choose from the following two options: [yes, no]\n<image>"
        ],
        "responses": [
            [
                "Yes, the cardiac silhouette appears enlarged in the image.",
                "Yes, the cardiac silhouette appears to be enlarged in the image.",
                "Yes, the cardiac silhouette appears enlarged in the image.",
                "Yes, the cardiac silhouette appears to be enlarged in the image.",
                "Yes, the cardiac silhouette appears to be nlarged in the image.",
                "Yes, the cardiac silhouette appears to be enlarged in the image.",
                "Yes, the cardiac silhouette appears to be enlarged in the image.",
                "Yes, the caediac silhouette is enlarged.",
                "Yes, the cardiac silhouette appears to be enlarged in this image.",
                "Yes, the cardiac silhouette appears enlarged in the image.",
                "Yes, the cardiac silhouette appears to be enlarged in the image."
            ]
        ],
        "logprob_matrices": [
            [
                [
                    -180.73473954200745,
                    -189.76813650131226,
                    -180.73473954200745,
                    -189.76813650131226,
                    -187.0355086326599,
                    -189.76813650131226,
                    -189.76813650131226,
                    -167.9413424730301,
                    -191.93885231018066,
                    -180.73473954200745,
                    -189.76813650131226
                ],
                [
                    -184.16648387908936,
                    -193.044025182724,
                    -184.16648387908936,
                    -193.044025182724,
                    -189.8957130908966,
                    -193.044025182724,
                    -193.044025182724,
                    -162.56030750274658,
                    -194.80696821212769,
                    -184.16648387908936,
                    -193.044025182724
                ],
                [
                    -177.78455185890198,
                    -202.15360069274902,
                    -177.78455185890198,
                    -202.15360069274902,
                    -195.08219480514526,
                    -202.15360069274902,
                    -202.15360069274902,
                    -157.87988996505737,
                    -202.03210496902466,
                    -177.78455185890198,
                    -202.15360069274902
                ],
                [
                    -184.16648387908936,
                    -193.044025182724,
                    -184.16648387908936,
                    -193.044025182724,
                    -189.8957130908966,
                    -193.044025182724,
                    -193.044025182724,
                    -162.56030750274658,
                    -194.80696821212769,
                    -184.16648387908936,
                    -193.044025182724
                ],
                [
                    -180.73473954200745,
                    -189.76813650131226,
                    -180.73473954200745,
                    -189.76813650131226,
                    -187.0355086326599,
                    -189.76813650131226,
                    -189.76813650131226,
                    -167.9413424730301,
                    -191.93885231018066,
                    -180.73473954200745,
                    -189.76813650131226
                ],
                [
                    -176.4573302268982,
                    -198.29335069656372,
                    -176.4573302268982,
                    -198.29335069656372,
                    -196.71721696853638,
                    -198.29335069656372,
                    -198.29335069656372,
                    -166.3236939907074,
                    -200.34250926971436,
                    -176.4573302268982,
                    -198.29335069656372
                ],
                [
                    -177.78455185890198,
                    -202.15360069274902,
                    -177.78455185890198,
                    -202.15360069274902,
                    -195.08219480514526,
                    -202.15360069274902,
                    -202.15360069274902,
                    -157.87988996505737,
                    -202.03210496902466,
                    -177.78455185890198,
                    -202.15360069274902
                ],
                [
                    -176.4573302268982,
                    -198.29335069656372,
                    -176.4573302268982,
                    -198.29335069656372,
                    -196.71721696853638,
                    -198.29335069656372,
                    -198.29335069656372,
                    -166.3236939907074,
                    -200.34250926971436,
                    -176.4573302268982,
                    -198.29335069656372
                ],
                [
                    -176.4573302268982,
                    -198.29335069656372,
                    -176.4573302268982,
                    -198.29335069656372,
                    -196.71721696853638,
                    -198.29335069656372,
                    -198.29335069656372,
                    -166.3236939907074,
                    -200.34250926971436,
                    -176.4573302268982,
                    -198.29335069656372
                ],
                [
                    -176.4573302268982,
                    -198.29335069656372,
                    -176.4573302268982,
                    -198.29335069656372,
                    -196.71721696853638,
                    -198.29335069656372,
                    -198.29335069656372,
                    -166.3236939907074,
                    -200.34250926971436,
                    -176.4573302268982,
                    -198.29335069656372
                ],
                [
                    -184.16648387908936,
                    -193.044025182724,
                    -184.16648387908936,
                    -193.044025182724,
                    -189.8957130908966,
                    -193.044025182724,
                    -193.044025182724,
                    -162.56030750274658,
                    -194.80696821212769,
                    -184.16648387908936,
                    -193.044025182724
                ]
            ]
        ],
        "prompt_sensitivities": [
            0.6219897936058765
        ],
        "posix": 0.6219897936058765
    }
}