{
    "file_name": "question_394_variants.json",
    "overall_posix": 1.7519366804136047,
    "detailed_scores": [
        {
            "Variation 1": 0.0,
            "Variation 2": 0.0,
            "Variation 3": 0.0,
            "Variation 4": 13.03816793859005,
            "Variation 5": 0.0,
            "Variation 6": 0.0,
            "Variation 7": 0.0,
            "Variation 8": 0.0,
            "Variation 9": 0.0,
            "Variation 10": 0.0
        }
    ],
    "trace": {
        "prompts": [
            "Does the patient have any visible pulmonary nodules on the X-ray? Please choose from the following two options: [yes, no]\n<image>"
        ],
        "responses": [
            [
                "No, there are no visible pulmonary nodules on the X-ray.",
                "No, there are no visible pulmonary nodules on the X-ray.",
                "No, there are no visible pulmonary nodules on the X-ray.",
                "No, there are no visible pulmonary nodules on the X-ray.",
                "[yse, no]",
                "No, there are no visible pulmonary nodules on the X-ray.",
                "No, there are no visible pulmonary nodules on the X-ray.",
                "No, there are no visible pulmonary nodules on the X-ray.",
                "No, there are no visible pulmonary nodules on the X-ray.",
                "No, there are no visible pulmonary nodules on the X-ray.",
                "No, there are no visible pulmonary nodules on the X-ray."
            ]
        ],
        "logprob_matrices": [
            [
                [
                    -169.72087919712067,
                    -169.72087919712067,
                    -169.72087919712067,
                    -169.72087919712067,
                    -65.41553568840027,
                    -169.72087919712067,
                    -169.72087919712067,
                    -169.72087919712067,
                    -169.72087919712067,
                    -169.72087919712067,
                    -169.72087919712067
                ],
                [
                    -178.6425838470459,
                    -178.6425838470459,
                    -178.6425838470459,
                    -178.6425838470459,
                    -70.49075174331665,
                    -178.6425838470459,
                    -178.6425838470459,
                    -178.6425838470459,
                    -178.6425838470459,
                    -178.6425838470459,
                    -178.6425838470459
                ],
                [
                    -159.48734593391418,
                    -159.48734593391418,
                    -159.48734593391418,
                    -159.48734593391418,
                    -63.34943675994873,
                    -159.48734593391418,
                    -159.48734593391418,
                    -159.48734593391418,
                    -159.48734593391418,
                    -159.48734593391418,
                    -159.48734593391418
                ],
                [
                    -159.48734593391418,
                    -159.48734593391418,
                    -159.48734593391418,
                    -159.48734593391418,
                    -63.34943675994873,
                    -159.48734593391418,
                    -159.48734593391418,
                    -159.48734593391418,
                    -159.48734593391418,
                    -159.48734593391418,
                    -159.48734593391418
                ],
                [
                    -176.59636044502258,
                    -176.59636044502258,
                    -176.59636044502258,
                    -176.59636044502258,
                    -65.0716323852539,
                    -176.59636044502258,
                    -176.59636044502258,
                    -176.59636044502258,
                    -176.59636044502258,
                    -176.59636044502258,
                    -176.59636044502258
                ],
                [
                    -176.59636044502258,
                    -176.59636044502258,
                    -176.59636044502258,
                    -176.59636044502258,
                    -65.0716323852539,
                    -176.59636044502258,
                    -176.59636044502258,
                    -176.59636044502258,
                    -176.59636044502258,
                    -176.59636044502258,
                    -176.59636044502258
                ],
                [
                    -179.14466881752014,
                    -179.14466881752014,
                    -179.14466881752014,
                    -179.14466881752014,
                    -66.81093573570251,
                    -179.14466881752014,
                    -179.14466881752014,
                    -179.14466881752014,
                    -179.14466881752014,
                    -179.14466881752014,
                    -179.14466881752014
                ],
                [
                    -178.6425838470459,
                    -178.6425838470459,
                    -178.6425838470459,
                    -178.6425838470459,
                    -70.49075174331665,
                    -178.6425838470459,
                    -178.6425838470459,
                    -178.6425838470459,
                    -178.6425838470459,
                    -178.6425838470459,
                    -178.6425838470459
                ],
                [
                    -176.59636044502258,
                    -176.59636044502258,
                    -176.59636044502258,
                    -176.59636044502258,
                    -65.0716323852539,
                    -176.59636044502258,
                    -176.59636044502258,
                    -176.59636044502258,
                    -176.59636044502258,
                    -176.59636044502258,
                    -176.59636044502258
                ],
                [
                    -179.14466881752014,
                    -179.14466881752014,
                    -179.14466881752014,
                    -179.14466881752014,
                    -66.81093573570251,
                    -179.14466881752014,
                    -179.14466881752014,
                    -179.14466881752014,
                    -179.14466881752014,
                    -179.14466881752014,
                    -179.14466881752014
                ],
                [
                    -176.59636044502258,
                    -176.59636044502258,
                    -176.59636044502258,
                    -176.59636044502258,
                    -65.0716323852539,
                    -176.59636044502258,
                    -176.59636044502258,
                    -176.59636044502258,
                    -176.59636044502258,
                    -176.59636044502258,
                    -176.59636044502258
                ]
            ]
        ],
        "prompt_sensitivities": [
            1.7519366804136047
        ],
        "posix": 1.7519366804136047
    }
}